n_traders,run_id,mean_return,std_return,max_abs_return,realized_volatility,final_price,return_autocorr_lag1,curve_roughness
20,0,-0.00020340505139649422,0.007842399599106245,0.032182215753429055,0.17524496943429116,90.32982197131606,-0.033090636646864346,0.0254982564621704
20,1,6.002393188556354e-05,0.00785327382590604,0.02876446910745223,0.17543398307837993,103.04668643872823,-0.05524228189975321,0.024867459339439103
20,2,-0.000762278533143462,0.007697378198250627,0.023210764251110128,0.17278917851928924,68.30827524022008,-0.023070095325703494,0.024774849600608023
20,3,4.8724592582992445e-05,0.0077022468691210055,0.025003618711363806,0.17205861167802808,102.46614817057866,-0.033059136152891834,0.02515574054990201
20,4,9.820557614991898e-05,0.007704420363036134,0.02262027744447792,0.17211772320027366,105.03283064163472,0.09135233749966508,0.023488683969673876
20,5,-0.00012337068646928274,0.007170027505931602,0.02375809391764161,0.16019003741372934,94.01786738333192,-0.07179559744792872,0.023632826657130162
20,6,-9.325549165026637e-05,0.00798835340099936,0.029522176124365807,0.17845848125805402,95.44426267209738,0.0017599891116817949,0.02459326838936307
20,7,0.00023761489518413014,0.007662530205765474,0.025595258777214802,0.17125040329058075,112.6153053927909,0.0043761823850720525,0.025641025641025647
20,8,-0.0005267698192179235,0.007513928460362356,0.023377170675560777,0.1682612390125358,76.84460581074025,-0.01843117859773463,0.024446164492410636
20,9,-0.0007201135383269222,0.007814835175951567,0.024690498195254484,0.1753112504058383,69.76367206938264,-0.07262513552257048,0.024153484715962063
20,10,-8.0810264510907e-05,0.007740693345800845,0.02345480020285251,0.17292343263078655,96.04002711973925,0.027051016921806403,0.02506268778638447
20,11,-0.0002928267999108787,0.0075703939361609915,0.025398332819123404,0.16923650633759818,86.3800534260549,0.0038813375302983624,0.024624933431088514
20,12,-2.9385405892639937e-05,0.007915550807227013,0.02651434708819078,0.17682123203211217,98.54147081172016,0.026034896630185617,0.025159258407718217
20,13,0.00035292675814441844,0.007112362381930874,0.019755911641579083,0.1590740150860849,119.29907375319792,0.05016385590447399,0.024574364317286414
20,14,6.145343505079915e-05,0.008276758386627937,0.02491818266954482,0.1848938836961815,103.12036554893747,-0.011464320273797646,0.02564102564102564
20,15,0.00028226685367626557,0.007684521462019463,0.02618994864934443,0.17177520329884866,115.1578289184575,-0.020416785051548824,0.024866082104138966
20,16,-0.0006428841825565516,0.007665619501562542,0.025741476335277014,0.17183931297906174,72.51026185774391,0.042637052220707065,0.024633571546825626
20,17,-3.1824916303145656e-05,0.007402746046869672,0.02894406182946785,0.16536635171895364,98.42134761510482,0.039093241214888365,0.02495116320256538
20,18,0.0003441478536153149,0.00782953601874886,0.028899319668793666,0.17506779935998512,118.77656376901541,0.0600215969760018,0.024329974379224156
20,19,-0.00014721357721303186,0.0074421812672043714,0.02500262043087975,0.166278323492895,92.90369299349032,-0.010421709693144545,0.024398508785349875
20,20,-1.0262144649416883e-05,0.007703362475908656,0.027888208107903267,0.17208023587847018,99.48820691406817,-0.027622326936661678,0.025372436529858343
20,21,0.0008326261397041535,0.0073210652814255355,0.02234023287542275,0.16459657825985205,151.63605213311132,0.07510661025618984,0.025210806844689154
20,22,0.0003590154237402494,0.00759442230137027,0.02549030875999314,0.16983637959202147,119.6628132272642,-0.025719214696005275,0.02507692370198203
20,23,-0.0005585991190616309,0.008383883788621635,0.026614968795655614,0.1876978440768125,75.63133084176077,-0.011443964290942691,0.025641025641025647
20,24,0.00044209521713807655,0.007368759963602636,0.028012598514366438,0.1649022048600429,124.73828152613218,-0.04460075204897929,0.023939730550015918
20,25,-0.00010211337521953645,0.007357798542583752,0.021997836110697833,0.16437662871567205,95.02248030328057,0.022270736308299732,0.025451838035423228
20,26,-0.00021861019070590793,0.007430464312133994,0.021828617936874295,0.16605596452640536,89.64568709460175,-0.02836258010995876,0.024796485970410134
20,27,-4.985000989506361e-05,0.007564854468810079,0.025006777250721868,0.1689897247046308,97.53830581891243,0.008289609286644647,0.025641025641025647
20,28,-0.00014530219638334607,0.007472167892305683,0.024939306883663193,0.16694720595603896,92.99252260242955,-0.0235478820171218,0.02564102564102564
20,29,-0.0003073856761083693,0.007928085328638342,0.026908377252313542,0.17723334034273966,85.75353827988134,-0.038470938500379866,0.025476689257029547
20,30,0.0006071928975568941,0.008266574717542994,0.026258999775522263,0.1851597529978412,135.4722245946926,0.05553202960447819,0.025103202901771468
20,31,-0.00017497633167102045,0.007495566671558035,0.024171568017299805,0.1674839834207455,91.62297143998714,0.029364926455378887,0.025641025641025647
20,32,9.255623454091478e-06,0.007983209460847216,0.027086333002523055,0.17833151109062936,100.46385365855635,-0.053756425811978065,0.025313909224118348
20,33,0.00026631127527623554,0.007957026697961013,0.021667818034218023,0.1778462355795864,114.24277892578965,-0.005049734825504913,0.025620442260413732
20,34,2.7953961202708656e-05,0.007137873012248702,0.02309467102092455,0.15944923032215821,101.40751152704806,-0.11640889100107113,0.024488191696839655
20,35,-0.0003338687586606497,0.007909120273680882,0.02757516005732885,0.17683402314678087,84.62551413443013,0.009184329640831568,0.02564102564102564
20,36,-0.0003179348390961074,0.0071137465897727695,0.02591068151143805,0.15906800797823514,85.30241504287426,0.0678437493305238,0.025562849888269172
20,37,0.00011550765321040935,0.00793163272576221,0.029839472339562967,0.17719807859982495,105.94541541797186,-0.06204871649326288,0.02496646689033019
20,38,0.00018807773499292325,0.007466983276665612,0.024995847591292808,0.16685278063295197,109.86024450140093,-0.08770948968699882,0.025343196687093922
20,39,-8.670800602991235e-05,0.0074158201610528,0.03229376833014275,0.165668219888524,95.75723465616387,0.030696979615983767,0.02479999902490231
20,40,3.580900563173017e-05,0.007716694371670675,0.024679718575724152,0.17237975456329938,101.8065749335087,0.028404839785477747,0.025641025641025644
20,41,0.00040049359417753294,0.007539131054962519,0.022592765024069372,0.16864936286382717,122.17042340052458,0.03430640130688138,0.025452737504973337
20,42,-0.00024892285459818275,0.007577353344342245,0.02608523313596134,0.16935674436695144,88.29723193367144,0.0036654133872493404,0.02517595060627314
20,43,-2.3445002570323227e-05,0.007675181201275677,0.022711994016005654,0.17145136238539524,98.83459395394337,0.09189754441069783,0.024774759166232986
20,44,-0.00011495723769656507,0.007730340890323422,0.025343183722002394,0.17270186609666952,94.41420770156063,0.02761010106515488,0.024747443115970245
20,45,-5.612757914740207e-05,0.0076700071208946246,0.02847199207395157,0.1713395773329181,97.2326340540193,0.015503623941153415,0.02564102564102564
20,46,3.212203916707246e-05,0.0077667708479671775,0.027267050352591582,0.17349800542286267,101.61906910470583,0.06594306000026792,0.023377574288463845
20,47,6.243994533437913e-05,0.007799529709751239,0.026275629724038296,0.1742338903782485,103.17124274615574,-0.06449785509850435,0.025026973002714593
20,48,-0.00028575028487872167,0.0070029283931163375,0.023544039084597124,0.1565640081440575,86.68622964505792,-0.027732000044601576,0.023793020726229738
20,49,-0.00028624164237024094,0.007454007728636631,0.02264727955083945,0.16663289146198643,86.66493529677564,0.05024076227745031,0.02466921944964103
20,50,0.00012442097513903148,0.0074208444001559095,0.02359610972302395,0.16579245207058915,106.41863191471208,0.000677187943195764,0.02434881002745335
20,51,-0.00017529894093563315,0.007658311325166184,0.026950524803713627,0.17111861764161646,91.60819342218154,0.016345036695563777,0.024621967740275138
20,52,-0.00011633779881213258,0.007720301622023685,0.023574882673603526,0.17247809354260607,94.34905789801397,-0.016129416684121087,0.025641025641025644
20,53,-0.000308816073629,0.007489312773683992,0.024276873185466563,0.16744102480836903,85.69222938224806,-0.0763923435722517,0.02503201242159736
20,54,0.000638924719464983,0.007449229247914469,0.030639058830699284,0.16701535730637437,137.6387563994932,0.03667313363237197,0.023797421698751188
20,55,-9.98759989846274e-05,0.007531028985837522,0.02859521804471843,0.1682452674007906,95.12884030362905,0.022674371565899396,0.025641025641025644
20,56,0.00021133263414655623,0.007934599946753893,0.024466792288548866,0.1773085193168283,111.14509424194131,-0.014734931322002924,0.02469228970306011
20,57,0.0004158448061113234,0.007470108391549021,0.030285691461205744,0.16712845545492527,123.11176348757299,-0.019778547535091225,0.025581316090952946
20,58,-0.00019245336513313126,0.008015483052863637,0.0259621717020444,0.17910403531377195,90.82581064528534,-0.02818859399442508,0.0248121387101114
20,59,-0.00010379252254881699,0.007983363496779071,0.028571594926711796,0.17834993331089052,94.94273541180874,0.07740110445242979,0.025641025641025654
20,60,0.0002681961066862772,0.007296721689350965,0.023873114931396877,0.1631067016843005,114.35049386298653,0.026870489388139993,0.02552352059474919
20,61,0.00038447191542582894,0.007553780709802775,0.02719058787764972,0.1689575426838295,121.19564537020527,-0.04953387502269714,0.0250424838461814
20,62,0.00021999383011713113,0.0075177059640839684,0.024174334538002995,0.16800486368225837,111.62746268117117,-0.038663578251402216,0.025245159178771584
20,63,-3.62473377454684e-05,0.007739610721952425,0.02286264224494694,0.172891707216685,98.20395771208571,0.003660423522369369,0.025360799997529014
20,64,-0.00045677925179909274,0.0078003253770247425,0.023620925009288918,0.17454517054383858,79.58141296258695,0.06889162233988162,0.025641025641025647
20,65,0.000672773346976081,0.008052286582471561,0.03218663231513563,0.1805024439505466,139.9880216738148,-0.0010253417927128942,0.025167637256236046
20,66,0.00027023918411500246,0.007377194846887839,0.0230911539811407,0.16490480135211608,114.46736700452996,0.00663848909995878,0.025641025641025647
20,67,0.0004518237602163353,0.00815144793781406,0.028307829842547427,0.18236961916150304,125.34652051930962,-0.003778917440438811,0.023823487686582254
20,68,0.00044933871158559847,0.007707352961786015,0.02345590380895679,0.17246215291466988,125.1908711388127,-0.028075267073351253,0.02434345322451633
20,69,0.0002643061019708064,0.007646827716751453,0.02338626836344826,0.17091940190767968,114.12829803856383,0.007590741277019599,0.025641025641025644
20,70,0.0004974704361642317,0.007463252125865001,0.020846477229176763,0.16708711629640605,128.24024311363544,0.05742719871679474,0.025546897128597805
20,71,0.00032342704090614836,0.00749653283209162,0.022235378540411688,0.16761595023208806,117.55234296589487,-0.00874230015053897,0.02481512022178297
20,72,-6.398622152412337e-05,0.007352804723525314,0.024397098847813048,0.16425544749602145,96.85132543744702,-0.026682424483851618,0.025324959646457472
20,73,-0.0003434576867123411,0.00761381055563421,0.030346649721251673,0.17025295024946638,84.22075123717175,0.039735946382277135,0.02505168829609697
20,74,5.98055592382245e-05,0.007540092562046817,0.03000672288743811,0.16843821798728023,103.03543576409076,-0.014481067239164694,0.025641025641025647
20,75,-0.00032448880318618835,0.00789174929896475,0.02593967549236975,0.17643758183435357,85.02333807522778,0.09182393216552232,0.024253757547168617
20,76,-0.00020187350245914358,0.007590557493760178,0.023457962022917833,0.16962028600810364,90.39902073468319,-0.018170720001830027,0.02532985275860144
20,77,0.000942432912162758,0.0077657451759216975,0.02690198922284992,0.17474891177773325,160.19417001720564,-0.017877059783063417,0.024629985077037456
20,78,0.00041065728092871365,0.007682179228989287,0.027588419656143337,0.17185238629894198,122.79285456669488,-0.054455709072693245,0.025299504720530983
20,79,-0.00023403068022304118,0.0078609585458962,0.026679205745473666,0.17567847090788266,88.95715469320095,0.08204905126585801,0.024489570745440722
20,80,-0.0006124547464167573,0.007705869587089764,0.025144142938509972,0.17268000182050164,73.62192039014546,-0.031682791812612895,0.025220689190239228
20,81,-0.0003266606593166088,0.007886227486161171,0.025770521356975884,0.17631634351628062,84.93105895952311,-0.008547597396195435,0.0249835014626539
20,82,9.908957680637798e-05,0.007869261909517339,0.027923240532722104,0.17579995901423154,105.07926544859723,-0.01598016698943446,0.02354988263338164
20,83,-7.53773343256583e-05,0.007071530490042995,0.027397540743090865,0.1579750172134736,96.30127117042962,-0.10009712102646755,0.02564102564102564
20,84,0.0002500534071612233,0.008100202946742878,0.024149195343619922,0.18103119608136342,113.31787125919055,-0.00983257671231218,0.02564102564102564
20,85,-0.0006022248000778721,0.0078055551226907955,0.023448567596513037,0.17488212044352422,73.9994592651046,-0.12026597192991366,0.02506741145180974
20,86,0.0001273773788583483,0.008058386586123307,0.024956172585796743,0.180033252733091,106.57605645827178,-0.09380128049893008,0.025432712757220498
20,87,0.0005976046771755837,0.007595238220379411,0.028561653464178605,0.17019018727183674,134.82431014977823,-0.013213337511367516,0.025258823046726935
20,88,-0.0002752285204079925,0.007779714375486126,0.022386662429738635,0.17389459248502118,87.14347739934337,-0.03468243490905703,0.02496703508692435
20,89,9.663132529103002e-05,0.007510217312592228,0.02633732241269815,0.16777946085147433,104.95018915858347,0.12072909375382286,0.024370454350596343
20,90,0.00042814344695086426,0.007623191201021378,0.025360244019584144,0.17055809099881786,123.87114963009759,-0.045484937347759866,0.025641025641025647
20,91,-1.644399514445638e-05,0.00746380192424711,0.027023702647127834,0.1667291109720231,99.1811710603701,-0.0008864541846399061,0.02564102564102564
20,92,0.0001582228365078766,0.0076906502300423734,0.03086098287011918,0.17183253944599916,108.23249061037913,-0.08734738890343305,0.025076123067376756
20,93,-0.00039556535618763533,0.007734889484279549,0.030595905799568612,0.17301059252884798,82.05481568520395,0.016520611225909244,0.02427000115615615
20,94,-8.685875372303542e-05,0.007346196297787974,0.0218939559708895,0.16411308797387367,95.7500173370537,-0.06623371346329333,0.025641025641025644
20,95,0.0004896406013459468,0.007658847665414672,0.02539982721171352,0.17143567246257432,127.7391746141851,-0.023318628820461967,0.02519990267927673
20,96,-1.6428040115071596e-05,0.007955925188104217,0.023525233360035536,0.17772228614894606,99.18196228277544,0.08051696306977908,0.025641025641025647
20,97,0.0001816942611648198,0.007904289522788379,0.025781580426168738,0.17661518915269186,109.51015849205783,0.06802468051776352,0.024895740898233838
20,98,-0.0007646228033462155,0.007808533893873722,0.02183965347268657,0.17526537478924378,68.22825561916144,-0.08556818672062311,0.02442726333517825
20,99,-0.00035390414105517995,0.00791319487167567,0.02501235190606632,0.1769444318310354,83.78199398283658,0.07371270844634972,0.025418889079001875
50,0,-0.000403316908796441,0.00488695006460097,0.015913324596375844,0.10953807762818539,81.7374050784988,-0.03131980695378869,0.010101010101010104
50,1,-0.000187372888915732,0.004664516943155111,0.015142837967029088,0.10428161744971107,91.05682311986251,-0.0699556104942771,0.009927158943248346
50,2,0.00030044476468732916,0.0047516517806657065,0.017910453262839354,0.10635625348808174,116.20926428808825,0.008774906045800768,0.010101010101010107
50,3,0.00026985899798539137,0.005023597460292004,0.015329316579027363,0.11238078630032768,114.44560961994523,-0.04166711189403786,0.009964170839829983
50,4,0.0004673352674229765,0.004899734723961938,0.013015093128390554,0.10994950617589258,126.32245691659018,0.018958068015484334,0.00992831270245727
50,5,-9.278032360802513e-05,0.004800215682401597,0.013583073440604387,0.10724876373373238,95.4669413977606,-0.020654045905633564,0.010101010101010107
50,6,9.687678600631244e-06,0.004817890673305788,0.014919581799866855,0.10762374331429779,100.48555896545152,-0.03170205023064556,0.010034958347262472
50,7,0.00011508095698147258,0.004835483766639912,0.013358745921855153,0.10804717274779338,105.92281457436528,0.08303688367304587,0.010101010101010104
50,8,-0.00020397247815200003,0.005004425655194972,0.015564609281520703,0.11188340439479919,90.30419782754082,-0.042232704814864394,0.010059543424895147
50,9,-0.00020135201059645703,0.004674992279979812,0.013257526874035364,0.10452842757931052,90.4225949848485,-0.0070202858809354255,0.009845048815623175
50,10,0.0004843513302760041,0.004741871049571199,0.014077484210547553,0.10647761872759945,127.40179737035372,0.055332062325610075,0.009961301839933084
50,11,-0.0003410584194119579,0.004773855146522807,0.014884084524317664,0.1069121939245335,84.32184591056242,0.03843896534113748,0.010075642623063605
50,12,2.0417827675824897e-06,0.004778736142413552,0.01936486938259563,0.10674888910299911,100.10214126707777,-0.07731223503942108,0.010101010101010102
50,13,0.00025250972121346746,0.004799267551877249,0.015221509293257718,0.10735609963048244,113.45712889658127,-0.03936939024412468,0.010101010101010107
50,14,-4.91069575860017e-05,0.004768152056166334,0.01459121098433247,0.10651810873261211,97.57455058311481,0.07139778579993593,0.010065610323978194
50,15,5.27488381262664e-06,0.0046600198390243505,0.013957795281873686,0.10409702482467875,100.2640923015954,-0.06449179955074683,0.009968300476290454
50,16,0.000304249469894442,0.004763065595270551,0.015447700495172079,0.10661610576515013,116.43054569546099,-0.002697810262772414,0.010101010101010104
50,17,-0.00021638133891071655,0.00467874037020658,0.01750406814334493,0.10462707850438623,89.74564625810267,-0.013834365104123293,0.010050424072080798
50,18,-6.635930541484925e-06,0.004967941212212221,0.01806757233045353,0.11097549964698242,99.66875330932186,-0.0003414906218232388,0.009937342131211474
50,19,7.342296005544036e-05,0.004882504675194786,0.014465929692393686,0.10907924901317309,103.73936688631385,0.039930311445516155,0.010031703675515292
50,20,0.00026302220065690387,0.004686947063821599,0.01488360619776774,0.10486352681353554,114.05505681380266,-0.04018048798767415,0.010016847076285923
50,21,-0.00023402116318284883,0.004601526058255597,0.015427036793925097,0.10292341785398779,88.95757799861636,0.03700850212115504,0.010028580501758491
50,22,-8.133691290911394e-05,0.004699980959308823,0.016123369687791822,0.10500537383684547,96.01474078591394,-0.0027720298496705193,0.010101010101010104
50,23,-9.351516367125079e-05,0.004716817352491262,0.015554393017023216,0.10538646566501224,95.43187137424343,0.022846092833113934,0.010101010101010104
50,24,-8.500813630714177e-05,0.00484968442273754,0.017920732414100193,0.10835041879333294,95.8386566649283,0.029450059634914382,0.0100855556271359
50,25,0.00017520301143992078,0.004969696199902712,0.013549978951574282,0.11108370864781753,109.1553057698779,0.00155239218289584,0.010101010101010107
50,26,-5.191122365045864e-05,0.0049342868194236595,0.013714755227520747,0.11022973015172964,97.43783395248775,0.017442323087367338,0.010101010101010107
50,27,4.2516345643777594e-05,0.004864719111895445,0.0155351121402445,0.1086737518750789,102.14857374531664,0.01728076265054784,0.009912802129390486
50,28,-1.0336866701278424e-05,0.004808658557408696,0.014007674681828952,0.10741754414040008,99.48449000202415,0.03971832282667469,0.010048613968820022
50,29,-0.00043289350124244306,0.004899581049644427,0.01636289125257928,0.10987556474605409,80.53754195216459,0.027320095685873454,0.010003318134292193
50,30,0.00044378774231547527,0.004796638290157056,0.01664966567633286,0.10760732077571923,124.84388754607568,-0.02925215203549303,0.009742695984926249
50,31,-7.085359152785031e-05,0.004811499932175224,0.01573134993835268,0.10749244337524366,96.51933878885202,0.011645693586810509,0.010095204087548451
50,32,-0.00017101368798715555,0.004883351252256053,0.013590232206859731,0.1091528077867993,91.8046859925845,0.01079382449497493,0.010024160412115762
50,33,-0.0005736911444541092,0.005054207940379532,0.014055971337390005,0.11362889024806012,75.06276376414608,0.0792914988294886,0.009961422952065035
50,34,-0.00020698100149513365,0.004579076922706785,0.014016583662209037,0.10239348296673385,90.16845880306907,-0.0029639885926175925,0.00999591324094661
50,35,1.6044258528154387e-05,0.004717487540305617,0.013706408465242959,0.10538129989183229,100.80543927593129,-0.026699040551995446,0.010101010101010104
50,36,-1.5947422208595795e-05,0.004877304293104786,0.014360157469868184,0.10895130860498739,99.2057994603406,0.014995242820309422,0.009932761487621414
50,37,-0.0002953199986451551,0.004671903417139601,0.014927091131894166,0.10457112908829638,86.27243919597234,0.02253046440373423,0.009904400773845187
50,38,0.00015393376710268569,0.004753429331434533,0.01621065244249209,0.10623934260145507,108.00063098268643,0.013633445271761259,0.009968871068810439
50,39,6.392188706765367e-05,0.005030769732129887,0.020316495696785175,0.11238797270430026,103.24771796075947,0.011541167296030184,0.010101010101010107
50,40,0.00019515336622579404,0.004878941751319041,0.016492179860327916,0.10907462881873088,110.24959811456971,0.013744062702451617,0.010091875949522537
50,41,-3.565720898001068e-05,0.004823917030903575,0.013980001560687683,0.10776109364365168,98.2329384776351,0.06252476389793575,0.009937247951429258
50,42,0.0004544062402571285,0.0046927824749783634,0.014805958233869987,0.10532010248270209,125.50847750318869,0.056798872499583944,0.009921067760657192
50,43,-0.00033768033051652504,0.005130742154505235,0.016211051477069027,0.11486055465546632,84.46438960364726,0.02692202298040121,0.010062863721496593
50,44,0.00030135684083191095,0.004634531488093555,0.013335207759089585,0.10374666330879899,116.26227222285598,-0.07871323000528528,0.009953299730769772
50,45,0.0002766297651395888,0.004890120714828648,0.01583265984854343,0.10941201504255883,114.8337084682965,-0.027033826903239976,0.00989028357658659
50,46,1.455722151152905e-05,0.0048834328686282935,0.01619075968678274,0.10908811269320894,100.73051642280666,0.07734416930310971,0.009962821421650569
50,47,0.0002384635633022931,0.004675532667903815,0.015028449371155439,0.10457951374002779,112.66310204259894,0.014122239375816711,0.009932929570589317
50,48,0.0002452376176852766,0.004680932086082138,0.013129572327444272,0.10470779444065326,113.04534199583281,-0.06518933698265672,0.010101010101010102
50,49,-0.0001101662849138254,0.004614739077205982,0.014508602653457103,0.10311489157130081,94.64064581241304,-0.08283422541227758,0.00996321074545899
50,50,-0.0003671166430730164,0.0049445988367858755,0.016692509446596837,0.11075859824648365,83.23033331131404,-0.07426308476191956,0.009988531316825477
50,51,-0.00014190987239445717,0.004917836749060811,0.015863327690230022,0.10990197101443448,93.15038682883838,0.06547720746892366,0.009986426213735099
50,52,-8.457102973257769e-05,0.0047472237121383536,0.015008305582544068,0.10606180501531287,95.85960480745044,0.039473979567131126,0.009996270215066307
50,53,0.0001420303180052045,0.00466320704891534,0.01872214966468988,0.1042165572073945,107.35975004123068,-0.0039916872580945395,0.010101010101010104
50,54,-0.0004244984584673084,0.0045301344274062474,0.013231216241284649,0.10163973788767784,80.87631050372916,-0.08707494538907125,0.009928047921585036
50,55,-8.374312536370888e-05,0.00501686579926845,0.017704344053921517,0.11208393612382508,95.89929431447187,0.014711751074175548,0.009964549272037123
50,56,-7.985148310725165e-06,0.004861377249530485,0.01489186938386311,0.10859508862587115,99.601538557204,-0.008579243851293885,0.010101010101010104
50,57,3.598066991512283e-05,0.004876377167372149,0.018456822669935313,0.10893298577226053,101.81531358489728,-0.05895779038777933,0.009984546847578504
50,58,-8.91031271736864e-06,0.0049158251187731246,0.019293303723394217,0.10981139585406607,99.55547531288389,0.005217796352406622,0.010060889930003444
50,59,-5.32649345295777e-05,0.004939473284138333,0.013371475684361478,0.11034590315303358,97.37190493928077,0.034014276673227414,0.010101010101010104
50,60,2.7771539480964335e-05,0.005082705492747537,0.014673558975407452,0.1135407384909908,101.39826248243584,-0.042892465719721995,0.010072385472101205
50,61,4.0750301860652984e-05,0.004909696577770328,0.01719406694258474,0.10967809907155544,102.05841413082263,-0.006395435239011286,0.009962217075406395
50,62,9.964693437042271e-05,0.004818938822239963,0.015638837810702633,0.10766999707735651,105.10855289101312,-0.08239089606775957,0.009941029390835524
50,63,-6.522369845251496e-05,0.00504908969613627,0.015332899514436171,0.11279754934605188,96.7914183324168,-0.010726662488733205,0.009959151349291451
50,64,2.0152475211633102e-05,0.004891592420588573,0.017102726807514124,0.1092708267988268,101.0127173826029,0.10603567824964368,0.010011135204433573
50,65,-1.7836659512955321e-06,0.00484087086601065,0.01721775752187682,0.10813687128212131,99.91085645891852,-0.016456369305778634,0.009972925105713796
50,66,-0.00039768844845541375,0.005134711467764336,0.016916810248948977,0.11504496389566793,81.96775692946456,0.0029266190254708733,0.010101010101010107
50,67,-0.00036700136050223976,0.004937780672857821,0.015273653541028054,0.11060652018735657,83.23513095297918,0.044140844067573015,0.010101010101010107
50,68,-8.60918163333242e-05,0.0045244504761853,0.01682603715746822,0.10108689976468278,95.78674151207004,0.001978579710718072,0.00991644801382029
50,69,-4.768746183216343e-05,0.004660691380742042,0.01602135383862091,0.10411741965743798,97.64382849524986,-0.025269590750833956,0.009923099749290436
50,70,0.00019146761898859843,0.004934094396018113,0.016943897382951434,0.11030244055078944,110.04660913770742,-0.026772160082310217,0.010031903716887903
50,71,-0.00024779083395111813,0.004758531081408304,0.013670546446275189,0.10644184119511842,88.34722322494409,0.01421865421907932,0.010101010101010102
50,72,2.837761891109203e-05,0.004742769318484207,0.014477428281188587,0.10594734158060197,101.42899483933357,0.05455280889597518,0.009818802941049642
50,73,0.00027438509317555135,0.004876134082300103,0.016655784063991597,0.10909724423822191,114.70489876273871,0.024175239261625264,0.01003110527425657
50,74,0.0003371916720402748,0.004518330036379785,0.014785530505448286,0.10121307704222256,118.36416569150964,-0.04310133684437258,0.010101010101010105
50,75,-6.340107612265733e-05,0.004928003322447138,0.014749683920705081,0.11009238395323138,96.87966563688201,0.032612089408692514,0.009937175038609624
50,76,2.2789134332967365e-05,0.004718856058820569,0.01499378699970677,0.10541249129847823,101.14597325220788,0.02368717274654757,0.009821737601344943
50,77,0.00018619502790798493,0.00500865599293346,0.015235737242170977,0.11196233780663663,109.75687583192794,0.001530384437203105,0.010014732253059506
50,78,-0.00028576197807895555,0.004956609869189822,0.01505992368036324,0.11090650418409835,86.6857228268191,0.0008295216154009717,0.009841703937212707
50,79,-6.18913156010592e-07,0.00455869777153765,0.016728917726395842,0.10183359540085823,99.9690591298743,0.0025214317343329492,0.009980672217951413
50,80,-9.494903040676839e-05,0.004592558306179959,0.013376930883011617,0.1026119484525228,95.36347760112605,0.04221620526074796,0.009935180222864817
50,81,0.00023588528191578994,0.00506034141992499,0.014214867495339512,0.1131624563224494,112.5179570294005,0.025053866618531727,0.010101010101010104
50,82,-0.00041872217599063966,0.004931079250493776,0.017457972105334285,0.11054917401357484,81.11023034546922,-0.029309171759479686,0.01005904328173539
50,83,-0.00021972113050679808,0.004870665149685468,0.015308693271501639,0.10891329032205167,89.59590544110107,-0.0010855412248989634,0.00981357750862918
50,84,4.68094500171965e-05,0.004743519005595557,0.01371624333886956,0.10596735755869419,102.36807649242652,-0.015418675352135773,0.010058137867182956
50,85,-0.0003812036500784135,0.004822869493217593,0.013003318715659518,0.10807142599027925,82.64615989596777,0.06703298980762716,0.010101010101010107
50,86,-0.00032909265946897293,0.004638554087162458,0.01719521964392623,0.10387842324084641,84.82784555183196,-0.053341351766411284,0.010101010101010104
50,87,8.77720883255897e-05,0.004974328795614092,0.01920246235621459,0.11113541967444679,104.48632798341058,-0.051166817004861115,0.009947033670283857
50,88,-0.00011647399972744133,0.004831686184704625,0.017225093142057446,0.10796311221269769,94.34263290276692,0.013202187930003221,0.00998196040487926
50,89,-0.00016052478988197195,0.0046838322446133875,0.014383212733618755,0.10469043923600516,92.28741571034139,0.050936591582501065,0.009884084620369155
50,90,3.6755188100084265e-05,0.005012090586890268,0.018259081376099218,0.11196463926379595,101.85475012642354,-0.044722816818933725,0.009894563567607251
50,91,0.00017157524815600666,0.004635935558001176,0.014816595862271242,0.10362999750729418,108.95749042566749,-0.05108670877218449,0.010101010101010107
50,92,-4.8933911171092245e-05,0.005023602355162524,0.016326548260182427,0.11222411057613994,97.58299341144227,-0.03622450428624691,0.00992818158869379
50,93,5.413260043259882e-05,0.004682817672897017,0.01476062690542701,0.10461322605987983,102.74359197290921,0.03357037639802999,0.009835633375346892
50,94,0.00022351179274055256,0.004670206410512706,0.014322154565686418,0.10444415680748848,111.82398609173379,-0.05061427876803905,0.010101010101010107
50,95,-3.471131000024386e-05,0.004585055972982951,0.013640411350947623,0.10242533298427152,98.27940868394182,0.01650301147097458,0.010101010101010107
50,96,-4.644775630567821e-05,0.00491662089730648,0.016499598579741814,0.10983390214273767,97.70437205426387,-0.03150681917507774,0.009928792862580856
50,97,0.0005309558077036521,0.0049864851794722154,0.017054391927150192,0.11202057499839059,130.40540393326614,-0.004002487071050222,0.009789187375849412
50,98,-0.00019637990983648734,0.004588167336020993,0.012557547913796263,0.10258592011896833,90.64766976917448,0.024732837444042335,0.010101010101010104
50,99,0.00010661178846349629,0.005033744425527061,0.019019239966675094,0.11247060026753902,105.47522384027795,0.019017951540129484,0.009847980425712083
100,0,-6.132281974496223e-06,0.003324704098554591,0.010149818644615394,0.07426839042668833,99.69385548224648,0.03790438350995399,0.005025125628140706
100,1,0.00022938473554127016,0.003484776108142415,0.010404347373067502,0.07801280199983773,112.1528366225529,-0.031001841995930035,0.005025125628140707
100,2,-9.932767298754364e-05,0.00342039141644576,0.009215539213244028,0.07643803135034798,95.15492468725748,0.03579291062508872,0.005025125628140705
100,3,-9.582069351918677e-05,0.0032905085301359626,0.01070971315880076,0.07353561415882183,95.32192424406756,-0.0277119052350492,0.0049898436663384695
100,4,-0.00015112963318085625,0.003459574823941314,0.012657806051229237,0.07735489904508007,92.72196293712904,-0.01276644032255045,0.0050132260424498795
100,5,0.00037336705545327754,0.003382195749210215,0.009009212972357794,0.07601240868404824,120.52457978104498,0.04433239964761332,0.005007230172656309
100,6,-0.00022587573560857877,0.003208624952955162,0.01257347471719683,0.07185298667587096,89.32061552516288,0.04793146035658588,0.005025125628140706
100,7,-0.0001520652655259589,0.003315849763933758,0.012517754391601521,0.07414847868515267,92.67859624792655,0.06363662359388177,0.00502512562814071
100,8,0.00017765526571443858,0.0032795867755214315,0.010599614374517508,0.07336804288235708,109.28922613737875,-0.02229424058563415,0.0049679849525757274
100,9,0.0001363385829172401,0.003327878066744879,0.011949141354065773,0.07440165015461442,107.05465275220887,-0.04777875406155664,0.00499590040604799
100,10,-1.0741372768224623e-05,0.0033116968956744155,0.017468294141004925,0.07397809484317255,99.46437099677125,0.042610239947002894,0.005025125628140706
100,11,4.1754508720183384e-05,0.003349786344360479,0.011293377014224504,0.07483438332329824,102.10967087761145,-0.01429721169432907,0.0049690395629418335
100,12,-0.00013162661554853728,0.0034710931282503424,0.012561127078506651,0.07759418823564537,93.63056489612111,0.018798516568081743,0.005025125628140708
100,13,0.0003293909278962861,0.0033432895598673553,0.011243071748524791,0.07504574702918279,117.90340056716407,0.06893812345195242,0.005010305703778532
100,14,0.00011674924397185826,0.0033572557207482566,0.012702065866387002,0.07504083564472049,106.01120626168527,-0.04209843877191258,0.004997346634315308
100,15,-0.00017247972492824814,0.0034915479397933913,0.009779730807838227,0.07809057067711521,91.73741612011088,0.03259849062560704,0.005012823732904579
100,16,-2.8053572337348952e-05,0.0033890189267577206,0.011417764161736343,0.07570754714779462,98.60711308414707,-0.008954216837994569,0.00496363083868079
100,17,-5.920789383854874e-05,0.003612206723963382,0.01166442064472939,0.08070144644461391,97.08299576128891,-0.03554601528814227,0.004995931335225365
100,18,0.00011094147109722207,0.0035069996675188143,0.01081797746686508,0.07837970587036651,105.70380829801955,0.0120512959694752,0.005002386679345799
100,19,9.34078040417834e-05,0.0034495118672566378,0.011011720894994248,0.07708456030864934,104.78117082129053,-0.05223548306321553,0.005025125628140707
100,20,6.009588099840002e-05,0.0036228704298608186,0.011005992100365347,0.08093995084681534,103.05039356424393,-0.0606110080054932,0.004984336970635596
100,21,-0.00014446183360714392,0.003465570339314847,0.011317435525998398,0.07748234199659457,93.03160453983602,-0.09418148375184257,0.005025125628140706
100,22,0.00010551668428657379,0.0033853882599403566,0.011143802543987391,0.07566064278693296,105.41748646973477,0.030103343438026436,0.005000903580733875
100,23,-0.00015001262380538805,0.0034858335005723703,0.012050643308590736,0.07793983869185957,92.7737630520423,-0.0073299406177908775,0.005025125628140707
100,24,-4.2174317529402924e-05,0.0032913986676720093,0.009703774990865277,0.07353032453427988,97.91336207734196,-0.017130215412447775,0.004955300797564389
100,25,0.00028662448408822526,0.003457438384285341,0.010833383661283058,0.0774987935894689,115.40901008649891,-0.0077424583633931105,0.004981498561010274
100,26,-9.854401084503906e-05,0.0031991215846062463,0.01101204297621905,0.0714969267778022,95.19221664893018,-0.06051794841584379,0.005025125628140706
100,27,-0.00014666190056468586,0.0032261329618618693,0.01270236747733211,0.07214093059045489,92.92932292717157,-0.008990958525721824,0.004948871821788781
100,28,-7.540258946100664e-05,0.003465272031584779,0.009643242404074215,0.07742667364311656,96.30005512728867,0.029117893448514853,0.004966589122641106
100,29,-3.3766898659944645e-05,0.003287143054360791,0.008895109189483996,0.07343309555084082,98.3258277367888,0.03576873834048762,0.004988132220339777
100,30,-8.520348789588716e-05,0.003475074207315189,0.01013605450739341,0.07765065389037049,95.82929600516937,0.05478177938818799,0.0050232574471532395
100,31,0.00017708519768128638,0.003623722812852689,0.01147581463596925,0.08104462800697541,109.25807942943081,-0.0981647996701484,0.004982392581578566
100,32,9.369059499930898e-05,0.003500134801284051,0.011978057807710663,0.0782151509219817,104.7959874525818,-0.017593599398086,0.00500314687385945
100,33,-0.00012257107822729552,0.003356463414901433,0.010694909268839758,0.07502779028959353,94.05546362922503,0.06603537402234616,0.0050029955725939415
100,34,-9.448761937489713e-05,0.0033966716463485055,0.010760789362708856,0.07590530754425802,95.3854810194849,0.025195641723486446,0.005025125628140706
100,35,5.288507561798106e-05,0.0033706719212162,0.00982774679437437,0.07530439287749911,102.6795243662042,-0.04979398721378922,0.005025125628140708
100,36,-8.936453468583671e-05,0.0034381802749447036,0.011258296127261147,0.07682912031213301,95.63012817141828,-0.03484818718357087,0.0049531259295307484
100,37,3.5027743786823603e-05,0.003491043969675873,0.011423880674478859,0.07798794831590537,101.76681390368012,0.00019819306209950993,0.004959593430233335
100,38,-2.4218011463489118e-05,0.003478392285597197,0.010935410087562047,0.07770328493312342,98.79640132518982,0.03768868048162405,0.005011512476864646
100,39,-3.876766958779143e-06,0.003540253259121861,0.010577888148256775,0.07908331487035544,99.80634939725977,0.0811477207553759,0.004982428673909179
100,40,-6.883401827491298e-05,0.00345471791140209,0.013445635492645991,0.07718790001593373,96.61685195181461,0.011967665681924726,0.0050251256281407045
100,41,5.528407119199308e-05,0.0035628545439729655,0.010933225400536095,0.07959774169231609,102.80276212538581,-0.05597493931285332,0.0050192302243306525
100,42,7.656559511056393e-05,0.003437387024166748,0.010915543631689673,0.0768044939608248,103.90250250716504,0.01426370033201187,0.004982889717507086
100,43,-7.435024785536548e-05,0.0034764976750304415,0.009856397748214007,0.07767686905275996,96.35073873755525,0.003661098128050478,0.00502512562814071
100,44,0.00015909791609494128,0.0034038294233362447,0.011523033243716618,0.07611896866284043,108.27985699355739,-0.03678507394752112,0.004991757753220694
100,45,-6.115444214203868e-05,0.0035366336343985887,0.01068096301817878,0.07901424483858957,96.98855335757088,-0.04962297150819708,0.005004303628644412
100,46,-0.0002396710774066957,0.0032397501235919496,0.009218142243175187,0.07256869547860396,88.70663127973638,-0.00076356592067031,0.004959394108721229
100,47,-0.00019070574963004461,0.003538213538899325,0.010694348481163019,0.07915265573465853,90.9052096273384,0.024008017637871807,0.005025125628140707
100,48,0.00019518292676643157,0.0034123946529087536,0.013762886222417947,0.07635196385020807,110.25122764547478,-0.01546950184330318,0.00502378365227231
100,49,-2.8020538127107032e-05,0.003330309207556682,0.011254624148795855,0.07439611095231348,98.60874180165044,0.024115151106887604,0.0049990943460214805
100,50,0.00012099440959769226,0.003332036067950594,0.009543166708511741,0.07448120258347506,106.23646280433414,0.00827784666902644,0.005025125628140708
100,51,0.0001827077359169458,0.0032919769149708615,0.01005270628577648,0.0736505936888752,109.56566544496043,-0.06211501345473141,0.004993568157688413
100,52,-1.5629579036334108e-05,0.003298134777643285,0.011793127825684202,0.07367557909245767,99.22156665618489,0.01295079918327608,0.005025125628140708
100,53,1.66279899554862e-05,0.00347277781517658,0.01177391983841769,0.07757687114122809,100.83486522141037,-0.04782249139333605,0.0049940535258991715
100,54,0.0002920092597153889,0.0034709038412039186,0.008963388414572115,0.0778085745136546,115.72015457168749,0.01768985449006288,0.005025125628140706
100,55,-4.907937935998419e-05,0.0034684666986212953,0.010562552045362494,0.07748744899157663,97.57589605889599,0.05004545546604913,0.004998821172845336
100,56,-0.00019452290893980974,0.003573914786851092,0.010649101846165188,0.07995361258870029,90.73187525756337,-0.06035449059251775,0.004985797933032315
100,57,0.00017977919011979892,0.003446419191788267,0.011135466377208303,0.0770920559858004,109.4053488127296,0.009684823414666864,0.004978070414836515
100,58,-0.00029636994890286595,0.003441872720317681,0.011339663153885127,0.07717068742026983,86.22716019730272,0.06079054050236693,0.004997515736250034
100,59,0.0001815205808061009,0.0035633955538878397,0.012047367376599283,0.07970364489462471,109.50064902316065,-0.09004051568842968,0.005006864189257462
100,60,0.00023855989340898276,0.003419175007736617,0.011389045841580625,0.07656463622589393,112.66852859760293,-0.0116989187451041,0.005025125628140708
100,61,-1.166768061310286e-05,0.003380184963242962,0.012616772636970808,0.07550806321093544,99.4183143496828,0.022867927385601852,0.005004527614853272
100,62,-4.186009471603924e-05,0.003255879858068958,0.00999116970550773,0.07273686964122258,97.9287465919006,0.030176727482288928,0.00502512562814071
100,63,-8.28657339012473e-06,0.0033652030136609437,0.011593216848129195,0.07517316944164636,99.58652848750133,-0.044510166082897144,0.005025125628140708
100,64,-7.360520196664311e-05,0.003340621600004742,0.011558877474513451,0.07464198180255519,96.38663828472849,0.06172218391130269,0.004994839634542097
100,65,5.634802086432167e-05,0.0033845810735909964,0.009261220407512205,0.07561631227810003,102.85746515695274,0.07042760907475996,0.005022988820974754
100,66,0.00024240590754930123,0.003410330742376058,0.011740363256768305,0.0763736069753984,112.8853994299209,0.02960569633869392,0.004982157136069888
100,67,-1.6659055315615845e-05,0.0034233587924670395,0.011128937273569228,0.07647295003869496,99.17050667393957,0.014722448124960668,0.005000262082918186
100,68,2.2084296492090872e-05,0.0034168005593771906,0.010916438087273939,0.07632714041082213,101.11033377788912,0.030547004237766722,0.004995760625314651
100,69,-0.00010422677517974854,0.003371037404690396,0.01084056300671321,0.07533932777148496,94.92212308330897,-0.027652884108477254,0.004967465860890726
100,70,3.410392428509468e-05,0.0034793170155073693,0.011499014976458,0.07772579584109111,101.7198176748674,-0.02639224383374791,0.005022339604537345
100,71,0.0002587243218726076,0.0033271932033160645,0.010576657569915326,0.0745486836157979,113.81022257053591,0.01625867070839616,0.004963860509398593
100,72,-0.00016202890733985954,0.0033158673397807974,0.011311079746523234,0.07415942161791947,92.2180362457708,-0.026062100473188337,0.004996000305424134
100,73,-9.273616085868319e-05,0.003463600012234146,0.012758608649482639,0.07739874672819219,95.46904946233676,0.004606416215516442,0.005025125628140708
100,74,3.209756382433859e-05,0.003508934951554521,0.010448998047566604,0.0783869552248839,101.61782553154269,-0.020932015608717793,0.004960779806059875
100,75,-2.465181840577202e-06,0.0033671633056524906,0.011086919479240898,0.07521675088236746,99.87681684078878,0.030214182838989512,0.004983452228715598
100,76,-0.00024188477864627521,0.0034094750432031233,0.009866082214055716,0.07635371397720364,88.60850060794085,-0.0943407611925551,0.004999297924265537
100,77,-0.00018381164412911312,0.003518694241901023,0.012140442520452766,0.07870906386868315,91.21910537700597,0.04097680096356686,0.004989278621198228
100,78,0.0002992034727734847,0.003427334267044942,0.010847404094779023,0.07685261757358718,116.13716185540707,-0.03817024025860584,0.004990336566719654
100,79,-0.00011266758524446451,0.0033136289263852705,0.00957558992952201,0.07406372382353747,94.52235745717549,0.04613797869989156,0.004967315797625052
100,80,-0.00010253504294764504,0.003499508878244217,0.012862123589513885,0.07820672189513046,95.00244845835604,0.054774341720877334,0.005013771477222673
100,81,-0.0001499146769109867,0.0034422598006968686,0.009776422761603065,0.07696729383568057,92.77830661428483,0.01621225107149777,0.005025125628140707
100,82,-0.00015883535873297206,0.00344043439425551,0.011166342229957493,0.0769355064801609,92.36540526257953,-0.12517097108724123,0.005025125628140708
100,83,0.00019153346146097582,0.0034889222827094953,0.011366590652732711,0.07805420745948448,110.050232067754,-0.02362435642802969,0.004985042942761906
100,84,-8.802640003638729e-06,0.0035927221590524483,0.011064852722419083,0.08025557517578834,99.56083516125679,-0.007965410266439345,0.0049809748943046815
100,85,0.0001840608201288454,0.003448162336269704,0.01104859690610649,0.07713599106701395,109.6398163112637,0.05866889410142647,0.004975345841867122
100,86,-0.00013402346217362293,0.0031891089388053706,0.009448904263763325,0.07130230459225768,93.51842305450343,-0.04691155044616892,0.005011475723510414
100,87,0.00015535876319298935,0.003482027265164849,0.010652069544412335,0.07786013483452732,108.07760864109582,-0.05713920556305052,0.004985326388837993
100,88,0.00025114296616486696,0.0033765702975204637,0.009881005193489223,0.07563563085478736,113.37962133120213,0.00022851438942571412,0.005000707668977665
100,89,9.753123302833088e-05,0.003406901005777363,0.010146462253393551,0.07613564492291537,104.99742252783263,0.031380395691219254,0.005025125628140705
100,90,-0.00015920608267551195,0.003514555340306716,0.010377603029266602,0.07858988999343103,92.34828581567913,-0.0005587305956693233,0.005025125628140706
100,91,1.4679850646661664e-05,0.003432951319482038,0.010096005290452403,0.07668702612053949,100.73669286021271,-0.03607352789523157,0.004993727678314075
100,92,0.000407477597842572,0.0034177930592395045,0.012259601901242867,0.07688948162700056,122.59778848847719,-0.007114099935035914,0.004983950848165918
100,93,6.359165424786539e-05,0.0033388879950450945,0.0116510804924852,0.07459866150226598,103.23067147560596,0.08094547431815279,0.005025125628140706
100,94,0.00013190756130573256,0.0034485569179309246,0.013559992994983006,0.07709137218686163,106.81773455655055,0.04266842013950791,0.005025125628140706
100,95,-8.065674149169588e-05,0.0035383023015737457,0.011668755963678556,0.0790602603110927,96.04739958016053,0.06659273887921226,0.004991547354938135
100,96,-8.339404113522342e-05,0.0033644891194900906,0.009903559690433994,0.07518012379343936,95.91603424092449,-0.08253347375113428,0.005017705686884659
100,97,4.42214215341945e-05,0.003361957306708514,0.01158889675295427,0.07510694692366682,102.23569641289653,-0.03981317617675481,0.005004164154647292
100,98,0.00020898990202089073,0.0033535082635751186,0.010696036498992534,0.07505731948872667,111.01497887173801,0.012539139436863632,0.004987010868505087
100,99,-6.121381800372739e-05,0.003564925986131109,0.013449676800677324,0.07964617700660298,96.98567401084722,0.00841433980519621,0.0050238581612586245
200,0,0.00013537642706514498,0.002309410779496707,0.007187436800730751,0.05167706536348403,107.00316350805159,-0.024931691666971685,0.0025031640641259034
200,1,5.5882335605886626e-05,0.0024086478013275233,0.008258313046643373,0.053819624198850564,102.83351834235877,-0.010528963175051356,0.0025062656641604048
200,2,8.479438055091215e-05,0.0024492547714473093,0.006546745292506095,0.05474505148668467,104.33087885705189,0.03691360133173077,0.0025062656641604043
200,3,0.00020822950044930977,0.0023527020331083463,0.007347501473015328,0.05276123561733714,110.9727789122736,-0.028354399093887123,0.002506265664160407
200,4,4.506912184304213e-06,0.0024367699704763387,0.007838975584742336,0.05443341118051791,100.22559970326066,0.005332934575314151,0.002492013213452657
200,5,6.300879167118545e-05,0.002398587642333463,0.007847930535573866,0.05359891015882111,103.20059121139957,0.048525998013938434,0.0025007039957421085
200,6,1.1354865041901974e-05,0.0023956121582985055,0.0073377841368369445,0.05351452434022827,100.56935796846474,-0.012116494557599932,0.002505123487882374
200,7,-0.00010969084166409893,0.0024282239635126184,0.007684783911113158,0.054297841368179424,94.66314661487132,-0.06998054040339487,0.0025062656641604026
200,8,-2.3891863971430282e-05,0.0023622904357905494,0.007953141057097213,0.05277227535356742,98.8125137381682,0.004341553926333114,0.0024932966573365943
200,9,-0.00011111450579535465,0.002358599391055246,0.008979829083672008,0.052745670621906736,94.59578632912766,-0.0051042848460548405,0.002498544300065785
200,10,-0.0001255656272611052,0.0023611378575778995,0.006783567962019177,0.052818504168861365,93.91474215598477,-0.027856181029384634,0.002506265664160406
200,11,8.11832548892184e-05,0.002526435066893414,0.007594799317674372,0.056465472280893395,104.14267286008456,-0.007184171715939228,0.00249925692433591
200,12,9.452568804153572e-06,0.002412228019785421,0.009941581895551721,0.05388550678269629,100.47374709007835,0.012728622470423253,0.002499453506307642
200,13,-2.8888715784463058e-05,0.002381025667344387,0.006875913675346013,0.053192007012310374,98.56594613765616,0.08958051810432079,0.002496710144769966
200,14,1.7399819481909162e-06,0.002291892219741099,0.006703716832898721,0.05119700887040738,100.08703695260142,0.00980299154924628,0.002494768780421503
200,15,5.9920433087105704e-05,0.0022525363039874804,0.006921494764705827,0.05033568525152589,103.04135397258965,0.02790092154336169,0.0024984464704383524
200,16,-9.892642215351089e-05,0.002491872160138532,0.007573648691755253,0.0557081432366428,95.1740170988515,-0.019744894251114073,0.00249513444064757
200,17,2.1578366932221372e-05,0.0025546002756082604,0.007959452503424558,0.05706748736768155,101.08475965936789,0.03314465205012499,0.0024891534080689324
200,18,0.0001399141259811998,0.0023074548588124374,0.007669543226120901,0.051639496474381374,107.24621319489734,-0.017302471991975474,0.0024886709358899976
200,19,3.2718773803068754e-05,0.0025233598678568404,0.007249933858686219,0.05637233741306212,101.64939343748196,-0.06253273946890278,0.0024888657249269768
200,20,-8.777323565327145e-05,0.0023249633354205084,0.0078007738549858985,0.05197281858300837,95.70624651438561,0.01011671332168135,0.0025025482552916327
200,21,-2.0458124832885006e-05,0.002405523332308391,0.006732458141009978,0.053737268036936826,98.98230765136233,0.01995667764765955,0.002493132277446955
200,22,0.00015853695496387488,0.0025165091166642656,0.007285561134876772,0.056326221531694594,108.24949085678662,-0.0026222998491626398,0.0024992394646883073
200,23,0.00015955342463705514,0.00240590596569252,0.007618279692067631,0.05386215760641584,108.30452100201708,-0.024380008889789924,0.002483541525584297
200,24,-2.1181547502086673e-05,0.002473576549671955,0.007107083628584476,0.055257544476512085,98.94651110315878,0.05645117836125467,0.0025062656641604043
200,25,-8.242255317863112e-05,0.0024999584343984964,0.007981062023171503,0.055875245264093584,95.9626361943719,-0.06501392280280982,0.0024979549527445757
200,26,0.00011538817128351653,0.0023183647373521206,0.007041156607470178,0.05185257879488312,105.93908632583694,-0.05027691741559859,0.002494466845677369
200,27,-2.478825976223753e-05,0.0023804996948276224,0.007247998082932305,0.05317922384400836,98.7682361007844,-0.022748123101134974,0.0024925976769383934
200,28,1.5421257431738057e-05,0.0023024497295328467,0.007481349705811269,0.05143398692835605,100.77404321653323,-0.05512652100696888,0.002498294784106257
200,29,5.142055899265685e-05,0.002397798840243664,0.006642487347336967,0.05357510836948643,102.60436395272403,-0.08542681862471943,0.0024946592217036656
200,30,4.57555739256339e-05,0.002450758484633098,0.007804387317733585,0.054755357218478545,102.31414906770291,-0.024678824193524088,0.002503521217502044
200,31,-0.00013174954093670088,0.0024007732193428357,0.00744398208642405,0.05371006687833002,93.62481028620294,0.12365711213256482,0.0025062656641604043
200,32,0.00010837951086680597,0.0023714101593506672,0.008912785998860251,0.05302869548630978,105.5684905096897,-0.02536396245436767,0.0025062656641604043
200,33,3.468320737859187e-05,0.0024010289989965057,0.007007963474876533,0.05364053177583245,101.74928422735667,-0.010568262681950998,0.002501651788879287
200,34,-0.00012452740606208756,0.0024836001986767316,0.008313619260384542,0.05554925958927769,93.96350695015374,-0.038380582827594725,0.0024998374102382435
200,35,2.6927975905032043e-05,0.002435161223443525,0.006630098940515694,0.05440071359679477,101.3555035600906,-0.011191686747569861,0.002506265664160405
200,36,0.00011467555910373761,0.0024788965987340423,0.007630875299770246,0.05543369451144551,105.90134630812011,-0.0226509557412837,0.0024950130109330114
200,37,0.00010159890045060393,0.0025086773416291295,0.007413149500418825,0.05608563727447233,105.21118713249575,-0.025377015023967105,0.0025024161588029716
200,38,5.6521455801872736e-05,0.002412038783286628,0.007927451099969396,0.053895685842470925,102.86638508272692,0.0756141811294974,0.002506265664160406
200,39,7.814087741955866e-05,0.0024863992293608,0.007814496093500267,0.05556942847571112,103.98437263210229,-0.026425232436581767,0.002501559328438297
200,40,0.000123793142705507,0.002479589918047331,0.0071997052619625634,0.05545896758658383,106.38523062326624,0.0073245853247184385,0.0025021491013151463
200,41,-0.00014533335847410634,0.002452658116263708,0.007701201951826775,0.05488452676615266,92.99107369300266,-0.07482598488283555,0.00249514223026304
200,42,4.596938034578812e-05,0.0022029881147101176,0.007254241027614405,0.04922176096106431,102.32508736333355,0.028313752445639245,0.0024846513941619987
200,43,-4.106394719051387e-05,0.002431702490284132,0.0073362028887826725,0.05432787910000908,97.96773721659656,0.11373263304978432,0.0024954675961460044
200,44,-6.197388434331507e-05,0.002499874835614572,0.00968724805969412,0.05586016562673308,96.94882324042929,-0.049842317582913284,0.0025062656641604048
200,45,-6.798334385840121e-05,0.0025001650556590893,0.008823541034043814,0.055870141354617625,96.65795543469497,-0.04447904821571908,0.002501930768365421
200,46,1.2429051161017669e-05,0.00244286420264719,0.006905321926239161,0.05457016044901602,100.62338758079986,-0.07761909365794421,0.0024846911081845774
200,47,-7.966244762642915e-05,0.002474051925260982,0.009043023801520889,0.05529483325136097,96.09516112151738,0.018184572725950143,0.0024860726167151735
200,48,-4.358497541723771e-05,0.0022988390862756607,0.007542620073389905,0.05136142264570588,97.84432529875374,0.05000366267167665,0.002502635019271943
200,49,0.00015081015040379776,0.0023500611689129666,0.007993938481273055,0.052604589267962784,107.83208634694233,0.02680478817379014,0.002488818424263701
200,50,0.00022032190805585115,0.0024295702238168082,0.00783175808233505,0.05449563098396839,111.6457754370634,0.10406939734717202,0.002494743376498159
200,51,5.197851620182803e-05,0.0024095031561197603,0.006630898553298792,0.053836770958978056,102.63299236817596,0.007702706873899079,0.00249525400572312
200,52,5.382331202604007e-06,0.0024789701872282074,0.00730364206044154,0.0553761301116153,100.26947900380401,0.015198878926556286,0.0024919565496594903
200,53,7.257426788017618e-05,0.0024054654983928173,0.009525484073688695,0.05375852843869813,103.69535483067452,0.006165067244588399,0.0025062656641604035
200,54,7.530148211904297e-05,0.0024310265441264602,0.008668082294510882,0.05433111719512249,103.83685100544427,0.042560971445184365,0.002496209792073893
200,55,5.973095187254351e-05,0.0024052740720026567,0.007347767641383562,0.05374635085909063,103.03159223456304,-0.04887613819000589,0.002505196280499974
200,56,0.00011959017014887508,0.0023879208613236847,0.009081681263882757,0.05340909808572504,106.16189826802679,0.02806146245700175,0.002489082310487393
200,57,7.404887613736477e-05,0.002291323501992087,0.006741906964242261,0.051211064722659905,103.77183803613394,-0.033901329434127346,0.0025062656641604043
200,58,0.0002005376217791195,0.002402879335862221,0.007872951217326118,0.0538632378448282,110.5468039986265,0.009819230453707757,0.002506265664160407
200,59,-3.8340250599709694e-05,0.002362349620842301,0.007969403599201286,0.0527778566941081,98.10124530077383,0.024940519503712417,0.002498012180563739
200,60,-0.00010207500580428608,0.0024776145627043943,0.007866302963071448,0.055392761622310285,95.02430329926972,0.04747151741787344,0.0025032072079536655
200,61,1.4382931692356493e-05,0.002416823235075352,0.008473106607085334,0.053988699508438605,100.72173865353489,0.015026096411953255,0.0025023707771098334
200,62,-0.000266070975443343,0.0024502147190558145,0.007931264524705384,0.055056057019696666,87.54340243985143,-0.01996758957338009,0.002493506319282284
200,63,1.2494153969152321e-05,0.0022872223302186096,0.0066330989940652785,0.051093440478002405,100.62666306665821,0.015679743214272047,0.0025018719879422177
200,64,1.8377441218397905e-07,0.002394607251040582,0.00740856149765623,0.05349147423999312,100.0091891427851,-0.08040357067865941,0.0025062656641604048
200,65,-4.71436679576307e-05,0.0023934800558259046,0.007376766983163918,0.05347668561863946,97.67038116279157,-0.01951739912646336,0.002503911694776423
200,66,-6.838002964315671e-05,0.0026237677769101915,0.009858724110621608,0.05863047356499836,96.63878591737436,-0.022114059158285505,0.002496384637992439
200,67,7.687409830003843e-05,0.002319242961553879,0.0074627297204363785,0.05183647251635289,103.91853087004243,0.039510966604269324,0.0024912359374492203
200,68,-0.00012590648171662266,0.0023684643315869222,0.008646719941058478,0.05298233897044253,93.89873789065345,0.013327341496792303,0.002495552154877888
200,69,1.6512810241383847e-05,0.002370564843958132,0.007929429065335114,0.0529556946746688,100.82905832314728,0.04356561344417837,0.002498926767909533
200,70,9.244467710338356e-05,0.0023962563340780858,0.008569844540408766,0.05356821048017601,104.73072418476656,0.043903351322550965,0.002505089518502408
200,71,-0.00011677474242915231,0.002405729917826219,0.007132170622279332,0.05380333495759576,94.3284475401769,0.07638597448159859,0.002505610220975876
200,72,4.143500945066947e-05,0.0024103906290963025,0.007977454212747759,0.05385201889843024,102.09336019783086,-0.03462593479080946,0.0025062656641604043
200,73,-6.085777589510144e-05,0.002370788604211825,0.008799359590124567,0.052976886457849856,97.00294103968963,0.09576327372733265,0.0025062656641604048
200,74,-0.00021270674328714812,0.0023975197265985126,0.008062378887100152,0.05376731719357947,89.91068730594097,0.07006400173220896,0.0025062656641604048
200,75,0.0003195272840962424,0.002460738501797243,0.007112510607900191,0.05543113381287093,117.32335351423937,-0.02460037338060621,0.0025062656641604043
200,76,-7.523873615912358e-05,0.002403255772607077,0.007172639919549084,0.05371102260882268,96.3079449914814,-0.011781931763640592,0.0024897861349528444
200,77,0.00020047539406134972,0.002359091064655715,0.007904550945151634,0.052888422238046635,110.54336451447485,-0.048681109262969674,0.0024944069928434544
200,78,-0.00012057430659880808,0.0023830479265342396,0.007463597257736154,0.05330149035782491,94.14941416149999,-0.05651303940595946,0.0024958388802782975
200,79,-2.0065257959061e-06,0.002268361820176094,0.006667771193140659,0.050671384640070316,99.89972402020076,-0.018938319051718902,0.00249999037618004
200,80,0.00010240273856008386,0.0024573362198722025,0.0066527989708484725,0.0549404705830111,105.25348201236582,-0.05152621125230769,0.002506265664160406
200,81,-5.1979813999976085e-05,0.0025074431099092183,0.007215217733981483,0.0560240944085481,97.43449236224481,-0.008842831780424084,0.002499243534737625
200,82,-9.747589564882553e-05,0.002527014964287193,0.007911671688003885,0.05649130274079578,95.24306835317299,-0.028494214814877787,0.0024999725919986797
200,83,1.601257658828814e-05,0.0023033914010952127,0.006708073766131584,0.051455112114128586,100.80384243264642,0.053209171592455584,0.002497728141033725
200,84,0.00011426126583331353,0.0023602295700865853,0.007165907892164647,0.05278540467370652,105.87941147251,0.027484218842236924,0.0025007785272634113
200,85,0.00010703621524658935,0.002413216918406096,0.008840137071413956,0.05396028824452833,105.49760947043447,0.05746397657614044,0.0025003701248466235
200,86,0.00023709306806348528,0.0024404595278033556,0.006203356175819685,0.054772913672527235,112.58592636537405,0.03445086772388089,0.0024943820629597354
200,87,0.00015213548705844814,0.0024210795411088552,0.008282800524264111,0.054189704273550084,107.90356693657941,-0.02652366427722499,0.002506265664160405
200,88,-0.00014258773674946922,0.0023753219868813597,0.009104996667923082,0.05315638012012585,93.11882051511688,-0.08094131757112233,0.002498951303942523
200,89,8.287235947771877e-05,0.002341934406005931,0.006870845167401107,0.05234766124897887,104.230663944684,-0.009202532810550479,0.0025016066838625737
200,90,-3.938511991366412e-06,0.0024759196285875974,0.009852000312360332,0.055307925124197174,99.80326817167463,-0.008777527156954807,0.002485478547837028
200,91,-0.00016345392973595807,0.0024744518375515554,0.008146046452839784,0.05539577267136759,92.15235326499197,0.04927075057861919,0.0024965287736051114
200,92,-0.00015731642818196255,0.002419228590420385,0.008767314746389587,0.054155840392971104,92.43558022488494,0.018817366486208926,0.002494403673840795
200,93,4.5606132801298214e-05,0.0024706568144242393,0.008314045229982803,0.055199713422357084,102.306504382578,0.04809056076869695,0.0025059784115570023
200,94,0.00017720131892473033,0.002309140805589246,0.0076270637837980715,0.05173425994902189,109.26442320561061,-0.009045042124582837,0.002495188905266567
200,95,6.709248929901435e-05,0.002416082433733944,0.0077927430743995885,0.053992040246988636,103.41152649185094,-0.06487839520266098,0.0025062656641604035
200,96,-0.0001184473648295139,0.0025140346103922425,0.00783844037457282,0.05622169981617697,94.2495925812421,-0.053720810690730265,0.0024952113058958813
200,97,4.581109553483742e-05,0.002488563964827465,0.007626783629280709,0.05559974533348969,102.31698943022838,-0.04705566216597246,0.0025054368125241415
200,98,0.00013949595526812074,0.002489301637324632,0.007231494813305872,0.05569420309978447,107.22379192623512,0.08194498871916335,0.002494361419362574
200,99,-0.0002442841541405283,0.0024867591674543415,0.007714604080248932,0.05581790914468459,88.50226181490139,0.04792834735010258,0.0024990424018850907
500,0,-1.4649431090143495e-05,0.001547100708217352,0.005375008628724309,0.034561164375604914,99.27020448066533,-0.07350660140246713,0.001001001001001005
500,1,-9.927955145315081e-05,0.0015989231140403255,0.005157213239419534,0.0357861596409836,95.15721421529182,-0.005207943694821879,0.0010010010010010045
500,2,-7.033997582729513e-05,0.0014595937905610484,0.004552153286690341,0.032642770390829766,96.5441288957674,-0.04118841821273997,0.0010000904221716942
500,3,3.0495062946334528e-05,0.0015760796483786288,0.005076095990779628,0.03521355529324849,101.53643681495187,-0.003499356655502992,0.000999077112340424
500,4,-0.00010003917595768463,0.0015042828383293161,0.005433581985138325,0.03367750703884576,95.121079202136,-0.044509318791801006,0.0010008565207335202
500,5,-0.00014031317483679295,0.0015536917389023701,0.005136780359397797,0.034848370769142024,93.2247830195135,-0.04684186979652113,0.0009994996021704945
500,6,1.9418028173744163e-05,0.0015669064836412612,0.004971909568062038,0.03500473251174921,100.9756299471736,0.046685701553354456,0.0010010010010010045
500,7,-4.2190408045224e-05,0.0015090776888609379,0.005338162016816028,0.03372344044286449,97.91257434225992,-0.019173105204589584,0.001001001001001005
500,8,3.325621014880653e-06,0.0016064738192739982,0.005565269137762563,0.03588598386211458,100.16641937434125,-0.0014614451831875441,0.0009997283820290812
500,9,-0.00015872631113209045,0.001533573439801348,0.004679367867401751,0.034440803141907214,92.37044151280023,-0.0713552032024256,0.000999583353272197
500,10,1.0084143450328043e-05,0.0015113278614259588,0.005672844028885571,0.033761260128007994,100.50548043594291,-0.08038065500099187,0.0010002821620406742
500,11,4.03666445243438e-05,0.0014872193253886252,0.004618658241683171,0.033234222912202516,102.03883827883082,0.01735101095127871,0.0010001158456358272
500,12,0.00010100933127897704,0.0015959055159511435,0.005788225272244318,0.03572130647118765,105.18017706714312,-0.016306049510399278,0.0009990416089767338
500,13,-0.00010093840817844501,0.0015719359472350682,0.005296756250995571,0.03518685279483653,95.07832084563327,-0.05581923447807278,0.0010002782070182782
500,14,5.2224117476987075e-05,0.0015209473896781265,0.004300880602079005,0.033995453804079596,102.6455965389598,-0.010498080968782885,0.001000075998009162
500,15,1.0339861090240987e-05,0.0015661390867174638,0.00519941836835347,0.03498566112276348,100.51833176963127,-0.03984076450558462,0.0010002152186797172
500,16,1.92018738449935e-05,0.0016051101187023985,0.00555167268036616,0.03585801478145203,100.96471737712835,-0.006038711399106579,0.0010006972393064592
500,17,0.00010048155553684701,0.0015583173997705268,0.00482152731742147,0.0348826099596477,105.1524249560224,-0.01305199638527268,0.0010005882041327387
500,18,-1.812863622943972e-05,0.0015397883250856327,0.004556533009873576,0.0343986543148814,99.09766389739437,0.004472407625711371,0.0009992668688974895
500,19,-9.607902385663714e-05,0.00143088417129356,0.004064302992352609,0.03203565069934108,95.30961276676354,-0.052610240116814914,0.0009995808226658776
500,20,4.5534447869911786e-05,0.001589143730493493,0.005252521008432431,0.0355133807635746,102.30283753091936,0.05040148626567365,0.0009999503102209636
500,21,-4.6132201875096255e-05,0.0015927024444771067,0.005265683302162039,0.0355932286716161,97.71978879418153,-0.0008777354141506039,0.000999654787962964
500,22,1.53733216754528e-05,0.0014635771110379746,0.004842407761104006,0.032695643311102564,100.7716279054905,-0.012283042878641716,0.0009997104101957216
500,23,-8.596866390592339e-05,0.0014640492112289235,0.004538541750264358,0.0327608289263871,95.79263987853277,0.041092538680951356,0.0010004176252347767
500,24,2.6461044011458766e-06,0.0015149466220417416,0.004468357719256133,0.0338413958264794,100.13239278202573,-0.0486046550781081,0.0009986848834136254
500,25,-0.00016624874255235155,0.0014655557129378497,0.00407397790606101,0.032948417906096476,92.0236689091215,-0.000462259943942051,0.00099928529297151
500,26,-2.4853189625607897e-05,0.0014992534810109787,0.004632582390224016,0.03349539639530675,98.76502964879565,0.08226769104658788,0.0009996667673972527
500,27,6.840568120629697e-05,0.0015603962092854134,0.0053259808096868255,0.03489015616555535,103.47944837788293,-0.09612380151295005,0.0010005438770746434
500,28,-5.645108100076435e-05,0.0014789165505140292,0.004722765607724888,0.03306059965883636,97.21690785725508,-0.05858077955735016,0.0010010010010010036
500,29,4.6110568954656375e-05,0.001448324142542668,0.0045102054970023175,0.03236953599294816,102.33231118667958,-0.03384712606055433,0.0009994278932674468
500,30,1.1098355726643305e-05,0.0015044524113778125,0.00464779360569878,0.0336078374600639,100.5564603070007,0.0032148199281482647,0.001001001001001004
500,31,-2.406751832009313e-05,0.0015517095164056497,0.004698097058041917,0.034666742447880323,98.80383569538762,-0.007715023902086946,0.0009993171055425636
500,32,8.659839810462522e-05,0.0015580788290443727,0.0046288416786914865,0.0348586696590356,104.4250286810784,0.0027842479607836797,0.001000366453748327
500,33,-6.21353739089745e-05,0.0015072040395422296,0.004535131251870439,0.03369704359042198,96.94099544478225,-0.008335261170138462,0.0009998836898959277
500,34,-7.622368271094971e-05,0.0014997871660842688,0.004425035892925422,0.033546034566472975,96.26052757917748,0.06536234935634808,0.001001001001001004
500,35,8.075522037582061e-05,0.0014532040092308145,0.004825207352497252,0.032512303011918216,104.12038691580719,0.08946719161746748,0.0010007477102403676
500,36,-5.1905348992814735e-05,0.0014777956396768493,0.004774522153294214,0.03303185097747838,97.43812015986617,-0.011362508238644414,0.001001001001001005
500,37,-3.8305530037371585e-05,0.0015194597576027654,0.004501118381403657,0.03395296564878943,98.10294838075819,0.017912042773746827,0.0009992167933899154
500,38,2.4033800280642836e-05,0.0014757982178832771,0.004502846369184965,0.03297121504209067,101.20893931743075,0.049227703842416294,0.0010010010010010051
500,39,-4.374964896816635e-05,0.0015059563985475204,0.004762757599032774,0.033654738869603525,97.83626944416223,0.004577559335090452,0.0009997865082664874
500,40,0.00010018028555512437,0.0014843735855745493,0.005180046493693524,0.03323397584763406,105.13658651439188,-0.013296875864503198,0.0010000221686884262
500,41,-2.2211384864153416e-05,0.00155017523595672,0.004586653011028119,0.03463185326593647,98.89557481131824,-0.054031895100964566,0.0009993924866349673
500,42,5.5337635140121577e-05,0.0015408567804849915,0.004816431967646473,0.03444236775102389,102.805515423164,-0.025284421958923425,0.0009993649189675663
500,43,-2.0026224294143803e-05,0.0015754883564548464,0.005328463013022144,0.035196592760248994,99.00368521552485,-0.014125223631027669,0.0009976926744204788
500,44,-8.771440094271022e-05,0.0015025487550481748,0.004244898063684666,0.03362165427151797,95.70906198045351,-0.029578925192490984,0.0009990760477389523
500,45,-4.3478920436152534e-05,0.0015359018324786252,0.005874881404845489,0.03432322003145589,97.84951387535557,-0.10659983876295946,0.0009977794046396446
500,46,1.0281884526383679e-05,0.0014579195117659465,0.005506710382757518,0.03256826646700507,100.51541795812432,-0.0142159135026882,0.0009995436358279368
500,47,-3.2279721223828164e-05,0.001518363347640399,0.0051680756268721595,0.0339253473184073,98.39896890309053,-0.009289176140787784,0.0010010010010010038
500,48,0.00021782058344482812,0.001444108010239363,0.00510539715988223,0.032624552532711175,111.50623155348123,-0.013186638900157805,0.0010010010010010036
500,49,-4.8723123798390946e-05,0.0016315653468096712,0.0068320669118628885,0.03646268923667738,97.59327858482965,-0.0006073363441092115,0.00100004187377089
500,50,3.464341485112321e-05,0.0016114924176622275,0.005182508365290772,0.03600634779279226,101.74725981690206,0.014307787527795232,0.0010005773037589148
500,51,5.6672702199785266e-05,0.0015460468856433702,0.0048781556598944675,0.0345593131141012,102.87416446197909,0.04330052693130406,0.0010003515783704692
500,52,1.57645669351556e-05,0.0015067458792996462,0.0040550176860039144,0.03365999925778033,100.79134304465663,0.07044822507656759,0.001000845188089829
500,53,0.00015364762058039182,0.0016066916164918076,0.005118770257927174,0.03605483758051105,107.98518008553735,0.04667891947953444,0.001001001001001005
500,54,-8.807911098983822e-06,0.001553289688782661,0.004461102730839883,0.03469842229022745,99.56057276427512,0.040440505783150796,0.000997620634062185
500,55,-8.087790096974779e-05,0.0015506968022617816,0.004986101298093182,0.03468711926828961,96.03677927098713,-0.0182500915672923,0.000999123248840057
500,56,8.732274761762504e-05,0.0015440458135526254,0.006524506837485511,0.03454659593688054,104.4628556399848,-0.06148435233806305,0.0009985234377553615
500,57,-1.97286174094522e-05,0.0016153887752840873,0.0052763548687497774,0.03608774828018564,99.01841840083696,-0.02717183874744012,0.0009997454420301818
500,58,-8.934886294082745e-05,0.0016083951944861209,0.005350912086706572,0.03598433305448062,95.63087751984611,-0.039784505384813644,0.000998457384958238
500,59,-2.2835296808286998e-05,0.0014764606595813329,0.004277459281400553,0.032985585169230246,98.86472855773155,0.08401864019872061,0.000998682829335048
500,60,-0.00010540078619971282,0.0014785004554242439,0.0048729996739407255,0.03311118387514885,94.86641962475795,0.022511611763722402,0.0010008547141202068
500,61,0.00011760861638775566,0.0014911927032423618,0.004221846330857204,0.033414369315426996,106.05676760274284,-0.03547893003146457,0.0009991046547615722
500,62,9.591690237376937e-06,0.0014933895940669867,0.004529227447999773,0.033360486021863006,100.48073635901308,0.05720867035496458,0.001000365382622488
500,63,0.00014379537946932608,0.0014749183115989781,0.004718824024100066,0.03310370348612771,107.45454014146442,-0.029492609551324114,0.0010010010010010042
500,64,-9.071768825828386e-06,0.0014506518291298753,0.004602231619455388,0.03240574212148803,99.54743871746767,0.008608591401039525,0.001001001001001004
500,65,1.9559960172884415e-05,0.0014443437198125326,0.004774348109532589,0.03226715912070618,100.98279603795639,-0.03161149212152602,0.0010006631221135195
500,66,-9.298524224691462e-06,0.001470272570793469,0.004807991200451944,0.03284405952463503,99.53615289767382,0.05358296295360127,0.0009992976914648052
500,67,2.4129116855311494e-05,0.0015732953481601977,0.006036315589920349,0.035148897211133456,101.21376287708193,-0.01992479127552609,0.001001001001001005
500,68,5.1026806560695805e-05,0.0015529863964482873,0.0052560183367589275,0.034709846938917155,102.58416558216054,0.1057876155136071,0.0009994565641332862
500,69,7.159920486509818e-05,0.0015618674625334859,0.004751669560095095,0.03492619043581094,103.64481239952406,0.04244706227724248,0.0010010010010010045
500,70,5.871432786699593e-05,0.0015391869535016272,0.005991614058991956,0.034407889045761246,102.97923334801794,0.001928472664391727,0.001001001001001004
500,71,-6.731062460849202e-06,0.0015462909965151888,0.004363758766844583,0.03454185230567391,99.66401258216989,-0.02965371705784761,0.00099900060993703
500,72,0.0001224643404657897,0.0015130387768836223,0.004853876787717759,0.033909477158742075,106.31457163245928,-0.05974394494666536,0.0010001148374318993
500,73,-3.848345324802871e-05,0.0014589928479775143,0.004581341839402064,0.032602789653360435,98.09422137317283,-0.06401018160593258,0.0009979798907709002
500,74,0.00011088653339715649,0.0015374937169082498,0.004809870601378385,0.034434393990326884,105.70090477583986,0.004167670096032919,0.0010010010010010045
500,75,-8.906362525079814e-05,0.0014888245140767728,0.0041911235760361265,0.03331739460245445,95.6445172577644,0.03503282911273162,0.0009999580130158861
500,76,-5.401016980935758e-05,0.0014354398986541892,0.004186310833231843,0.03208803379521631,97.33562920877895,0.0020528008936122498,0.0009995515157839876
500,77,4.042666567189279e-05,0.0015138902868036853,0.004475794580329762,0.033829826988730924,102.04190056886517,-0.10897472733274942,0.0009994111797568261
500,78,8.568723829228198e-05,0.0015392993328776003,0.00486294781407004,0.034438683584968724,104.37746557153108,0.04290625389807817,0.001001001001001004
500,79,-0.0001315450281948962,0.0015792774220617,0.00532599173843451,0.035400798267305904,93.63438450903354,-0.03458957757400456,0.0009993588950559292
500,80,1.0017949185611385e-05,0.0015086580748388736,0.004960638321279021,0.033701613074961764,100.50215404780147,0.0006278131526660822,0.0009988439840865736
500,81,-1.9463313939589e-05,0.0015488128468439035,0.0045235160337080416,0.03460059546213858,99.03155423705454,0.009756748883924771,0.001001001001001005
500,82,1.3585955590674104e-05,0.0014519652942872638,0.00438298738453291,0.03243587047985905,100.68161024009916,0.10247327109358108,0.0009993215410078887
500,83,-3.462432623677003e-05,0.001553357574339973,0.0052421750329294525,0.03470801606415437,98.28368313331273,0.052808011177381965,0.0010010010010010045
500,84,3.853917810047136e-05,0.001479736477535495,0.004466386559734303,0.03306604051827128,101.9456445869578,0.03144940163412649,0.0009987282046171053
500,85,4.863530841899433e-05,0.0015877086369408123,0.005118197609057518,0.03548339380336829,102.46157397049151,-0.07335520852555164,0.0009987253498517745
500,86,-6.734241173556655e-05,0.0015677468182211801,0.005325517615590414,0.035053169801666374,96.68893599282134,-0.019678405292303622,0.0009990440127476993
500,87,-0.0002084411142409266,0.001529091904063872,0.0045900481406881966,0.03447385607295425,90.10265476833582,-0.0821579517744812,0.001001001001001004
500,88,-3.0965351939041596e-05,0.0014926067685715628,0.004686550907880616,0.03334949826215666,98.46365644778328,0.01167391283825686,0.0010010010010010045
500,89,4.465745323932069e-05,0.0015370125085233102,0.005044107817121279,0.03434877672191709,102.25798784526691,-0.04428540925278107,0.001000070909397374
500,90,-3.0148499440585395e-06,0.0015380337478999003,0.004984228099318422,0.03435713756543057,99.8493710622315,0.022505057597879175,0.0010000495687737601
500,91,-2.562674996921466e-05,0.001491516154970238,0.004324469802865494,0.03332287450063479,98.72683668027747,0.03354467213747583,0.0009998012120768216
500,92,1.7350790873079447e-05,0.0014922244331447062,0.005194852545627349,0.03333602661761156,100.87131357379297,0.07465669271109145,0.0010003871516299561
500,93,3.4890322260556774e-05,0.0015593251672317056,0.004956212180919017,0.034841421625669264,101.75982166845883,-0.026640819063947885,0.0010010010010010042
500,94,-1.5669743792669168e-05,0.001515047226936923,0.004628435137076892,0.03384540518682033,99.21957407116898,0.14604498156836526,0.0009995958458755105
500,95,2.0072540207108247e-05,0.0014997178992969212,0.004831554362224821,0.033504166731818545,101.00868023727024,-0.004825209766249313,0.000999242932650475
500,96,-2.0813769378257517e-05,0.0015160596472454547,0.005347616260243271,0.033869405023514446,98.96470795731514,0.05282747678867929,0.0010005909257404329
500,97,-5.512886257064231e-05,0.001493395549465385,0.004904513087718776,0.03338269760008188,97.28120010065487,0.02555232024603582,0.0010010010010010042
500,98,-2.8590220444081994e-05,0.001557077736507853,0.005169777779046925,0.03478835650097891,98.58065797330362,0.04285663708893791,0.0010009493667890127
500,99,-5.547551774381354e-05,0.0015349483436212495,0.004457855796329291,0.03431058013076572,97.26434004621983,0.05704224054456276,0.0009990075309231831
1000,0,-6.258285759756177e-06,0.0010652212649305882,0.0030562301988794616,0.023795652089346624,99.68757477851773,0.05871465594899144,0.0005002501250625346
1000,1,8.50873665969054e-06,0.0009888417577628133,0.0032611382749365703,0.02208987103234425,100.42634310022129,0.006012470218794482,0.0005001726271475126
1000,2,1.0713607016256788e-05,0.0011122612559738793,0.0037208362703013975,0.024847189304957704,100.53711768336069,-0.031023466516767732,0.000500250125062534
1000,3,-5.5120348945211004e-05,0.0011556742692095318,0.0037673910436843983,0.025845213322274994,97.28161420938589,0.03191117346523976,0.0004997963764102637
1000,4,6.777572143833055e-05,0.0010933381329213696,0.0035802692314108597,0.024470298780058575,103.44685956591776,-0.0028827268461557288,0.0004998755226376065
1000,5,-1.989486688205133e-05,0.0010252524884094305,0.0038103492931265137,0.022906725926984898,99.01018786300403,-0.057547893983248825,0.0004998345236256676
1000,6,1.51102859001071e-05,0.0010953901597601503,0.003217124586715414,0.024471495291820154,100.758375505334,0.005364031707571518,0.0004998995127518113
1000,7,-3.2015896314081974e-05,0.0009893263888097145,0.002637705738252727,0.02211146973637069,98.41194980878825,-0.05635246196149029,0.0004997780582806524
1000,8,5.73018828320091e-05,0.0010715036326134487,0.0035039505305691776,0.02396984877309932,102.9065327690079,0.006818801370733672,0.0004998054090973019
1000,9,-9.429048820864593e-06,0.0010508192786821097,0.0033503678271378234,0.023474471464750336,99.52965715155895,-0.07392326664040669,0.0005001771480713815
1000,10,-1.4676556816192843e-05,0.0010548315874373373,0.0030586827385485904,0.02356543803772636,99.26885810160991,-0.03273594180509478,0.0004993359374429562
1000,11,1.6612244300317158e-05,0.0010601819255388115,0.003462088284127418,0.023685583278329845,100.83407136902689,0.04664970984413488,0.0004996754475125231
1000,12,-0.00011746589483310643,0.0011533477838057465,0.004780086539372341,0.0258973833102666,94.29585550537772,0.027605754688036135,0.0005000576615177656
1000,13,1.0311722163882208e-05,0.0010848448021341863,0.0036291345426961996,0.024234694137146764,100.51691754061237,-0.032000213875869585,0.0005002501250625344
1000,14,1.7316022770277327e-05,0.0010542305119861874,0.003550718436878597,0.023552908664350083,100.86956003693476,-0.11828891108908077,0.000499829648903083
1000,15,-8.16296895266202e-05,0.0010909842722090523,0.003969664827578434,0.0244390015656871,96.00068637912045,0.018118774572629472,0.0005001583646413836
1000,16,2.644907309118949e-05,0.0011001717917609828,0.00302731152485336,0.02458309143406481,101.33123674764101,-0.02940654255975894,0.0005002501250625344
1000,17,1.6909980753375465e-05,0.001136557423759864,0.003427912233957109,0.025391585214374974,100.84908347579044,0.03545702049928271,0.0005001187820290976
1000,18,-1.5242712967928896e-05,0.001112482065398693,0.002971011241370114,0.024853304140905457,99.24076124125514,-0.10473607332070774,0.0004994267363001181
1000,19,5.235559911650256e-06,0.0010613191838550636,0.0031125167417922484,0.023708363759297364,100.26212093335734,-0.017445611984630818,0.0004997252148187178
1000,20,-3.4797061202416655e-05,0.0010185391857382609,0.0029578680421877834,0.022765742511577734,98.27519498555316,-0.03257385398237904,0.0004998113623188771
1000,21,-4.4781980409359434e-05,0.0010462984656281424,0.0030898179968747996,0.023393978113895438,97.7857827465164,-0.09475737817014222,0.0005002501250625344
1000,22,1.1727451781760934e-05,0.0011087264253054326,0.003571720354285546,0.024768460496400614,100.58809511832155,-0.0003837517143650707,0.0004999789718261
1000,23,1.6342602482829706e-05,0.001027491107004286,0.0034016101102727347,0.02295532160174258,100.82047774426562,-0.041377654945647324,0.000499950895282778
1000,24,-4.9758788249295805e-05,0.0011174529582245038,0.003817549506893947,0.024986792997752267,97.54275472276187,0.0008123340678837936,0.0004998591730788378
1000,25,-8.050381157682729e-05,0.001061253689237969,0.0031172700066131043,0.023774857915598097,96.05474412127748,-0.01321793841811152,0.0005002153836001816
1000,26,2.6889317688279847e-05,0.001053189307764245,0.0029582585674035045,0.023534148996285083,101.35354446751153,0.029863003013745833,0.0004998552918369094
1000,27,7.598198933867906e-05,0.0010920096226951206,0.003913764734109648,0.024452743289153523,103.8721878802397,-0.0582334675801239,0.0005000344321228134
1000,28,6.511360609063211e-05,0.0010323853608846406,0.0032655923385043195,0.023107657561945754,103.30925742816363,0.06810562990479335,0.0004997006726918557
1000,29,-6.831093820515833e-06,0.001085036985330953,0.0036533235260414187,0.024238371571330814,99.6590279434818,-0.02155473969433743,0.0005002501250625355
1000,30,-8.90878646817992e-05,0.0010653789903751188,0.003504957242454587,0.023881990871575224,95.64335808045055,0.01815096063014845,0.0005001868413604712
1000,31,-4.636792413865365e-05,0.0010678094644017417,0.003372902521491028,0.02387557960082153,97.70827210797529,0.038618077051786395,0.0005001991223580222
1000,32,-4.821155312116154e-05,0.00109997136989404,0.003368146404140404,0.024595136657597095,97.61824470748698,0.11247393810938225,0.000499529593973979
1000,33,0.00010884666678839672,0.0010912813145271053,0.003272546228237694,0.024498578678079256,105.59315186248934,0.028174732892568492,0.0005002501250625342
1000,34,6.579003925182292e-07,0.0011116189017197694,0.0035582603060655416,0.024831689655843713,100.03290043063083,-0.0012098028094414887,0.0005002501250625347
1000,35,-4.2928334560709655e-05,0.0010975595430245126,0.0038107947611152326,0.024536406812035096,97.87645486364669,0.01625358154895311,0.0005002311860323223
1000,36,2.2628983911854305e-06,0.0011246810736421093,0.0036632597075589857,0.02512352307184523,100.11320895257118,-0.015031044929052573,0.0004998714252721745
1000,37,4.431183274295592e-06,0.001099634744193453,0.0036015521984422705,0.024564179335786245,100.22180478739706,0.04806708280812909,0.0004995302065599657
1000,38,-3.6023538396428023e-05,0.001103896348551001,0.003720506069021745,0.02467232933233244,98.21494731784549,0.027811714590217036,0.0004994907692608878
1000,39,-7.45824446339931e-05,0.0010757504746630583,0.0037550270671058428,0.024088245542358434,96.3395532213014,-0.06211841930368991,0.0004993167299546832
1000,40,-8.16722564020882e-05,0.0011095790416830763,0.0036712688729716447,0.02485330637871607,95.99864317623278,0.07449504879399785,0.0005001578291846689
1000,41,6.7355675920874e-05,0.0010969946780344988,0.0037763458583714993,0.024551245549538817,103.42513565242794,-0.013179597400305108,0.0004997779122313998
1000,42,-2.8665832952560422e-05,0.0011035589465651125,0.0035845606007578468,0.024659971551338786,98.5769310783356,-0.03625646175353598,0.0004997326390715239
1000,43,-1.8349904200690047e-05,0.0010814874980526145,0.0037800806892072103,0.024162084937059864,99.08670093432063,-0.021414077262377134,0.0004998353716837833
1000,44,4.113462681511315e-05,0.0011275379076387537,0.0036021523626104113,0.0252040781146551,102.07802781295072,0.11524641956928633,0.0004997747603425683
1000,45,-1.880529228574801e-05,0.0010865931172739855,0.0037747663772247364,0.02427629370723768,99.06414205118317,-0.053184317851393784,0.0004998173141701572
1000,46,-1.8738198289330653e-05,0.001101906036488701,0.004018354970669158,0.024618282225805973,99.06746541152314,0.003745160421810653,0.0004998636285252075
1000,47,-6.020749989047047e-05,0.0011078637791210107,0.0036507648659496184,0.024784393999300967,97.03448551003314,0.004839649713204875,0.0004995200515055429
1000,48,2.76134597097375e-05,0.0010805740031587397,0.004071184184361698,0.024146090771665716,101.39024829209235,-0.039657235027634144,0.0005002109575622986
1000,49,-3.03608308872203e-05,0.00108783550799885,0.0029651345755246084,0.024309885852573966,98.49342262270747,-0.05606377396187078,0.000500250125062534
1000,50,6.9168419996508135e-06,0.001122803317445975,0.003660355560309192,0.025082003087787866,100.3464408237872,0.004381797816160137,0.0005002501250625344
1000,51,6.325051868877374e-05,0.0010919334287506596,0.0034247548977175413,0.024432914313604958,103.21306515076986,0.04028044569780082,0.0005002501250625345
1000,52,-9.250390291808231e-05,0.0011501205028030276,0.003521292329119241,0.02577487719350988,95.48013682851612,0.015759519526958466,0.0005000024875145279
1000,53,7.364578541834809e-05,0.001010046687965729,0.003194552475194179,0.02262274988763173,103.75092541122218,0.017083359055739003,0.0004998974348476937
1000,54,-4.2874523684030666e-05,0.001055514074755477,0.0035398726580586626,0.023597880909776933,97.87908830799468,-0.025788443047020913,0.0005000675618847756
1000,55,1.2731531787855132e-05,0.0011034007560716493,0.0032357676319669793,0.02464974983589239,100.63860704434401,-0.007789245945775802,0.0005001627806018711
1000,56,4.079717539628191e-05,0.0010167881543837523,0.0032189463852692057,0.022731639229426927,102.06080607820783,0.015854359221453073,0.0005000976201915996
1000,57,-4.330894067497226e-05,0.0010959899880287262,0.0029591936656370166,0.024501707390444008,97.8578304472628,-0.05456812206583831,0.0004998073426658399
1000,58,-4.382279430828184e-05,0.0010734518668838288,0.003757046664802921,0.023999111962699063,97.83269137599035,0.0047758840435274666,0.0004998510185248055
1000,59,1.1938752648884331e-05,0.0010778199894199514,0.002939455908693489,0.024078154741890512,100.5987228555846,0.04794121084618137,0.0005002501250625346
1000,60,-3.0457183711874336e-05,0.0011282944655849959,0.0039469010473478505,0.02521338874791775,98.48867767726584,0.028050470177232573,0.0005000311164774203
1000,61,-4.079858637856759e-06,0.0010639585247496945,0.0031941066842868793,0.023767208209519226,99.79621499228097,0.04036015317371943,0.000499883222761733
1000,62,-1.8265053531401065e-05,0.0011059112924511271,0.004205122819930018,0.024707562803500928,99.09090480994136,-0.016391113267115124,0.0005002086008877875
1000,63,-4.179862688062208e-05,0.001026929952469992,0.0030444797589623818,0.02295890984165587,97.93175637219062,0.0015676620605712206,0.0004999813376947979
1000,64,1.0295098839222306e-05,0.0010464994198092104,0.0035782974676097368,0.02337815970783202,100.5160820814073,-0.03828150097227697,0.0004999683473448835
1000,65,9.011970635450872e-05,0.001112494577331804,0.003724182156452649,0.024932814298599615,104.60904698733133,-0.016961979487806804,0.000500225928435583
1000,66,5.452710770377678e-06,0.0010804330210238907,0.003029978179263537,0.02413535346693434,100.27300752718422,0.059876836096745184,0.0005002501250625346
1000,67,-1.4303740573403446e-05,0.0010599592210384198,0.0027811957520942343,0.023679855575554472,99.28736434776533,-0.07595354324603654,0.0005002501250625344
1000,68,-1.6033866216142557e-05,0.0011276430694767974,0.0043029208971780974,0.025192189456462614,99.20151167956587,-0.004844792806793794,0.0005000119968538304
1000,69,-4.665393831270492e-05,0.0010182713599147916,0.0031266988884093294,0.02277036889532051,97.6943001316724,-0.02050593326074781,0.0004996778956593525
1000,70,9.139559233297235e-05,0.0010220392070292331,0.0038354556786357463,0.02292191273346782,104.67580288643205,-0.07993596403667011,0.000499962714894214
1000,71,1.67885203636704e-05,0.0010732175936519893,0.003502983468644416,0.023976804058647178,100.84295907727015,-0.0452397434711902,0.000499501169217998
1000,72,-4.9877208493111166e-05,0.0010137858151776495,0.0028498540935357752,0.022673706044936345,97.53697937534473,-0.006558665222689581,0.0005002059714701427
1000,73,1.9948034587830676e-05,0.001049139146648005,0.0036297446671991196,0.02344023770373461,101.00239235884865,-0.015601001980120679,0.0005001341008504588
1000,74,-2.0305698612284927e-05,0.0010518558100690988,0.0033990090996853795,0.023501065563947314,98.98985168836671,-0.028553900199151373,0.0005002501250625346
1000,75,-2.4849024966382417e-06,0.0009941931125710707,0.003293110420667489,0.022208661372694255,99.8758320274674,0.04676797675094696,0.0005001871927665694
1000,76,5.273360685455053e-05,0.0010550409482774162,0.0031220646392435825,0.023597309306665832,102.67174829037336,-0.04198760109487236,0.0004997596726985016
1000,77,-3.7366897089027515e-05,0.001044431969501896,0.004170905106619216,0.0233457999181634,98.14900051626576,0.03112730584068595,0.000500250125062534
1000,78,1.3121999456291888e-05,0.0011184516973890334,0.003168652014175599,0.02498604128171724,100.65825702357569,0.144501406906316,0.0005000656173464813
1000,79,6.78016677092419e-05,0.0010610906186186396,0.003713200169791264,0.023751405647485384,103.44820160474463,0.022497890245150347,0.0005002501250625349
1000,80,-1.6000462670433534e-06,0.0010687814258726358,0.0033162723871020816,0.023874795380964216,99.9200296799662,0.022649275320967405,0.0005000938907027745
1000,81,1.6358652436579746e-05,0.001127612099311161,0.00322039664982654,0.02519160211190863,100.82128682951452,-0.03333066636067346,0.0005002228292666883
1000,82,0.00011792561125724532,0.0011020252153371552,0.0034606672585155707,0.024758201730727743,106.07357866056475,-0.05019425845864488,0.0005000293285650659
1000,83,6.43236528214679e-05,0.001047297879288153,0.003314735377253797,0.02343903490523699,103.26846074274258,-0.010627584140377625,0.0004997475380096169
1000,84,2.0939862413307252e-05,0.001125024584099088,0.004056163432707649,0.025135507076997268,101.0524932722825,0.012236047314425577,0.0004997519476973994
1000,85,-0.00011429690342496813,0.0010650628335377068,0.003793675821904152,0.023928580231985543,94.44538531672491,-0.02992717764426854,0.0004999407021616646
1000,86,-2.8364134629931926e-05,0.0011701719863124792,0.0037044923135454155,0.026147355475541853,98.59180244735226,0.024443057542351165,0.0004995710535037896
1000,87,4.230629103570571e-05,0.001063095016268654,0.0030468697018495305,0.02376657835963369,102.13784591937227,-0.08430596365673679,0.0004999292915019637
1000,88,5.8278614034248835e-05,0.0009974094996779582,0.0031563806359464763,0.022318517597294543,102.95680105339417,0.08317807698011247,0.0005000672227104873
1000,89,-2.7090695738818838e-05,0.0010549183206355894,0.0037054747515687936,0.023572874916753372,98.65459775451802,-0.026470964375232116,0.00049995442161191
1000,90,8.695172755266257e-05,0.0011536522762711863,0.003574804666613751,0.025843880806885315,104.44347852962176,-0.018572329081188745,0.0004999999521667271
1000,91,3.341001686343326e-05,0.0010681918725710658,0.0032384036378338976,0.02387329091370146,101.68453172830905,0.06025716690471232,0.0004999851423233518
1000,92,5.1680726420297416e-05,0.0010668319134988788,0.003093057395211929,0.02385922220525734,102.61771197760272,0.01516833460981351,0.0005002501250625344
1000,93,2.724093979714759e-05,0.0010488901003457628,0.003165268459424553,0.023438346470252218,101.37136510752181,0.009018518290137561,0.0005002501250625345
1000,94,-6.8275658632718e-05,0.0010798630623145293,0.003210528288749792,0.0241705770560649,96.64382919283304,-0.07558918505409816,0.0004999249745912845
1000,95,-3.840996552621689e-05,0.0011330119082086142,0.0048250902628854675,0.02532413747421583,98.09782579981851,0.041633887270581316,0.0005001078078379077
1000,96,6.231851781662989e-05,0.00108233243511145,0.0041029006807207224,0.024217599083692778,103.1649790223499,0.012277646933910815,0.0004999810316071865
1000,97,-1.552539071198744e-05,0.0010605932532518417,0.0034672413527783164,0.023694401981295056,99.22673565520554,-0.011846161169939005,0.0005000221159952305
1000,98,8.531216943685571e-05,0.001080629628896887,0.0028319272391366113,0.02421469636722859,104.35789303857827,0.021693262550184035,0.0004998945895686433
1000,99,-3.300425816525987e-05,0.0010691585482991756,0.004168362375225776,0.023894592300931154,98.3633285151902,-0.005876558250797492,0.0005002501250625348
5000,0,-2.0184899095985643e-05,0.0004666960718422374,0.0014592194250351298,0.010434966295526402,98.99583083203554,0.001570150956939755,9.999890664254443e-05
5000,1,3.50443051674123e-05,0.00047897948172995495,0.0013508911329980222,0.010728247866150521,101.7676566066374,-0.06509108399856112,9.999871881970682e-05
5000,2,6.896719302869059e-06,0.0004978248076919715,0.0015718960012760519,0.011121633081800166,100.34543120836535,-0.06101723849714568,9.999480381243312e-05
5000,3,-1.091236756962033e-05,0.0004900716788946544,0.0015987908204007084,0.010950091089111783,99.45586741511121,0.035948268561147176,0.0001000100010001039
5000,4,-1.4783534356393346e-05,0.0004806741941609667,0.0014626671896653676,0.010742535512124146,99.26354847448476,-0.014732725254263697,9.999502254970738e-05
5000,5,-5.675181531844587e-05,0.0004740629346177644,0.0017087673182549779,0.010665527722255212,97.20229072602508,-0.017805751568099402,0.00010001000100010404
5000,6,-2.1016539958411686e-05,0.00048299552952598676,0.001578268947556083,0.010799532562357217,98.95467490030236,-0.03369561084447268,9.999763633237188e-05
5000,7,-5.7695630981910995e-06,0.0004683258350250198,0.0014139069362455459,0.01046240214852025,99.71193754349068,0.004965394221833607,9.999153662709744e-05
5000,8,-1.97387730198173e-07,0.0005044910956191077,0.0018431302510109049,0.011269478292932768,99.99013110049805,0.000804474205786816,0.00010000488682382645
5000,9,3.62522393700786e-05,0.0005103189985356711,0.002098477272419963,0.011428448148485926,101.82913948815751,-0.03986391549899515,9.999951162759122e-05
5000,10,-7.337800401437278e-06,0.0004984817495990257,0.0015789548271616383,0.011136447590876331,99.63378219900947,0.0023251919550566855,0.00010000609967842492
5000,11,-1.8456176904546595e-06,0.000479589581602743,0.0013219339041121714,0.010713299229298824,99.90776168119119,-0.016764665192756358,9.998919178985447e-05
5000,12,-2.944582956056152e-06,0.0005079615220864957,0.001770157228954794,0.01134719191415598,99.85287918113661,-0.050698502614364815,9.997455609931349e-05
5000,13,-8.275512334591894e-06,0.0005016487920212274,0.0016200490704001425,0.011207512918120683,99.58707925508527,0.026189261598767957,0.00010000032559998402
5000,14,-1.976933085055066e-05,0.00045922206206628496,0.0016370632594968626,0.010267764092686212,99.01640273108067,0.02919651355885518,9.999348181750437e-05
5000,15,-7.733979089248777e-06,0.0004718906853053031,0.0013563517727019914,0.010542657911378556,99.61404776311802,0.04945277421098932,9.999282501647171e-05
5000,16,1.5490828918752085e-05,0.0004730886764555354,0.001524649393913613,0.010573675703828337,100.77754877752412,0.07017233524920248,9.999667754167558e-05
5000,17,1.424834197100111e-05,0.000473942039105591,0.0013755453448514032,0.010591856059436066,100.714960826224,-0.06170885170433011,9.999609093661664e-05
5000,18,-2.3030233336829297e-06,0.00043455807176293325,0.0014578914983012226,0.009707428604304168,99.8849151068312,-0.007694154767789941,9.999642774350463e-05
5000,19,5.226095299269317e-06,0.0004810114139064961,0.001500253942634977,0.010745616511391679,100.26164646342444,0.00428685107851306,9.999418451425001e-05
5000,20,1.5202115060775513e-05,0.0004832586298770651,0.0017698225845661497,0.010800530770436191,100.76300189006889,0.007166968472775802,0.00010001000100010386
5000,21,2.0476988923645578e-05,0.0004884656172147293,0.0015093097492480112,0.010921098135213867,101.02910871830942,-0.004022417258373218,9.997715736886999e-05
5000,22,-4.172172198446766e-05,0.0004663242704078981,0.002489130835310327,0.010458587634247389,97.93552216036902,0.028377554358908454,9.999098714316933e-05
5000,23,5.910233150800082e-06,0.00044764174788727287,0.001511717409308666,0.010000432466612794,100.29594872365979,0.058882812248110324,0.00010000923397294708
5000,24,-1.5237985525510922e-05,0.00046732164168620296,0.0014281505097839542,0.010444733935280184,99.24099581902446,-0.009289848826927845,9.999158292100652e-05
5000,25,-1.7073642414024094e-05,0.0004865774662386029,0.001963176271554623,0.0108760200591751,99.14995139819644,-0.012201388653914838,9.998877760086295e-05
5000,26,4.1420699962245066e-05,0.0004628369748629869,0.0017634018424717013,0.010380397476857107,102.092629748566,0.023929938973113796,9.999503118848723e-05
5000,27,1.7245870067963408e-06,0.00046689616294274877,0.0016041835300697471,0.010429741538433838,100.08626653853243,-0.017092158199653342,9.998227066608277e-05
5000,28,1.2006987603111697e-05,0.0004918943151229686,0.0014921275729156136,0.010991366270102526,100.60215508875851,-0.0026378191559572814,0.0001000100010001038
5000,29,5.170710221386088e-05,0.00046560782748305526,0.001411447253104825,0.010464958006003135,102.61906529831997,0.06330651669240027,0.00010001000100010394
5000,30,-2.9016738946374686e-06,0.00044679703977479405,0.001374333515403947,0.0099809007427538,99.85502150078057,-0.03888410220270631,0.00010000764859142763
5000,31,1.601480725698501e-05,0.00047248432011019016,0.0013926330233298145,0.010560573467761281,100.80395486269703,-0.0030010098801168247,9.999757193707485e-05
5000,32,1.7356749568898878e-05,0.0004900721188936141,0.001504741392935216,0.010954259379552784,100.87161410497794,-0.01902670247089152,0.00010001000100010394
5000,33,2.284223976510269e-05,0.00048010882442419973,0.0015349255239467396,0.010736974486346085,101.14865898817374,0.028113855333196474,0.00010001000100010388
5000,34,-2.4878501527526355e-05,0.00048657262503839615,0.0018321716879592387,0.010883435887534262,98.76377969133361,-0.021375258688222924,9.999476098650579e-05
5000,35,1.3261445025815277e-05,0.00044154913415879666,0.001601183731332334,0.00986791701740552,100.66527544223364,-0.004800904812582608,0.000100010001000104
5000,36,1.8769659221302247e-05,0.0004910846152809273,0.0014372253604157947,0.010978025124633502,100.94290052094071,-0.04900842772609889,0.00010000233896276652
5000,37,-4.466465249492657e-05,0.0004751186797426444,0.001567029545551435,0.010660234882571895,97.79151941575803,-0.0037564504250204448,0.0001000100010001042
5000,38,3.675130188401354e-05,0.00046947587603462875,0.0015618254576921231,0.010519444880132579,101.85455221183247,0.09100749899615422,0.00010001000100010396
5000,39,3.984907405415683e-05,0.0004897939048232334,0.001698727717043269,0.010977390895986172,102.01243555054361,-0.004963752902594708,9.99922814499801e-05
5000,40,1.6658125459777294e-05,0.0004672487810512611,0.0013119585330789718,0.010444191536230444,100.83638458761384,0.0038945027066259134,0.00010000397745901771
5000,41,-9.84500814590028e-06,0.0004927889959339468,0.0015029158206267823,0.011010273309731079,99.50895915950937,-0.010021621027344892,9.998883757552049e-05
5000,42,3.6589270874559434e-05,0.0004666439796784582,0.0012692484882155242,0.010456095478373867,101.84630074812907,0.060664894000467755,9.999834737527167e-05
5000,43,-3.332016104988789e-05,0.0004869809512768544,0.0017428360324087677,0.010903815367684092,98.3477931125323,0.018793535619692596,9.998270436685169e-05
5000,44,4.686204170845087e-06,0.0004809752449417651,0.0015064075819957168,0.010744684089907627,100.23458492943593,0.004596889171026744,0.00010000102522197501
5000,45,-1.6514862901892967e-05,0.0004662718706843353,0.0016407074583009162,0.010422268926998452,99.17765674904683,-0.0158837232651533,0.000100010001000104
5000,46,-8.113371296104788e-06,0.0005023336274638631,0.0016570613039528226,0.011222749706026361,99.59515315858378,-0.049041697445605756,9.999989719439246e-05
5000,47,1.407470326603999e-05,0.0004739964474000097,0.001506114327480823,0.01059295483223547,100.70621719810352,-0.010435288304872264,0.00010000206351159249
5000,48,4.6815131138147946e-05,0.00048424589848862796,0.0016589983128652008,0.010867767906201678,102.36836727555156,0.04399972834444877,9.999374559848171e-05
5000,49,-4.318983006947263e-05,0.0004843638976463954,0.001576206872210939,0.0108628847456362,97.86365857352774,-0.002164708238016591,0.00010001000100010374
5000,50,2.9067575269587918e-05,0.0004976899214935042,0.0015128602762679577,0.01113653427625379,101.4639916655198,0.037287438346287845,0.00010001000100010393
5000,51,3.0011590395103484e-05,0.0004796212204027736,0.0015275721172729462,0.010734922859260986,101.51189474135124,-0.021399372689271043,0.0001000039502325094
5000,52,-5.285725300749888e-06,0.0004823014764875538,0.00164837606440571,0.010774447171098508,99.73606266365411,-0.02294982802382416,9.999729486428651e-05
5000,53,9.868659007237213e-06,0.0004898817231823443,0.0016626206973446855,0.01094535346467367,100.49465233553556,-0.0353970946864778,0.00010001000100010426
5000,54,-1.1595821539920336e-05,0.0004677333117133238,0.0018478603484757272,0.010451587560311743,99.421886467818,-0.007389862373266833,9.999855639385331e-05
5000,55,1.402662370121277e-05,0.00048584815930951717,0.001379034589011674,0.010857556889307384,100.70379627165381,0.002143528372100883,9.99949150278454e-05
5000,56,-2.4648672503358782e-05,0.0004890770597594398,0.0015451739020972965,0.010939047826441535,98.77512973501825,-0.019680848165713284,9.999900169417752e-05
5000,57,-2.3969542649437514e-05,0.00048652629847509304,0.0014452037937626727,0.010881382320378299,98.80867599997747,0.03414122610517241,9.997636279456328e-05
5000,58,-3.3035201525553506e-05,0.0004933093970330738,0.0013167477727007437,0.011044427948485301,98.3618066810059,-0.023143798712903084,0.00010001000100010393
5000,59,1.591111298928638e-06,0.00048167401769299244,0.0014056076124990824,0.010759841337980634,100.07958721877964,-0.04489566205122038,9.998930603630874e-05
5000,60,-1.4953207168078464e-05,0.0004880247120324019,0.0014894174673445448,0.010906772705979794,99.25512766900154,0.03838379939976928,9.999778185955668e-05
5000,61,-3.4359508265424665e-06,0.00048544699677292744,0.0016383675968221212,0.010844336652386473,99.8283499461769,-0.040360304215347406,0.00010001000100010404
5000,62,8.67382379624182e-06,0.0004857094166318266,0.001363215096669812,0.010851659904117614,100.43463299106354,-0.022842089598947124,9.998590780025687e-05
5000,63,1.9488005362156e-05,0.00047154129525113915,0.0013986566630812547,0.010542444524252029,100.97916300432246,0.023122161629882527,0.00010001000100010394
5000,64,1.045312772045648e-05,0.0005029541559019746,0.0015149437308519254,0.011237575918594051,100.52402461718941,-0.06170913514978061,9.99970356596466e-05
5000,65,3.1620036680912734e-06,0.00047591387124786276,0.0014329782246758072,0.010631345707097293,100.15822522763428,0.0032189573411886712,9.999060213487416e-05
5000,66,7.601869436944852e-06,0.0004658705341923322,0.0017053432103235622,0.010408147585865796,100.38081674316265,0.07994263112886252,9.999664426745011e-05
5000,67,1.9527493214543057e-05,0.0004585337287084518,0.001409878927879582,0.010252170428592024,100.98115674914601,0.005923367066802672,9.999711741745775e-05
5000,68,-2.9854268210874225e-05,0.0005217129523870513,0.001588252392371814,0.01167328816592488,98.51837232810456,0.04332436516722459,0.00010001000100010409
5000,69,1.4802103691073043e-05,0.0005041463399101417,0.0016119837434729334,0.011266638967642122,100.74285073210845,-0.027832122741220044,9.999908100452842e-05
5000,70,-3.78197404453342e-05,0.000477060267057755,0.0018932527621977613,0.01069022118984819,98.12677997056136,-0.015325732363707243,9.999988077457703e-05
5000,71,-3.5148970064405204e-05,0.000477420990079496,0.001375144141927187,0.010693698851696208,98.2579045507476,-0.032943649265663184,9.999498350340456e-05
5000,72,1.128434318059135e-05,0.0004653934011105096,0.0014497624529212771,0.010399162758670302,100.56581186182724,0.01978669565749414,9.999602463393577e-05
5000,73,-2.9236495193364574e-05,0.000507894080311493,0.0016568793781397417,0.011364313808431593,98.54880802452722,-0.11861077788813117,9.99971967769836e-05
5000,74,-5.903088191303141e-06,0.0004797320552405669,0.0015690991743770866,0.010717215253644065,99.70528074283318,0.07055061856193007,9.999499451052618e-05
5000,75,2.7682084228004557e-06,0.0004542022042617174,0.0015501632280985334,0.010146297503261043,100.13850625257191,0.003887421805981351,9.99934014953423e-05
5000,76,2.27922236380369e-05,0.00047564575938720103,0.0017029325011570506,0.010637337451273871,101.14612948771257,0.03966325090010717,9.999776003295527e-05
5000,77,-1.4850135850677404e-05,0.0005034540243643321,0.0014786168529026256,0.011251212140790163,99.26024297919466,-0.02022105372070816,0.00010000226361810286
5000,78,2.799300263311899e-05,0.0004961757272165558,0.0017011179466699389,0.01110138684513647,101.40949109352145,0.0626482624137256,9.999815277997521e-05
5000,79,-3.2557761017653064e-06,0.00048510000835651006,0.0017796715966440502,0.010836557897905035,99.83734362401738,-0.02532983548242591,9.999261416125254e-05
5000,80,-1.5151636035581007e-05,0.00048699101911268104,0.0016707069291737042,0.01088382984673983,99.2452806162059,0.07111169376277812,9.999417802752117e-05
5000,81,8.202896799112124e-06,0.00048561400652208397,0.0016282320944629447,0.010849345807920095,100.41098708498558,-0.04543927014100256,0.00010001000100010396
5000,82,1.843778586307465e-05,0.0004525758418873871,0.0015701483780574677,0.010118181526892311,100.92615178090173,-0.008154894955189059,9.999260297812247e-05
5000,83,-1.1069729984907184e-06,0.0004945482760295949,0.0015267679720114558,0.011047399393486597,99.94466666461517,-0.02989145202828155,9.999060553693744e-05
5000,84,7.4827479471970545e-06,0.0004890372939545132,0.0015483482515028513,0.010925546930141243,100.37483816499245,-0.0013673827344213184,9.99927931030404e-05
5000,85,-8.469144380800486e-07,0.0004901377588596882,0.0015297340048716634,0.01094886455023404,99.95766324263148,0.020491033428874338,0.00010000517365323677
5000,86,-4.876038725167753e-05,0.000484539427495611,0.0015109426231170175,0.010878567811277192,97.59146027048001,0.01656237666996723,0.00010001000100010385
5000,87,1.6563037296352334e-05,0.00047701470069874967,0.0014244830882166326,0.010662135640617049,100.8315905282709,-0.011071128857624133,9.999720432665322e-05
5000,88,1.0352393367607959e-05,0.0004975753818559431,0.0019581216321240547,0.011117402352983974,100.51896163341179,-0.0224901118852823,0.00010000635960523917
5000,89,-2.9908694766753286e-05,0.0004657769271457556,0.001844011143652402,0.010426139736073719,98.51569135673547,0.05534182889060321,0.00010001000100010371
5000,90,1.9619458537095012e-05,0.00047373470157717116,0.0014970837502819023,0.010591521172540407,100.98580023823126,0.04679530816395455,9.999650298227148e-05
5000,91,6.307542547435929e-06,0.000489582028122193,0.0013621245350261546,0.010937343512679554,100.31587496425115,-0.06827089372166868,9.999827021869501e-05
5000,92,4.195299131966479e-06,0.000478825454643919,0.0013710235867403497,0.01069656180549929,100.20998511719651,-0.009512107998410946,0.0001000005545404974
5000,93,3.120735200369928e-05,0.0004896911443963977,0.0017406961138739518,0.010961106716147234,101.57260490153624,0.04848302648609884,0.00010001000100010409
5000,94,-1.3123850457272823e-05,0.00048487575441985656,0.0015877965549782047,0.010835278576958726,99.3459557188362,-0.01923806967795219,0.0001000000532411467
5000,95,1.8329174520209435e-05,0.00046236548345457017,0.0015970859123104475,0.010336591199428133,100.92067106728234,-0.016391888337303796,9.99782749443015e-05
5000,96,1.9300967401569834e-07,0.0004644435069985733,0.0013904146181609178,0.01037488296086953,100.00965094937501,0.027319301195136845,9.999940962358142e-05
5000,97,2.320658517878904e-05,0.0004895341528708368,0.0016156326503589113,0.010947669730334722,101.16708719168204,0.07430046141494967,0.00010000856530486581
5000,98,-7.4870270332869635e-06,0.0004623363132938979,0.0015237119312807579,0.010329167740694555,99.6263484694725,0.07507780012888396,9.998980474629106e-05
5000,99,-7.633932413034116e-06,0.000463799239085968,0.0014930820715779447,0.010361896342669527,99.61903091494548,0.05460378027529739,9.999641637377133e-05
