regime,group,inflow_per_period,run_id,mean_log_return,std_log_return,t_stat_mean_return,p_value_one_sided_positive,lag1_autocorr,variance_ratio_lag5,final_price,positive_return_pct,zero_trade_periods,avg_volume,avg_cash,cash_gini_end,share_gini_end,avg_cash_constrained_ratio,avg_share_constrained_ratio
tight,baseline,0.0,0,-0.009138338555950743,0.013658542221792573,-14.960561589003412,1.0,0.9237284687383587,4.479216330030623,1.0366567877880466,0.2,0.0,3556.0878459210026,200.00000000000037,0.4023594090874816,0.4012644566403603,0.40336935621425246,0.11347619560329313
tight,baseline,0.0,1,-0.009085288814907336,0.013720428380325216,-14.806624707493118,1.0,0.9329960033164811,4.576287842235466,1.0645219003786117,0.212,0.0,3574.440091265721,200.00000000000023,0.41587465573066834,0.4038461012543251,0.4044523401039604,0.11660893692560657
tight,baseline,0.0,2,-0.009094762519346784,0.013666089269546669,-14.880999846674685,1.0,0.9368553006807788,4.577461137359126,1.0594913413653793,0.198,0.0,3565.8746154926157,200.00000000000006,0.42107961638196467,0.4002769833475363,0.40592479967609313,0.11261471916465265
tight,baseline,0.0,3,-0.009313300893791841,0.013778486991984187,-15.114267557492647,1.0,0.9178713626430662,4.5191628316402355,0.949822398409029,0.196,0.0,3562.5657491051556,200.00000000000017,0.40858001628147256,0.4002957804069125,0.39911116526022966,0.11593167937485448
tight,baseline,0.0,4,-0.009182539469793936,0.013635549130975607,-15.05827324100223,1.0,0.9298575919503175,4.500458057224658,1.0139975115680953,0.202,0.0,3542.2064225255863,200.00000000000006,0.41583031544962556,0.39199452754285974,0.4017361081632044,0.11520450913156671
tight,baseline,0.0,5,-0.009079541777313252,0.013831244311308706,-14.678702914691469,1.0,0.9323528813023771,4.516632778722102,1.0675852232192442,0.204,0.0,3571.5651544919992,200.00000000000014,0.4122807102320752,0.39523598352145883,0.40611185929395605,0.11329389447555892
tight,baseline,0.0,6,-0.009143144704223507,0.014231805082304512,-14.365495429797178,1.0,0.9383648415033863,4.589297380106246,1.0341686155016268,0.214,0.0,3594.4957983472927,200.00000000000017,0.41566048717417814,0.4071137313087337,0.39684316031228284,0.11670869439851121
tight,baseline,0.0,7,-0.009130370178636485,0.013816105141686208,-14.777050528928125,1.0,0.926531651484907,4.526497703335409,1.040795262761383,0.22,0.0,3556.7242552529656,200.0000000000002,0.4039703634818386,0.392777031517707,0.4073295699088732,0.11441751065879242
tight,baseline,0.0,8,-0.009235787422503495,0.013867605740007932,-14.89215145688413,1.0,0.9226527876415227,4.550435315531057,0.9873570765752508,0.224,0.0,3591.0158775379173,200.0000000000001,0.39915412587490096,0.3735278488984952,0.3968654390516185,0.11474801878339662
tight,baseline,0.0,9,-0.009171192931073631,0.013975177121862862,-14.674168813620438,1.0,0.9274458665165143,4.524303198665372,1.019766541739314,0.22,0.0,3556.927115850106,200.00000000000023,0.41250052365918166,0.39238246567940327,0.4033323352876339,0.11733255355462721
tight,baseline,0.0,10,-0.009287596285085605,0.013701743706517267,-15.156973510712891,1.0,0.923760873243225,4.503699430536758,0.9621085887629615,0.192,0.0,3591.831167261243,200.0000000000001,0.422092731351982,0.39869595142850733,0.40240627893997927,0.1130270931163605
tight,baseline,0.0,11,-0.009141525890885707,0.013814564429693775,-14.796755564842575,1.0,0.9301925134213227,4.575365219874438,1.0350060173293745,0.214,0.0,3563.636617509486,200.00000000000028,0.41169407653547885,0.3945990369804038,0.40206482123663617,0.11741905305663834
tight,baseline,0.0,12,-0.009216292404150296,0.013456198199282201,-15.315065972567453,1.0,0.9274760761231855,4.532928963046313,0.9970284078591525,0.202,0.0,3551.4012636464545,200.00000000000034,0.3968933864841623,0.3984363283234951,0.40975328766841496,0.11370994476714967
tight,baseline,0.0,13,-0.009105164577605362,0.013672547601863191,-14.89098267178406,1.0,0.933799412404627,4.54679494125097,1.0539952012187417,0.218,0.0,3554.3632533315094,200.00000000000017,0.41759066721306065,0.4155212977173045,0.406020294149974,0.11397653950572462
tight,baseline,0.0,14,-0.009194143354425456,0.01395588640923689,-14.731224468670218,1.0,0.934758278841658,4.592355561327483,1.0081313904016656,0.214,0.0,3617.8289886922307,200.00000000000017,0.3927460290890433,0.3945563133770818,0.3958179354459462,0.11857443524636054
tight,baseline,0.0,15,-0.009174488740002231,0.013573703025111244,-15.113621127189242,1.0,0.9392740948312601,4.577620895524089,1.018087447775835,0.196,0.0,3581.7990482489167,200.00000000000028,0.40385688950055043,0.3924953281573955,0.39849974357325096,0.11190066291511318
tight,baseline,0.0,16,-0.00906603217457278,0.013803914609828742,-14.6858806371568,1.0,0.9381302639659139,4.5584366236666245,1.07482095981737,0.22,0.0,3553.8253088511724,200.0000000000003,0.41952184645657226,0.39735215853120054,0.4030501790276268,0.11574656635598089
tight,baseline,0.0,17,-0.009159477480094639,0.013499095371661083,-15.172286527337755,1.0,0.9245744227679978,4.5005532775139,1.0257575840138666,0.212,0.0,3571.736590857986,200.00000000000028,0.39913288875879405,0.3960922198612708,0.40249575364215684,0.11316333635634981
tight,baseline,0.0,18,-0.009158019836933026,0.013559225148849675,-15.102599647009384,1.0,0.9325172816738446,4.516251478022946,1.026505450775385,0.212,0.0,3574.015136786315,200.0000000000004,0.393588854505003,0.38125144251956145,0.40328521128108274,0.11346106423187419
tight,baseline,0.0,19,-0.009076840522002957,0.013715418435649652,-14.79825972743785,1.0,0.926888498009199,4.521797385518163,1.069028107526334,0.214,0.0,3536.477085517662,200.0000000000003,0.4117877181875974,0.3924664577961522,0.40848668886380773,0.11466174402662042
tight,baseline,0.0,20,-0.009139983127731552,0.013954838730668653,-14.645546237587808,1.0,0.9183507853939241,4.483161554313602,1.0358047099120742,0.196,0.0,3568.400665077283,200.00000000000023,0.40515036070902727,0.4063861352092489,0.40597332576476924,0.11664521654684648
tight,baseline,0.0,21,-0.009155815934672504,0.013591279056007481,-15.063355505421848,1.0,0.9339177260432747,4.55101122045445,1.0276372330869574,0.198,0.0,3586.5991475821165,200.0000000000002,0.4008569583143734,0.410620200821493,0.40399554166575474,0.11208200960867445
tight,baseline,0.0,22,-0.00918950987898141,0.013692992131654964,-15.006485486693098,1.0,0.9232761803937185,4.457714413854876,1.0104696739715906,0.18,0.0,3557.817282252999,200.00000000000026,0.41652489424739464,0.39081227667284246,0.40648733095571254,0.11291826396004963
tight,baseline,0.0,23,-0.009248066395210369,0.01386217352993804,-14.917794150723095,1.0,0.930190427536683,4.51641818801122,0.981313781623718,0.188,0.0,3556.6275263070065,200.00000000000014,0.40266983369596765,0.3951833861989357,0.40260647180592,0.11983706629156626
tight,baseline,0.0,24,-0.009053647441755986,0.013517238206467346,-14.976854602146023,1.0,0.9309373538840625,4.521362925259129,1.081497294846484,0.218,0.0,3514.648009276423,200.00000000000023,0.4182422319796326,0.39525842236758957,0.4086115676903544,0.11602225983081212
tight,baseline,0.0,25,-0.009133616450423956,0.013848959167708869,-14.747236248034293,1.0,0.9207297854331524,4.468115297130166,1.039107280894934,0.208,0.0,3535.7142427727767,200.00000000000014,0.41765555239602953,0.4144847197702836,0.4059865505639336,0.11869170707487613
tight,baseline,0.0,26,-0.009184550474904688,0.013352735034743168,-15.380578698841742,1.0,0.9235935035767882,4.560337483328606,1.0129784469009921,0.194,0.0,3552.3186618339196,200.0000000000002,0.393604522326905,0.3938181941531946,0.4133111746643403,0.1137609504810586
tight,baseline,0.0,27,-0.009034599187172134,0.013778164600827012,-14.662314261196045,1.0,0.9344446822084489,4.530661143074006,1.091846819611309,0.234,0.0,3525.456126995897,200.0000000000001,0.42583616129387236,0.38547782257703217,0.4086911317760424,0.11722342743798887
tight,baseline,0.0,28,-0.009153240399695013,0.013469159650568736,-15.195653091283365,1.0,0.9306039945074082,4.56519670291662,1.0289614433604215,0.188,0.0,3560.145597685963,200.00000000000028,0.4288956108655726,0.40382380691612285,0.40414319461191633,0.11534095966063707
tight,baseline,0.0,29,-0.00910791542528194,0.013752195468269062,-14.809212151790849,1.0,0.9276562028604943,4.503177125046336,1.0525465076057932,0.212,0.0,3564.6210802119267,200.0000000000001,0.4120190726019455,0.3890737623867252,0.40457216915387595,0.1179671805700416
tight,baseline,0.0,30,-0.009172633547689478,0.013592493248513872,-15.089676169286493,1.0,0.9267667149665807,4.5281758605574804,1.0190322599135548,0.202,0.0,3549.684552114712,200.0000000000001,0.41380620228434417,0.38053837827992526,0.41061186456424786,0.1139685756622247
tight,baseline,0.0,31,-0.009247833190157812,0.013854488030169462,-14.925693113120886,1.0,0.9187073722884953,4.450750273213502,0.9814282119610322,0.2,0.0,3597.115444087492,200.00000000000034,0.4168637681339449,0.3971991340085219,0.39913518625879457,0.11807449352777565
tight,baseline,0.0,32,-0.009116241175489308,0.013730487173685541,-14.846184778311155,1.0,0.9209445611320616,4.457721732162561,1.048173995379418,0.212,0.0,3558.4034002998783,200.0000000000003,0.4087575896083334,0.3713180008621855,0.4081469293851827,0.11511151445338096
tight,baseline,0.0,33,-0.009102660161239527,0.01384010791861524,-14.70665331246008,1.0,0.9333747245447656,4.5696904011480015,1.0553158493250787,0.194,0.0,3575.1174049705673,200.00000000000085,0.40264392387328723,0.38570619216955426,0.4036118755663364,0.11549281451215075
tight,baseline,0.0,34,-0.00914872482937803,0.01366207824476452,-14.973688672708988,1.0,0.9283300946013454,4.4964556907125015,1.0312872418245294,0.196,0.0,3575.0690750419994,200.00000000000023,0.4078201493977548,0.3994672073879831,0.40217645097615773,0.11585252553843563
tight,baseline,0.0,35,-0.009126183193490763,0.013629479329667337,-14.97252059463635,1.0,0.9367646331312908,4.535466447023957,1.0429764422587582,0.212,0.0,3542.7729855812117,200.00000000000017,0.4055878296933839,0.3773647623270099,0.4079851116468059,0.11468344845538406
tight,baseline,0.0,36,-0.009118957784373114,0.013785232696283133,-14.791632422212942,1.0,0.9443282358193377,4.5932954779292485,1.046751222483729,0.212,0.0,3591.205327352446,200.00000000000034,0.38476368983016207,0.3829709663275207,0.39339217484814587,0.11315256098725263
tight,baseline,0.0,37,-0.00914789308649752,0.0137791185932976,-14.84515185336937,1.0,0.9260151778339754,4.543154888515068,1.0317162139275442,0.206,0.0,3579.975962155407,200.0000000000004,0.3966974968595484,0.4107701844111247,0.3998090137692306,0.11369882923344338
tight,baseline,0.0,38,-0.009103216824961912,0.013691442288590124,-14.867251532366309,1.0,0.9224866157593001,4.523467399162682,1.0550221621737321,0.22,0.0,3578.9575760586113,200.00000000000026,0.39599076662165167,0.3808597176145879,0.4034512755346853,0.11390402814656694
tight,baseline,0.0,39,-0.009231229827403684,0.013707242808509629,-15.058941975685794,1.0,0.9366288243172545,4.5011968843240355,0.9896096290429782,0.192,0.0,3554.251951092744,200.0000000000001,0.3981456631177864,0.4045736171622077,0.4037363983399299,0.11562037114478832
tight,baseline,0.0,40,-0.009086485220866448,0.013767767608446023,-14.757656584746696,1.0,0.9242120026168119,4.544105084867665,1.0638852906359086,0.19,0.0,3577.803687095273,200.0000000000004,0.40529987264299233,0.3780893275636787,0.4082421904573667,0.11417918300609418
tight,baseline,0.0,41,-0.009138348827582384,0.013449256159710208,-15.193382398198004,1.0,0.9293435260971563,4.542522804332624,1.0366514637233866,0.2,0.0,3575.3420794119143,200.00000000000028,0.3962520682699889,0.38790328289285675,0.41064112145689424,0.11426868252776048
tight,baseline,0.0,42,-0.009152960254112179,0.013690534379159184,-14.949483166051229,1.0,0.9379349185921075,4.4999907157847705,1.0291055829568356,0.214,0.0,3572.1396940098653,200.0000000000001,0.4055817255877989,0.40765781789746836,0.40136539990374764,0.1205308049643082
tight,baseline,0.0,43,-0.009130639115187448,0.013815436755547951,-14.77820071911863,1.0,0.9348065143547157,4.55090115883236,1.040655318226531,0.218,0.0,3560.2849293117874,200.00000000000114,0.39650694021290556,0.4060183917887556,0.4038139128168025,0.11714813857810175
tight,baseline,0.0,44,-0.00921463400115173,0.01346652764571261,-15.300564894259209,1.0,0.9379968823416864,4.492003711668455,0.9978554881705028,0.194,0.0,3583.688977479652,200.00000000000028,0.40289226990919635,0.382259826493476,0.40413576320986316,0.10842409571614754
tight,baseline,0.0,45,-0.00924051096410906,0.013484043280868375,-15.323601557921815,1.0,0.9245636324285759,4.492573678939235,0.9850279170130629,0.196,0.0,3555.083026340771,200.0000000000001,0.4087639488960385,0.40227217041449753,0.4025073442122078,0.11174959434823956
tight,baseline,0.0,46,-0.00903031261819072,0.013863337287954226,-14.565318907658408,1.0,0.932585238883701,4.542496546852138,1.0941894675497275,0.23,0.0,3556.9883285914602,200.00000000000017,0.4118365195765697,0.404620096720411,0.4066360220301008,0.1121365638018016
tight,baseline,0.0,47,-0.009201528045660712,0.013909107560661682,-14.792640086528554,1.0,0.9275619886473535,4.525744926503745,1.0044158845674176,0.206,0.0,3589.602355484626,200.00000000000026,0.4079005866006098,0.3910631337875867,0.39951636150935554,0.1132779969065864
tight,baseline,0.0,48,-0.00911140401654591,0.013527658075356292,-15.060787786007575,1.0,0.9217851742079713,4.5166392077750475,1.0507121556212877,0.202,0.0,3560.9071257276373,200.00000000000017,0.4160729405419221,0.38636934865380157,0.40401214000821,0.1125186843236875
tight,baseline,0.0,49,-0.009189458555879854,0.01347591161023678,-15.248136528110813,1.0,0.9341145330492733,4.505700399134108,1.0104956045231446,0.174,0.0,3561.8439893966884,200.00000000000028,0.41230759637355663,0.38350895931349194,0.40486528652295045,0.11285983686059554
tight,baseline,0.0,50,-0.009121984583966672,0.013723267814347196,-14.863353171705846,1.0,0.9275006132557481,4.481195880073028,1.045168267520335,0.222,0.0,3544.378333030329,200.0000000000001,0.4148241995717193,0.39223017952695316,0.4042778554205654,0.1167766255612218
tight,baseline,0.0,51,-0.009023694994827367,0.01376894817899511,-14.654420333602573,1.0,0.9260172613039458,4.54245159813148,1.0978159307752529,0.192,0.0,3544.7417529841755,200.00000000000023,0.3989500191011011,0.36734233424979945,0.40917159778043394,0.11457797908637106
tight,baseline,0.0,52,-0.009131752815904002,0.013700313159466166,-14.904199497058874,1.0,0.9375013203727581,4.509072154525522,1.0400759902541972,0.222,0.0,3534.46221927603,200.00000000000028,0.4230401277047763,0.40790270499974995,0.4115741078676711,0.11767754255435803
tight,baseline,0.0,53,-0.009222489758912456,0.013808780317553783,-14.934059017876455,1.0,0.9372439832531981,4.580010406424299,0.9939437201776105,0.19,0.0,3557.7587777829153,200.00000000000023,0.4082394761240905,0.37621665252590286,0.4038508617399419,0.11590675775159423
tight,baseline,0.0,54,-0.00918775216079192,0.013549381656294521,-15.162639087966907,1.0,0.9114822560465055,4.490167588143854,1.0113581247888774,0.196,0.0,3538.64407918335,200.00000000000082,0.402260241048912,0.3945332846527591,0.4101778864318556,0.10998808176233041
tight,baseline,0.0,55,-0.009144729326846585,0.013704677431861085,-14.920625831824488,1.0,0.9191658113344616,4.470591146752812,1.0333495565272184,0.184,0.0,3541.6019165866433,200.0000000000003,0.4146989187676631,0.3891819518535501,0.4092897744810518,0.11210367488171155
tight,baseline,0.0,56,-0.009119844268486884,0.013646991277708432,-14.942921346962853,1.0,0.9362206399383362,4.537753100274398,1.0462873611278543,0.202,0.0,3549.3615619407983,200.0000000000001,0.4067496592523067,0.37764411016307575,0.4093108565388649,0.11384023692134745
tight,baseline,0.0,57,-0.009311120198115919,0.013735911402156707,-15.157565523019798,1.0,0.921107881172883,4.501813441230472,0.9508586000150132,0.188,0.0,3562.848896761743,200.00000000000017,0.3919245618927902,0.39212308896840603,0.40127583738357464,0.11742587083855392
tight,baseline,0.0,58,-0.009107287310554124,0.013884668619899296,-14.666906409155597,1.0,0.9428774590273994,4.488843303825018,1.0528771195001945,0.19,0.0,3550.9695884865587,200.0000000000001,0.42508344191746605,0.401955324830221,0.40380566666055906,0.11473617802044313
tight,baseline,0.0,59,-0.009262551618305095,0.013502205842659556,-15.339489935928318,1.0,0.9290041380616185,4.541557316665626,0.974232182688117,0.17,0.0,3571.5458976876116,200.00000000000006,0.3950124167970054,0.41522021876381254,0.398245791819156,0.11788554126842628
tight,baseline,0.0,60,-0.009103098954445677,0.013529113469253274,-15.045441162355242,1.0,0.9322216938695965,4.553585411974801,1.0550843420094536,0.212,0.0,3548.8495490294667,200.00000000000028,0.4052466844788099,0.3812411090630592,0.4094761389993624,0.11452149371735616
tight,baseline,0.0,61,-0.0092181791262424,0.013878867429276803,-14.851698281638312,1.0,0.9234047199206536,4.531899172533357,0.9960882936006755,0.21,0.0,3576.822829337395,200.00000000000034,0.3948010308367094,0.40504980142680974,0.39651931380065114,0.11742101944626936
tight,baseline,0.0,62,-0.00910455876228475,0.013944198956985407,-14.599915248205358,1.0,0.9304698402730237,4.495023236736638,1.0543145127976365,0.212,0.0,3576.2036578128436,200.0000000000001,0.40854846515633014,0.39473128380483014,0.4042398540547862,0.1167684086813044
tight,baseline,0.0,63,-0.009206315643869657,0.0138823725427885,-14.828839622738778,1.0,0.9329631237357772,4.572322125717865,1.0020143902167034,0.19,0.0,3570.6105971837146,200.00000000000034,0.4041397037593466,0.3943951364258903,0.4024580480498209,0.11495479407946327
tight,baseline,0.0,64,-0.009159684795711926,0.013823604573398143,-14.816452356498722,1.0,0.9319236596223142,4.539938218399466,1.0256512617411704,0.19,0.0,3595.0051919811003,200.00000000000014,0.3926901026387644,0.3821060756959555,0.40282366189816254,0.10864768168111613
tight,baseline,0.0,65,-0.009136788043914018,0.013549149840978806,-15.078790479095595,1.0,0.933561161075819,4.495821289089032,1.0374607738089878,0.188,0.0,3559.525971980024,200.00000000000023,0.3762978045867759,0.37288557413536877,0.4032886713471128,0.11357152431037809
tight,baseline,0.0,66,-0.009130211589969411,0.01360137196556357,-15.010084141377364,1.0,0.9339185343302062,4.551664450912353,1.0408777952002248,0.212,0.0,3542.0374665395498,200.0000000000001,0.40016150229850506,0.39809334678343666,0.4044140205149331,0.11696098659594732
tight,baseline,0.0,67,-0.00921470585362273,0.013979764843658593,-14.738952272657306,1.0,0.9380134591646283,4.517052399689085,0.997819639623197,0.184,0.0,3564.849682755439,200.00000000000023,0.39856844868961755,0.4104572357470414,0.4031022653475261,0.12004302251281601
tight,baseline,0.0,68,-0.009197414100137904,0.014067198364040658,-14.619857211721316,1.0,0.9364490186319607,4.527446119947965,1.0064840670513813,0.198,0.0,3572.970437075209,200.00000000000028,0.4116048120252898,0.41614313243201595,0.40118030440413954,0.11767026496053
tight,baseline,0.0,69,-0.009114049869118592,0.014009266718779936,-14.547253233713215,1.0,0.9239097833164418,4.541865409434574,1.0493230599294328,0.238,0.0,3582.2290371191816,200.00000000000009,0.4270738419108535,0.3977434501860296,0.4013171831310295,0.1135169154932166
tight,baseline,0.0,70,-0.009115190469294984,0.013316112916929667,-15.306407841652163,1.0,0.9296541808808209,4.530178067272165,1.04872480150544,0.206,0.0,3583.52299197255,200.00000000000026,0.40477648410695244,0.39379184543890167,0.40804038966037043,0.11199349032139
tight,baseline,0.0,71,-0.00915029359042329,0.013729302179852175,-14.902926757845895,1.0,0.9122092963464548,4.492942467628152,1.0304786373670567,0.206,0.0,3537.818061246844,200.00000000000037,0.41220728802940276,0.40153083798100203,0.4091199515812209,0.11479071880400449
tight,baseline,0.0,72,-0.009183225381539947,0.013923579567649431,-14.747871483806485,1.0,0.9353281577272468,4.531259251163673,1.0136498147920245,0.182,0.0,3573.3255673534745,200.00000000000026,0.4181585865819951,0.40893309732431204,0.398092768460296,0.11704127414959135
tight,baseline,0.0,73,-0.009245411452350616,0.013430360500549618,-15.393010847746796,1.0,0.9296237793727476,4.588944747420566,0.9826173126412378,0.188,0.0,3580.7791174365116,200.0000000000002,0.39831863278774504,0.3929189930941969,0.4030048161690973,0.11433755446702791
tight,baseline,0.0,74,-0.00915074847918936,0.01403738576295063,-14.576571442864745,1.0,0.929757570587179,4.546614406400824,1.0302442874409479,0.19,0.0,3526.1633010094138,200.0000000000001,0.40838717325407503,0.39737452450678745,0.4067980049551126,0.11527181049570186
tight,baseline,0.0,75,-0.009080233845823996,0.013811352794563487,-14.70096407851445,1.0,0.9277505735799227,4.565237126194939,1.0672158660702808,0.218,0.0,3565.072098649139,200.00000000000028,0.42135420010955327,0.3908543841343732,0.40224426177748923,0.11694598328042499
tight,baseline,0.0,76,-0.009123598257591412,0.013616516661090785,-14.982529240880584,1.0,0.9331918474112414,4.599243418065807,1.0443253273902708,0.202,0.0,3538.4453644777664,200.00000000000034,0.4175975542126222,0.4028787256351179,0.404481283315666,0.11766817787534176
tight,baseline,0.0,77,-0.00918385472210512,0.013463308132365818,-15.253103659375938,1.0,0.9233865287616253,4.561256752055385,1.0133308994975745,0.174,0.0,3572.7928304339457,200.0000000000003,0.41483506560734634,0.40684304887903444,0.404069843173979,0.11317681475013873
tight,baseline,0.0,78,-0.00918613438311229,0.013776963540002976,-14.909541475844495,1.0,0.9281281746817336,4.5162762081662455,1.0121765320446992,0.202,0.0,3552.6655900763553,200.00000000000017,0.43414999556278894,0.4032209092211466,0.4034118236789524,0.11298391157375537
tight,baseline,0.0,79,-0.009108665477793793,0.013500986969938443,-15.086004629145558,1.0,0.933400361160923,4.551467739817888,1.0521518490381456,0.206,0.0,3549.6799415481464,200.0000000000003,0.40617891337271445,0.38395511046395814,0.40768275170769847,0.1140393354520253
tight,baseline,0.0,80,-0.009088543462951982,0.013723711878670863,-14.80838506323277,1.0,0.9321522595392292,4.545471292389312,1.062790987078215,0.194,0.0,3579.627797255023,200.00000000000023,0.4108719368594524,0.3973621152911037,0.40680959451885496,0.1122206185826001
tight,baseline,0.0,81,-0.00913403129627793,0.01384050074442425,-14.756919033667234,1.0,0.9272406739264176,4.519605269733278,1.0388917685731485,0.19,0.0,3573.1885306191284,200.00000000000014,0.4154653130148731,0.38125979194681064,0.4033907241811694,0.11318646061105606
tight,baseline,0.0,82,-0.009194148349317288,0.013658441640533992,-15.052039790014557,1.0,0.9289645710148291,4.519971337298846,1.0081288726511857,0.2,0.0,3581.313777806758,200.0000000000001,0.4392111897789143,0.38668934463295296,0.40521651228366057,0.11208606250090729
tight,baseline,0.0,83,-0.00909101380452707,0.013771943855208317,-14.760534217269381,1.0,0.9296193630965414,4.572567038584679,1.0614790690858935,0.218,0.0,3558.7423317023076,200.0000000000003,0.4080325947824724,0.3976246452792176,0.4016648120178276,0.1136802357468447
tight,baseline,0.0,84,-0.00923485009084536,0.013895960512459242,-14.860255645254304,1.0,0.9415750535754748,4.56636554992966,0.9878199255504067,0.192,0.0,3582.3518688926138,200.00000000000006,0.3943846097657271,0.3964781533577783,0.3995787400491913,0.1179455128886669
tight,baseline,0.0,85,-0.009307435155839606,0.013562498258733954,-15.345297973569284,1.0,0.9394051724087017,4.581836120165482,0.9526121921040813,0.174,0.0,3560.5344841799915,200.00000000000023,0.4072143294504692,0.3927351437053637,0.40190840144225953,0.11354780250398547
tight,baseline,0.0,86,-0.009193735055105463,0.013699292030005243,-15.006480995741445,1.0,0.9338015317048837,4.551813992539504,1.0083372210916648,0.188,0.0,3574.3441636068173,200.00000000000023,0.4049350742193243,0.3967696544401507,0.3997922776943763,0.1191285896578556
tight,baseline,0.0,87,-0.009120841190638121,0.013843049190330062,-14.732896368304159,1.0,0.9292755273051811,4.560036870600262,1.0457659575649063,0.212,0.0,3577.8120727161763,200.00000000000023,0.4289245888827472,0.40965741072800643,0.40340053908664836,0.11650779984332159
tight,baseline,0.0,88,-0.009140982395165207,0.013572519874933513,-15.059737031196189,1.0,0.9263386437623454,4.4924714439542655,1.0352873162193845,0.194,0.0,3556.080000549479,200.00000000000017,0.40994667721078987,0.3906522914439496,0.40380280457379686,0.11641940498114035
tight,baseline,0.0,89,-0.009054783713237785,0.01402105779107448,-14.440502425748898,1.0,0.9394480402318671,4.569123588065733,1.0808830320884322,0.236,0.0,3572.8595505153835,200.00000000000028,0.42424402959024654,0.3937929758459949,0.40510934833109913,0.11483742579278186
tight,baseline,0.0,90,-0.00917824988946675,0.013815823757964652,-14.854844001246192,1.0,0.9353822123676002,4.495796294688238,1.0161746573826829,0.2,0.0,3583.876086185616,200.00000000000028,0.4015688273166819,0.39502851966987634,0.3965955797930023,0.11666684916704
tight,baseline,0.0,91,-0.00915680674006006,0.013669838130495543,-14.978408765444758,1.0,0.9244603147533575,4.5049687994415395,1.0271282649159712,0.2,0.0,3586.828030373752,200.00000000000014,0.39560539140126777,0.3886093193018535,0.40220331449879926,0.11406792689897426
tight,baseline,0.0,92,-0.00918545681071664,0.013480957012970316,-15.235792097986458,1.0,0.9268594118033239,4.5331514740864165,1.0125195015769106,0.192,0.0,3566.816847005987,200.0000000000001,0.4052033681092977,0.38855372291028173,0.40462915679521944,0.11382286968094567
tight,baseline,0.0,93,-0.009118889282898274,0.013503366580499929,-15.100276063970963,1.0,0.9350336200786109,4.519764537492194,1.0467870750989798,0.202,0.0,3571.5528361612314,200.00000000000023,0.38925552476131,0.3692075139152449,0.4057521893279964,0.11102831475859617
tight,baseline,0.0,94,-0.009083742819371476,0.013866005509367948,-14.64867904496173,1.0,0.9334972759774083,4.473584017598475,1.065345091552997,0.218,0.0,3548.984821842943,200.00000000000017,0.40627989352158944,0.4044919062861934,0.4050099832077213,0.118455170491569
tight,baseline,0.0,95,-0.009212426197438225,0.01379075255971966,-14.93726402962198,1.0,0.9270247542120542,4.524925683286277,0.9989576309134545,0.212,0.0,3540.8691762045446,200.00000000000034,0.41409559416285857,0.3888692729464616,0.4072858374037222,0.11606288931771386
tight,baseline,0.0,96,-0.009238001750503983,0.013655157994728532,-15.127470438909132,1.0,0.9267295619884357,4.514210015357293,0.9862645152985436,0.17,0.0,3553.0626338811985,200.0000000000001,0.4092697621496383,0.3993267796321184,0.4016879094452813,0.11533584368900204
tight,baseline,0.0,97,-0.009184445184937799,0.013909274155848247,-14.765000343678329,1.0,0.9261526801745074,4.543027059153123,1.0130317765383152,0.206,0.0,3566.0644092119123,200.00000000000034,0.4193480278793382,0.39158435743613845,0.40042896635716924,0.11649010637570176
tight,baseline,0.0,98,-0.009140912055538426,0.013453732492724366,-15.192587442618489,1.0,0.9276489237985257,4.522073004229518,1.0353237277213911,0.196,0.0,3552.165934930278,200.00000000000017,0.38873693778789403,0.38201439582762386,0.40819347331410316,0.11150544326550556
tight,baseline,0.0,99,-0.00917318890500576,0.013929826170533708,-14.725147113055359,1.0,0.9298388226132046,4.523202602322316,1.0187493356858481,0.182,0.0,3583.1097101004743,200.0000000000002,0.40219093894925606,0.3954069957452308,0.4038354356547913,0.11342725244255421
tight,inflow,10.0,0,-0.0031842253726319454,0.011893833489653798,-5.9864167386219895,0.9999999989274284,0.9054463281285925,4.35845156091386,20.34952356697173,0.526,0.0,3960.528842629533,2700.0,0.3157674547505485,0.43822048205331193,0.2441221981224526,0.16673351517051901
tight,inflow,10.0,1,-0.0034147561035429374,0.012262646507099562,-6.2267364305768815,0.9999999997618744,0.9190068822947325,4.381476983178489,18.134063559650073,0.538,0.0,4013.4835297656555,2700.0,0.29988610423407613,0.4582275554477071,0.23533431248829015,0.1679455225751948
tight,inflow,10.0,2,-0.0033619483973770024,0.012038888822812897,-6.244384564077212,0.999999999787264,0.915219826577478,4.373361810393685,18.619249916799948,0.532,0.0,3968.855370665267,2700.0,0.3111144645002025,0.45644291155364,0.24306133291013948,0.163971747271051
tight,inflow,10.0,3,-0.0033310592276952055,0.011789858443605476,-6.317696608345876,0.9999999998672547,0.9119657625434586,4.390934566384331,18.90904865181164,0.528,0.0,3953.5865438367096,2700.0,0.3021225239818366,0.446167800691277,0.2389662777432177,0.17008169472479923
tight,inflow,10.0,4,-0.0034095783482940966,0.011996678167925138,-6.355133358316685,0.9999999998958771,0.9201663098653302,4.358335192962584,18.181071253367776,0.544,0.0,3980.017369643298,2700.0,0.29061311959290104,0.45191889124542534,0.23134087505774487,0.16868795110739143
tight,inflow,10.0,5,-0.0033475874743761455,0.01177464004100033,-6.357250096195691,0.9999999998973013,0.9227324935294413,4.420627901159081,18.753425870130002,0.534,0.0,3960.482304867462,2700.0,0.29050025467163415,0.44304423343183624,0.23496250930229923,0.16604536750978532
tight,inflow,10.0,6,-0.003301850196978936,0.012356984106795395,-5.974889526568056,0.9999999988487692,0.9250395897318081,4.411623992873711,19.18723256939001,0.544,0.0,3955.095275845643,2700.0000000000005,0.30106886663180726,0.44842544487634134,0.2314783626459009,0.17086324860762753
tight,inflow,10.0,7,-0.0033575884862705836,0.012078660193189475,-6.215752389495068,0.9999999997446035,0.9213166305198044,4.334214210010633,18.659883327475768,0.526,0.0,3969.6842954892504,2700.0,0.30327690710698435,0.4424840439003575,0.23647275955347807,0.16751968669693074
tight,inflow,10.0,8,-0.0033880500611324304,0.011846995939293926,-6.394794331562801,0.9999999999196182,0.9277464603040992,4.3664899169447775,18.37783199539895,0.54,0.0,3945.4047357510067,2700.0000000000005,0.27501414016840203,0.4300318075527025,0.23716407407438578,0.16965985918200185
tight,inflow,10.0,9,-0.0034184139712976186,0.01222036296575674,-6.254974616118656,0.9999999998012097,0.9142209452314511,4.391295357114051,18.100927867203787,0.518,0.0,3971.048531054557,2700.0,0.30146388376673555,0.45674608145551476,0.24270362491765057,0.17060475859494062
tight,inflow,10.0,10,-0.003334198327885162,0.012076472192296357,-6.173569559803444,0.9999999996661741,0.9222693573051496,4.389097377321401,18.879393231626004,0.534,0.0,3981.786492423053,2700.0000000000005,0.30091419311792206,0.45858096086023215,0.23826146681401178,0.16574632407061757
tight,inflow,10.0,11,-0.0033606914070442267,0.01194844724673036,-6.289297916603081,0.9999999998405475,0.9162233348830839,4.404298974877191,18.630955703504284,0.528,0.0,4013.3821642732696,2700.0,0.2958259064718055,0.466127585102755,0.2349225800567959,0.1629711345812355
tight,inflow,10.0,12,-0.003265683723486215,0.012099577107211813,-6.035162001139162,0.9999999992059836,0.9195069862302374,4.3604488662468555,19.53735597979857,0.518,0.0,3974.31042811664,2700.0,0.29908541385168813,0.4304808771435817,0.23942797633884927,0.16461048363382488
tight,inflow,10.0,13,-0.0033014201205795396,0.012150531116453183,-6.075619033562308,0.9999999993824484,0.9159883143388733,4.320470188477516,19.191359000993234,0.526,0.0,3945.1821357446324,2700.0000000000005,0.2952886547801909,0.4428527898936253,0.23524982056058039,0.16732621207914897
tight,inflow,10.0,14,-0.0034853755220797195,0.01201133034098849,-6.488487430812508,0.9999999999566488,0.9214856754017291,4.326926853010225,17.504927713980013,0.514,0.0,3960.191988844162,2700.0000000000005,0.28533576406136285,0.44548793032911144,0.23215716717487372,0.17341553067243612
tight,inflow,10.0,15,-0.0032615843818456164,0.01215763139609177,-5.998803676925836,0.9999999990061175,0.9213255676847146,4.398260467396719,19.57744219599596,0.548,0.0,3969.675180162286,2700.0,0.3064169499388624,0.4424354291652586,0.2366313707626904,0.16583569769744178
tight,inflow,10.0,16,-0.0032913546248311168,0.01200852898444156,-6.128721251966855,0.9999999995570592,0.9127271040006827,4.315890308475971,19.288187725108912,0.512,0.0,3945.0160755613074,2700.0,0.30724979638852246,0.4669499565205056,0.23974409906616131,0.17463512649874963
tight,inflow,10.0,17,-0.003373894288306645,0.011811681713988938,-6.38711502750454,0.9999999999154778,0.9214428533457928,4.352562137637505,18.50836962307244,0.526,0.0,3936.05964749811,2700.0,0.3081876506333108,0.45074816552215624,0.23468812951644225,0.1693998161259882
tight,inflow,10.0,18,-0.003332052247926188,0.011855912142293793,-6.284371241555468,0.9999999998354083,0.9187241128261996,4.351482598836381,18.899662448247035,0.55,0.0,3962.04451253966,2700.0,0.2961028642983765,0.4379742853146315,0.23984803964209186,0.1684293520552261
tight,inflow,10.0,19,-0.003178376516565499,0.011915702129207222,-5.964454189996013,0.9999999987727344,0.9159264715855263,4.391930347525994,20.409121386445953,0.524,0.0,3975.6677334003125,2700.0,0.3079619408392633,0.42802777777557605,0.24529652644559718,0.16678245376366335
tight,inflow,10.0,20,-0.0032635582699093433,0.01174629523722043,-6.212629593137779,0.9999999997394742,0.9195172672448124,4.396256975004029,19.558129887912678,0.512,0.0,3962.441348510784,2700.0000000000005,0.3117951227486826,0.4476221078782386,0.2394393860622124,0.1668859142814586
tight,inflow,10.0,21,-0.0034132550874089425,0.011987189293176463,-6.367022504881895,0.9999999999036335,0.9280360163293533,4.281972425673394,18.147678429034624,0.514,0.0,3952.5916265861824,2700.0000000000005,0.2848275555966668,0.45238076885183,0.2429908091546259,0.17127419417677503
tight,inflow,10.0,22,-0.0032385964802467554,0.012194466939490337,-5.938530907055758,0.9999999985620628,0.9151764345943914,4.329870990964582,19.803762519094995,0.528,0.0,3974.195755189464,2700.0,0.3177498887925915,0.4505496611769377,0.2374120608787997,0.1691722640639245
tight,inflow,10.0,23,-0.00338026738676147,0.01205913501182296,-6.2678688409357255,0.9999999998169886,0.9142526701823966,4.309924594698319,18.44948566029852,0.526,0.0,3993.508640603205,2700.0,0.2838947903231276,0.4516531622602839,0.23658452173971933,0.17164950828973513
tight,inflow,10.0,24,-0.003235590514443986,0.011925234118370334,-6.066967126880173,0.9999999993482589,0.9165886215354997,4.329993664957647,19.833549614684642,0.542,0.0,3951.562453796061,2700.0,0.31658892383137116,0.43543772115714013,0.245597352879477,0.1617424439533655
tight,inflow,10.0,25,-0.0033271082495733026,0.011865093274074945,-6.270191091377044,0.9999999998196973,0.9105021960607262,4.405750236134677,18.946440191705094,0.532,0.0,3980.257330155492,2700.0,0.3055872106916719,0.4500983123289902,0.23828182801077696,0.17342202821792072
tight,inflow,10.0,26,-0.003450122064740893,0.012074696065325775,-6.389152510087984,0.9999999999165962,0.9189404395439364,4.344833816744759,17.81621777810352,0.514,0.0,3982.056394926793,2700.0,0.28214017779947403,0.45152976282640306,0.23003465033863785,0.1678852796413209
tight,inflow,10.0,27,-0.003308746218305237,0.012241147299471393,-6.044026171260402,0.9999999992484244,0.9101431060096564,4.330093123388006,19.121188712287882,0.534,0.0,3984.245836790418,2700.0000000000005,0.2895848110419089,0.4358380867200709,0.2338803472493367,0.17216049875390968
tight,inflow,10.0,28,-0.0032938317269970013,0.012133726153113741,-6.070049344339923,0.9999999993606452,0.9224559885459727,4.450812206898741,19.264313107332825,0.546,0.0,3977.8541987294807,2700.0,0.3084230891836263,0.4435256315355584,0.2325727562188789,0.16613404301251763
tight,inflow,10.0,29,-0.0033719993063489177,0.012069639933600797,-6.2470957796243605,0.9999999997909227,0.9262902832685602,4.415091253886854,18.525914446792317,0.524,0.0,3978.9389297656767,2700.0,0.3115558897567772,0.48207970835858144,0.2270019970960797,0.17287344327146978
tight,inflow,10.0,30,-0.0034128723504656556,0.012004144616209285,-6.357316425416882,0.9999999998973457,0.926773794793293,4.365010569046853,18.151151654841826,0.526,0.0,3965.590431016619,2700.0,0.28534736265475785,0.45133135202296215,0.23870077983363333,0.1710483065990241
tight,inflow,10.0,31,-0.003278308114643611,0.012236171879296773,-5.990860432367171,0.9999999989563314,0.9143900495265742,4.374479426703962,19.414420771486302,0.544,0.0,3960.169626851854,2700.0,0.30555892749990776,0.4368861175510772,0.23618048430340524,0.17305430116191825
tight,inflow,10.0,32,-0.003307945175544302,0.012104357665922343,-6.110849069822082,0.9999999995044877,0.9116349216985143,4.349505601674682,19.128848691077348,0.548,0.0,3966.0109665198065,2700.0,0.3039852351655734,0.44377279201597525,0.23991578312861409,0.16592000729751769
tight,inflow,10.0,33,-0.0032524318281546023,0.012005775959487614,-6.057633162969659,0.9999999993093052,0.9073064601453442,4.290236363581623,19.66723930290915,0.532,0.0,3975.137244683257,2700.0000000000005,0.31728873487071657,0.45992356028243603,0.23769328399065842,0.16207979009131324
tight,inflow,10.0,34,-0.003291494870907874,0.011748183770700893,-6.264803498645652,0.9999999998133521,0.9060131603117252,4.382326727837877,19.286835226202037,0.558,0.0,3930.4529585457162,2700.0,0.3071367185563453,0.4468565464096591,0.24454752296210286,0.16878529895535951
tight,inflow,10.0,35,-0.0032899870146957167,0.011974014843552495,-6.143832879840184,0.999999999597232,0.9195192334532025,4.308417051566719,19.301381596125918,0.534,0.0,3966.1110168546757,2700.0,0.3070191402779981,0.4424557284406319,0.24242731694641287,0.16676867578604704
tight,inflow,10.0,36,-0.003265029773443411,0.012098694258205082,-6.03439376693806,0.9999999992021973,0.9275018055789793,4.418715704934648,19.543745251697434,0.552,0.0,3987.92524211345,2700.0,0.30863951734038997,0.45402987403397116,0.23440032566483335,0.16987358513411932
tight,inflow,10.0,37,-0.003392051819622904,0.011871034757617135,-6.389382734316223,0.9999999999167217,0.9240768969488349,4.440687899566951,18.341096936251404,0.522,0.0,3968.491008363923,2700.0,0.3001516458903234,0.4357205143244313,0.24050319566165182,0.1658154492733913
tight,inflow,10.0,38,-0.0033318483337840057,0.012058593141770194,-6.1783653179683915,0.9999999996761565,0.9253780534043619,4.392068536176015,18.90158950071151,0.52,0.0,3991.288624687589,2700.0000000000005,0.29379764398958413,0.4454581435746902,0.2382357832863759,0.1663578509526863
tight,inflow,10.0,39,-0.0033111793751060166,0.011869988755780053,-6.237598300021105,0.99999999977783,0.9152025789618345,4.376528167536881,19.097940431656177,0.518,0.0,3958.2345025860304,2700.0000000000005,0.30591445485080815,0.44038394281740567,0.24459026148136997,0.1693372037521815
tight,inflow,10.0,40,-0.0032500287132896525,0.011860495421573638,-6.127303180373912,0.9999999995530947,0.9154505276622108,4.354111862123808,19.6908848233504,0.546,0.0,3974.071679867334,2700.000000000001,0.31485964913958536,0.4484144084411745,0.23870292240866883,0.169379861501663
tight,inflow,10.0,41,-0.0032894349457793072,0.011952749224111946,-6.153730834984828,0.9999999996215946,0.9300967289899228,4.314120367747009,19.30671017793967,0.532,0.0,4000.7437310401024,2700.0,0.31851286795091394,0.4551002407521187,0.2447429284061833,0.16133381046331238
tight,inflow,10.0,42,-0.0032224127529331854,0.01205724455467834,-5.976103357980753,0.9999999988573098,0.9091705878254607,4.357970343571592,19.96466197557262,0.544,0.0,3950.76480683679,2700.0,0.31436371474271096,0.4387608937936825,0.23910010403504742,0.16754389322095742
tight,inflow,10.0,43,-0.0032833290782963375,0.011978546625080286,-6.1290799638417175,0.9999999995580565,0.9215370375939198,4.341764391580004,19.365742349683146,0.534,0.0,3976.989563770513,2700.000000000001,0.3079919063041864,0.44379422429761245,0.24293896813551935,0.16739270656484115
tight,inflow,10.0,44,-0.003286435377872558,0.01196471225408276,-6.14197211978552,0.9999999995924842,0.9154072898751631,4.334875589675681,19.335687796709074,0.544,0.0,3969.2378421217377,2700.0,0.297074308033571,0.4442786114179634,0.2405323260000903,0.16779518426475193
tight,inflow,10.0,45,-0.0033060704847800776,0.012058788486056255,-6.130465221213641,0.9999999995618876,0.9235660695211774,4.3454893818249465,19.146787435149072,0.558,0.0,3954.394592273083,2700.0,0.3096659627258057,0.44234207373273093,0.24246746825269866,0.17054594419299846
tight,inflow,10.0,46,-0.0033382605866973227,0.011875736490391496,-6.2855702503192425,0.9999999998366738,0.9098521263586267,4.35045817944863,18.84108565785386,0.52,0.0,3971.0928956691682,2700.0,0.30812564599034725,0.4463103787494526,0.24295324131861867,0.16694820743376892
tight,inflow,10.0,47,-0.0033692614269397307,0.012334530085200003,-6.107972928490383,0.9999999994954777,0.903787241843398,4.279827193829907,18.551292673310165,0.53,0.0,3970.691607187846,2700.0,0.30230069256965464,0.4515834411776633,0.23524174872710762,0.1717842002292443
tight,inflow,10.0,48,-0.0033175758262202846,0.011868505885228251,-6.250428773154641,0.9999999997953364,0.9166694577454302,4.411390900532839,19.036958479478244,0.526,0.0,3987.213994978808,2700.0,0.30202211011226393,0.44332267434742334,0.23471749876744286,0.16735708627813295
tight,inflow,10.0,49,-0.0034095583553947115,0.012178030605020953,-6.260457460807838,0.9999999998080751,0.911824271760545,4.383453243757587,18.18125300044032,0.516,0.0,3984.199964733304,2700.0,0.29368943994335883,0.466814858104918,0.23336165676414028,0.1722692789587453
tight,inflow,10.0,50,-0.003210168020609669,0.012124129283733569,-5.92055210340737,0.9999999983956869,0.9201083045339113,4.439735642337487,20.08726788263785,0.562,0.0,3985.1093256335157,2700.0,0.31530486237099264,0.45218897686271065,0.24055133197139794,0.16961827477426958
tight,inflow,10.0,51,-0.0033735234840223515,0.011748943293894767,-6.420515994732717,0.9999999999320934,0.9212358789421535,4.386656890341648,18.511801432570785,0.516,0.0,3960.6242315858035,2700.0,0.28366378798178254,0.4366478743958097,0.2390136364868871,0.1670329409125527
tight,inflow,10.0,52,-0.0033565252590069647,0.011789086641333171,-6.36641232325858,0.9999999999032496,0.9109167617413118,4.4081205518594055,18.669805813051237,0.52,0.0,3978.9383857978264,2700.0,0.2922296452867994,0.43629547739749047,0.24141873486261778,0.16836392156739793
tight,inflow,10.0,53,-0.0032533210849663226,0.01224303146577041,-5.9418675178258225,0.9999999985910344,0.9205182297951796,4.339284961544786,19.65849663341386,0.53,0.0,3965.0416411927063,2700.0,0.3012287161623309,0.42681517041415007,0.24056831362857067,0.17192411805785876
tight,inflow,10.0,54,-0.0033086725849261586,0.011939520390383093,-6.1965778970016485,0.9999999997114801,0.9146427290148234,4.40940889824014,19.121892704115567,0.53,0.0,3975.0115885432565,2700.0,0.31365600275418626,0.4539389769104812,0.24194471425109612,0.16425202625217697
tight,inflow,10.0,55,-0.00333248978018852,0.012238568481105681,-6.088680791653869,0.9999999994307758,0.9317770833474834,4.415300187295736,18.895528294435795,0.55,0.0,4014.986691287049,2700.0000000000005,0.302748873652762,0.458645813841457,0.23327720921412112,0.17048032534696525
tight,inflow,10.0,56,-0.0034687455653863815,0.012158220697794346,-6.379511503901217,0.999999999911173,0.9175159134074448,4.4253791341693995,17.651087625019592,0.51,0.0,3986.111554212191,2700.0,0.29720441193711644,0.439669816252074,0.2308839164581737,0.1718510261823031
tight,inflow,10.0,57,-0.003318515510343923,0.0120190824526477,-6.173870838103588,0.9999999996668101,0.9161026593898233,4.401311027411674,19.02801621654561,0.528,0.0,3989.961425156056,2700.0,0.2955254442035021,0.4390653456794594,0.23846689699958526,0.17362350146232758
tight,inflow,10.0,58,-0.0034413658233750245,0.011878241631896456,-6.478339265171609,0.9999999999536312,0.9227385813455365,4.337000809197776,17.894390329213735,0.512,0.0,3992.309675639246,2700.0,0.2834142065730358,0.44956295161044263,0.23287309853669466,0.1662354688880315
tight,inflow,10.0,59,-0.003337195253562629,0.011966212216469083,-6.2360547399330555,0.9999999997756279,0.923458479326603,4.4119106479333,18.851124347676183,0.55,0.0,3968.40974272254,2700.0000000000005,0.3088859658546726,0.4464745135821208,0.23879028915849854,0.16020540583413262
tight,inflow,10.0,60,-0.003253149247747393,0.012201034450306309,-5.962005015675415,0.9999999987541925,0.9056532926821798,4.266228722794325,19.66018573667043,0.53,0.0,3981.753256746305,2700.0000000000005,0.3193242464721959,0.45741510594912266,0.23816990129352217,0.1668291078147116
tight,inflow,10.0,61,-0.003264213969775807,0.012448026673603056,-5.863583458574376,0.9999999977350851,0.9212764148141195,4.36579965218708,19.55171880732839,0.56,0.0,3957.688851315702,2700.0,0.30170907775960004,0.4314661534027612,0.24034992744016073,0.16682333328554855
tight,inflow,10.0,62,-0.0033242675555830424,0.01230219298490236,-6.042246483048275,0.9999999992400848,0.9232684011728837,4.386080301125578,18.97336983128883,0.538,0.0,3959.475239414182,2700.0,0.2972686846710834,0.4488491301562922,0.2357971446000336,0.1719125753045824
tight,inflow,10.0,63,-0.003370432110634477,0.01235183703462212,-6.1015339595251925,0.9999999994747235,0.9113334852068157,4.241863711056137,18.540437002834672,0.526,0.0,4005.2202260570516,2700.0,0.2959910041162957,0.44874075323204726,0.23294298523516577,0.16400771707145495
tight,inflow,10.0,64,-0.0033634216069670176,0.01223479577726965,-6.1470902229053825,0.9999999996054139,0.9193165786039222,4.399206949074706,18.60553993806973,0.534,0.0,3959.7880473918617,2700.0,0.29093628379970415,0.43891222905381155,0.23627944404850834,0.1705969372616421
tight,inflow,10.0,65,-0.003178149970465959,0.012184515870944228,-5.832451163363388,0.9999999972690503,0.9150293627173044,4.392844233280616,20.411433320805983,0.558,0.0,3956.3674098289666,2700.0,0.31649745619784914,0.43712371258992766,0.24043092382283687,0.16641164809279405
tight,inflow,10.0,66,-0.0032930665228925048,0.011973979913580842,-6.149601596763021,0.9999999996116109,0.9120398994471296,4.342526268767152,19.27168508323947,0.548,0.0,3972.2379820697984,2700.0,0.3002747054147651,0.44478654805071904,0.23834060824462966,0.1671338006382935
tight,inflow,10.0,67,-0.0034152235630308015,0.012102127935731736,-6.310189485560228,0.999999999860653,0.9210465985742009,4.435498153824581,18.1298255849075,0.524,0.0,3986.1102023559074,2700.0,0.29623574954862963,0.4614726743919124,0.23203383418125537,0.16672242510970828
tight,inflow,10.0,68,-0.003260209341506048,0.011706365460247786,-6.227423646769561,0.9999999997629161,0.9209127093810123,4.304704774382667,19.590906710410735,0.536,0.0,3974.2646635266638,2700.0,0.30559265260358937,0.4486860436908307,0.23858556903813904,0.16823147877235556
tight,inflow,10.0,69,-0.0033497413319978405,0.012155893080738183,-6.161825606426778,0.999999999640445,0.9167810676055365,4.341409175302468,18.73324063648905,0.522,0.0,3965.774642279311,2700.0,0.3069210547962665,0.4585635388902863,0.2379061386269429,0.16913111816230422
tight,inflow,10.0,70,-0.0033058735939915556,0.01187142607954415,-6.22684926954497,0.9999999997620457,0.9291654555114065,4.498450052700573,19.1486724409705,0.544,0.0,3954.536100102469,2700.0000000000005,0.3027277922714417,0.456684963342007,0.23867462130914707,0.17181485272502273
tight,inflow,10.0,71,-0.003298953592866402,0.012164041520441883,-6.0643368208418185,0.9999999993375039,0.9131511979510548,4.334927143715269,19.21504161085933,0.52,0.0,3989.3885559001283,2700.0,0.30083089990538564,0.43465673924480563,0.23701115989793092,0.16869001688070534
tight,inflow,10.0,72,-0.0032649767342397304,0.012058769347735957,-6.054274455532243,0.9999999992947403,0.9210697045387143,4.352189363128956,19.54426355091249,0.536,0.0,3956.638195848511,2700.0000000000005,0.3086242643325246,0.4545381778714828,0.23690652090205555,0.17120689528500777
tight,inflow,10.0,73,-0.003499847626740177,0.012135765165485878,-6.448622808341086,0.9999999999435645,0.9099573968584372,4.306265986657265,17.378718320590288,0.522,0.0,4006.561033883522,2700.0,0.28356239891885887,0.44836482181973736,0.23142953680103295,0.1687230864787298
tight,inflow,10.0,74,-0.0033049549883510158,0.012176961438756278,-6.068922903056103,0.9999999993561453,0.9200828709931947,4.285978709861576,19.157469500329498,0.556,0.0,4012.5276175187673,2700.0,0.3107791182929944,0.44660253665447774,0.2334309341272746,0.17066141893818343
tight,inflow,10.0,75,-0.003249423682182991,0.012066248014055049,-6.021699730185649,0.9999999991370256,0.9160235794420546,4.372278172670933,19.69684252337133,0.512,0.0,3989.4499715989687,2700.000000000001,0.2968345967219101,0.43037916764207446,0.24448075825671708,0.16552443527970942
tight,inflow,10.0,76,-0.0033722921280767587,0.012078434735892509,-6.243089111504695,0.9999999997854938,0.920128231638199,4.437976924055498,18.52320225020561,0.524,0.0,3963.343300590518,2700.0,0.29235783512643787,0.4426947911714069,0.23380920161340374,0.17134146314446053
tight,inflow,10.0,77,-0.003141709310154316,0.011986528005355511,-5.860809385261737,0.9999999976969176,0.9097959598743856,4.381962170836441,20.78674514457721,0.56,0.0,3939.0935282540936,2700.0,0.3085995275270593,0.4302192098236634,0.24494522653835912,0.17120628734592264
tight,inflow,10.0,78,-0.0034706316270586035,0.011711114624059757,-6.626669187423143,0.9999999999828327,0.9185635608885085,4.384844228186185,17.63444995125101,0.504,0.0,3939.8110387290503,2700.0,0.28033745482618794,0.4524130235064115,0.2358428129796997,0.17073711100274927
tight,inflow,10.0,79,-0.003217107046514773,0.011979712459360841,-6.004877054690525,0.9999999990426153,0.9215302222224306,4.422402139679096,20.01769560728269,0.532,0.0,3968.0512024879913,2700.0,0.3069457142294938,0.4369472836360709,0.24517143821507614,0.16785735255846856
tight,inflow,10.0,80,-0.0034486553314183243,0.01201851795814731,-6.416288413323784,0.9999999999301816,0.9214025488560685,4.313927413197277,17.829288390442024,0.53,0.0,3993.6668411683404,2700.000000000001,0.27564061611845636,0.4457544016878296,0.2330766038024699,0.1645428793381336
tight,inflow,10.0,81,-0.0033117301824939186,0.012367708768548171,-5.987571303446434,0.9999999989350121,0.9227483422637517,4.405205833024983,19.092681512510563,0.536,0.0,3991.817332902938,2700.0,0.3011808595012427,0.4281299683636258,0.23690420308646842,0.17112014024199954
tight,inflow,10.0,82,-0.0032779344637128647,0.012589021817180676,-5.822282615038611,0.9999999970975361,0.9208246797158642,4.35904076296621,19.41804821852108,0.558,0.0,3961.09599715416,2700.0,0.29737318257790585,0.44010177131227113,0.2344773138935435,0.17247602745145257
tight,inflow,10.0,83,-0.0033304403036818107,0.012108855852614129,-6.150119387563649,0.9999999996128768,0.9184275929786604,4.413768155289293,18.91490118947449,0.542,0.0,3970.780884737147,2700.0,0.2921489410270855,0.45188995915864416,0.23603859274981176,0.17314117409431035
tight,inflow,10.0,84,-0.0032145835929005997,0.01210140509634739,-5.939828785048142,0.9999999985734005,0.9163717466501881,4.404025610045304,20.042968410780567,0.544,0.0,3980.383983082601,2700.0000000000005,0.31552177888763616,0.4427457795481573,0.2390136094386005,0.16672363513026484
tight,inflow,10.0,85,-0.003432201734273648,0.012016478923252687,-6.386759748296662,0.9999999999152813,0.9163993522789755,4.2760022810003555,17.97657135769304,0.53,0.0,3953.0268902876155,2700.0,0.28906959919286274,0.43782455764576766,0.24289119868622833,0.16489062456135598
tight,inflow,10.0,86,-0.0034763103796031725,0.012098061051338552,-6.425216641488798,0.9999999999341591,0.9075515429520356,4.337885204113385,17.584450130229126,0.53,0.0,3979.463091224727,2700.0,0.2790102565999389,0.45035720153708986,0.23029027395134852,0.17474533543075946
tight,inflow,10.0,87,-0.003401055389493539,0.012068023050929617,-6.301770401046554,0.9999999998528676,0.9148442837913129,4.367007169686077,18.25871483474839,0.538,0.0,3960.6564294503196,2700.0000000000005,0.2889645387702762,0.4465565548206264,0.23973897816181725,0.16813836851706515
tight,inflow,10.0,88,-0.0033247775408591024,0.012164310039377308,-6.111673056144915,0.9999999995070399,0.9257914171422132,4.372765263276413,18.968532378446874,0.55,0.0,3967.4577439254554,2700.0,0.2941575583670233,0.4416189743730138,0.2309308820666403,0.16933351114616801
tight,inflow,10.0,89,-0.003370661282408285,0.012343609085835823,-6.106016242235191,0.9999999994892569,0.9269147694159817,4.4106258946649035,18.538312652129733,0.544,0.0,3993.2703837545523,2700.0,0.2934253271084232,0.4506217803525238,0.23445706713910447,0.16670996968478868
tight,inflow,10.0,90,-0.0032608237743080356,0.011990807254306188,-6.080844656544432,0.9999999994022446,0.9233611792183175,4.353523899615087,19.584888986977955,0.536,0.0,3944.5440466535306,2700.000000000001,0.2926661702822389,0.42911991757988494,0.23999944387775776,0.17038996996996877
tight,inflow,10.0,91,-0.0034426769366448146,0.011908087896532528,-6.46456401883808,0.9999999999492044,0.9216545199282242,4.35939424491363,17.882663387163326,0.548,0.0,3993.648093791732,2700.0,0.2821461352422625,0.44359971510359353,0.2313298679812641,0.168444787869504
tight,inflow,10.0,92,-0.0032853861288931457,0.012210002311058258,-6.016662838701168,0.999999999109753,0.916003496743101,4.336244072087827,19.34583443340687,0.542,0.0,3996.13686034343,2700.0000000000005,0.3046291089791715,0.4427904989368478,0.23817822945479708,0.17250883666663083
tight,inflow,10.0,93,-0.003365495233098625,0.01191208356765049,-6.317514544304303,0.9999999998670983,0.9182960713884912,4.401089463049077,18.586259468014426,0.538,0.0,3927.704782947378,2700.0000000000005,0.29282492512233105,0.431632817432779,0.2387300043977127,0.16976965153884502
tight,inflow,10.0,94,-0.0033016774246384653,0.012273119725439171,-6.0154022175513875,0.999999999102797,0.9217403391203076,4.384149752695749,19.188890152524188,0.514,0.0,3963.1692638087206,2700.0,0.2931702729300836,0.4383541635958569,0.23354124334189452,0.172855094293695
tight,inflow,10.0,95,-0.0033898270212312205,0.011966111344669017,-6.334458566454441,0.9999999998809119,0.9257144526852724,4.425758350206569,18.361510909872987,0.546,0.0,3977.2064391611425,2700.0,0.28462940771898854,0.45693778416235126,0.2402702163473609,0.1669756691049405
tight,inflow,10.0,96,-0.003308527807981896,0.012449687152712658,-5.942392763246202,0.999999998595543,0.9133298769917589,4.3375488990351565,19.12327695881411,0.542,0.0,3976.1245854889207,2700.0,0.3135337135259604,0.43672644979000314,0.2406259216295224,0.16913087991439346
tight,inflow,10.0,97,-0.003433760761186586,0.012011177164664892,-6.392481249108981,0.9999999999183924,0.9222736998429197,4.423587644203355,17.962563838652624,0.52,0.0,3964.281879796407,2700.0,0.2963516812314299,0.46472979015395843,0.2368886460665609,0.17418243087965157
tight,inflow,10.0,98,-0.0033303264309092347,0.012087489705331734,-6.160779837928252,0.9999999996380622,0.9191614408576034,4.410227273858147,18.9159781662545,0.53,0.0,3958.224072550539,2700.0,0.2912249886331953,0.4449583072903273,0.23411610310094996,0.17367423472423224
tight,inflow,10.0,99,-0.003213653857341182,0.011927108672408423,-6.024887236747419,0.9999999991538622,0.9110657946315016,4.346773882959789,20.052287907003393,0.542,0.0,3970.481060053746,2700.0000000000005,0.30508221373454014,0.43847630849291047,0.24900409663218523,0.16455816581152136
loose,baseline,0.0,0,6.443239647694732e-05,0.0031280569585571834,0.4605901375342184,0.32254634437586316,0.04250253107548391,1.043635475333653,103.27407579034988,0.53,0.0,4331.78919972349,20000.000000000004,0.3903432278099882,0.3793023362847124,0.17327941181000706,0.1725913354804061
loose,baseline,0.0,1,-1.95708813238209e-05,0.0031785345798418514,-0.13767923525885312,0.5547530345209131,0.05519688480462707,1.095631825371633,99.02622809766268,0.484,0.0,4322.512572387756,20000.000000000004,0.3648505209035559,0.3636429762088243,0.17388262473577254,0.1691886779527954
loose,baseline,0.0,2,2.7891623041057302e-05,0.0032787085904330934,0.19021990946247905,0.4245684052253966,0.007672819850074037,1.003974631555648,101.4043507973837,0.498,0.0,4284.480861458831,20000.000000000004,0.3777950334423043,0.37213319714410636,0.17854746348900719,0.17345980850487924
loose,baseline,0.0,3,2.536128730916154e-05,0.003088423956031048,0.18361974660067631,0.4271558854834573,0.00014749734109566998,1.0037369907581106,101.2761383934962,0.512,0.0,4332.842667760946,20000.000000000004,0.3917091204047829,0.38975457836901944,0.16615980683397502,0.17617574983016898
loose,baseline,0.0,4,-8.96643414306979e-05,0.003230095633513422,-0.620710918019196,0.7326050777532098,0.010907702973059348,1.0814581875482288,95.61579396709902,0.496,0.0,4350.470965909984,20000.000000000004,0.3695458953412285,0.378111028284569,0.16408011941028985,0.17686249910454666
loose,baseline,0.0,5,-7.1713944111220225e-06,0.003166808979951659,-0.050636857158892164,0.5201925536402787,-0.03880913114535347,0.7661392641620388,99.64207237298615,0.51,0.0,4299.098069999468,20000.000000000004,0.38052952749555313,0.3791043005874882,0.17064274083718975,0.17303691431867002
loose,baseline,0.0,6,1.2062885513934418e-05,0.003353499983067175,0.08043367273043618,0.46794617334333516,-0.1113944913763369,0.7938795565052269,100.60496685319809,0.492,0.0,4321.543858697828,20000.0,0.38974280172440556,0.38723539483073793,0.17831922987584864,0.17009477763134778
loose,baseline,0.0,7,-1.6592083018826642e-05,0.003130110115676543,-0.11852945790182613,0.547175922210551,-0.0035939123026978133,1.0283250378108963,99.17382756784407,0.5,0.0,4330.989451957311,20000.000000000004,0.36871753370587773,0.3754894979386493,0.169717917990827,0.17601002642817104
loose,baseline,0.0,8,-9.88689535095677e-05,0.003195756334693798,-0.6917852231460645,0.7554638911170208,-0.01936775689320752,0.9439508110417584,95.17675189899327,0.5,0.0,4357.7918622283405,20000.0,0.365014498422963,0.38210028707435983,0.174140514834712,0.17360728162760966
loose,baseline,0.0,9,-7.319487589172802e-05,0.003321322582585333,-0.49278175795608475,0.6889165992194205,0.0075794153634106565,0.9058398713887011,96.40641528889509,0.49,0.0,4305.643978976226,20000.000000000004,0.37167903312887723,0.3818003008996999,0.17525074490436124,0.17301786283740664
loose,baseline,0.0,10,-5.9092068230937044e-05,0.0032077933396921395,-0.41191519372663893,0.6597992080142951,0.025996776700337922,1.051406975225558,97.08861827258144,0.488,0.0,4303.592279517945,20000.0,0.3712218449773152,0.3763191236468298,0.16932318837885027,0.17603414835767012
loose,baseline,0.0,11,4.931570715923428e-06,0.003280745367703313,0.03361226221702105,0.4865931719795593,0.09479769436150973,1.2546350135875535,100.24688279069211,0.504,0.0,4342.647316935096,20000.000000000004,0.37707542848899595,0.37465491882255697,0.1716725904871451,0.1776401711869679
loose,baseline,0.0,12,-4.264794152861739e-05,0.0030945866850478863,-0.30816295054584686,0.6210208286686308,0.028556961962983726,1.0369762086426029,97.89017776355038,0.5,0.0,4314.761825595987,20000.0,0.3780689826330528,0.3757241410471158,0.17622446676185757,0.16853905612692396
loose,baseline,0.0,13,-3.299970359207727e-05,0.0030479879291732776,-0.24209275818635909,0.5956458552700743,-0.017240368411917426,0.9927822680039535,98.36355251693433,0.498,0.0,4303.130944546862,20000.000000000004,0.3773631363755959,0.38191248994726357,0.17424287001386193,0.1744020899440603
loose,baseline,0.0,14,0.00013268114457244806,0.0032681934744014803,0.9077922127936576,0.18199400670780133,0.04064159129694646,1.1629102767239867,106.85905875398302,0.508,0.0,4320.350631199233,20000.000000000004,0.3750615757681131,0.36166044449000695,0.1748952330616027,0.168344297694484
loose,baseline,0.0,15,4.604268861321792e-05,0.0033357818642615797,0.30863703262203923,0.3787988236331982,0.03067080558851439,1.0516443233526171,102.32883806950716,0.494,0.0,4315.766845614834,20000.000000000004,0.37903593585384293,0.3667555227230654,0.1764929904490119,0.17398459954631834
loose,baseline,0.0,16,-3.7366257092973146e-05,0.003396673891298614,-0.24598620179188743,0.5971535431176995,0.05148540794535218,1.0862089360893248,98.14903192375736,0.494,0.0,4292.318249467919,20000.0,0.3646937875526023,0.3654764539870712,0.1790328028511419,0.17186665808354706
loose,baseline,0.0,17,-8.846984743289e-05,0.003468979032392944,-0.5702674791969425,0.7157518527370387,0.04227454739708689,1.1813996441135066,95.6729172697562,0.486,0.0,4332.143303298617,20000.000000000004,0.37227694479203455,0.386494699206227,0.16029533248381023,0.1768903393124415
loose,baseline,0.0,18,-3.5676931776226436e-05,0.0033626120913010458,-0.23724426878331384,0.5937663525363209,0.02549522603483559,1.1301460224249547,98.23196976829794,0.498,0.0,4330.200990483334,20000.0,0.3561806195602229,0.3692293090655494,0.17803976533139051,0.1721138599952619
loose,baseline,0.0,19,-6.834619030069433e-06,0.0032413539865668007,-0.04714903961395509,0.5188027785948135,0.02944563914237854,1.080497763716695,99.65885228415792,0.514,0.0,4341.781206758278,20000.0,0.37205358440534,0.3693451558857174,0.17307691543030554,0.17312783443989896
loose,baseline,0.0,20,4.308238955637478e-05,0.003138211869719497,0.30697465843755073,0.3794313305994965,0.024258428817933133,1.0833266949320919,102.17748812600044,0.516,0.0,4331.518995809206,20000.0,0.3814949433612237,0.3828300716432192,0.17037207294596868,0.17158989285364562
loose,baseline,0.0,21,7.243266353709643e-06,0.0029969235833774395,0.05404353996833954,0.47845023751465865,-0.032786097854714445,1.0380316684728597,100.36281992144895,0.51,0.0,4336.366025666242,20000.0,0.36726033505770306,0.3735333022247235,0.16819774091349277,0.17188004427028622
loose,baseline,0.0,22,5.741760050688427e-05,0.0030601984689050997,0.4195468337851166,0.33740826729851575,-0.025865942502582298,1.093401499782911,102.91248699360929,0.496,0.0,4305.778402049717,20000.0,0.3848539557060599,0.3651458645298553,0.17825108198253434,0.175171410378489
loose,baseline,0.0,23,-3.773714396816352e-05,0.0034078313246942273,-0.24761442439373424,0.5977836254117463,0.0782141774314975,1.1546403980710647,98.13083251741314,0.478,0.0,4332.801308118451,20000.0,0.3698327456646152,0.3780214348209528,0.17331974833867303,0.1741489759446498
loose,baseline,0.0,24,-5.53494818656084e-05,0.003465724027759034,-0.3571121156202385,0.6394960626225533,0.04047424914711762,1.234776343504154,97.27046963761273,0.482,0.0,4338.598795030792,20000.000000000004,0.3720330688849723,0.3759871909415664,0.173160103507609,0.16806280022169887
loose,baseline,0.0,25,-1.9899707756703576e-05,0.0033906321506992046,-0.1312354077312486,0.552205456575545,0.03503429496132913,1.0576968933558486,99.00994821533965,0.488,0.0,4335.1494424613475,20000.0,0.3819076413248704,0.3847192642784497,0.17004686701778782,0.17136140860017865
loose,baseline,0.0,26,7.826395900298877e-06,0.0031937693282223494,0.05479529500533667,0.47815077440735076,0.02887610976859307,1.0268147278722675,100.39208645062374,0.508,0.0,4322.452415435163,20000.000000000007,0.37508921079981644,0.3742612321878222,0.17016358869393985,0.17273079799686844
loose,baseline,0.0,27,-6.04885904942698e-06,0.003320139880213603,-0.04073822341474151,0.5162477055012752,0.0964940021479886,1.0904169090167404,99.69801394549154,0.502,0.0,4311.115534418577,20000.0,0.3815426395117876,0.3885183646647439,0.17206356477653406,0.1743054238780678
loose,baseline,0.0,28,-2.6331398625487168e-05,0.0031532142773855786,-0.18672628020082402,0.5740623750664275,-0.060260156379486035,0.8349929756994474,98.69205894075668,0.496,0.0,4309.0808349221215,20000.0,0.38200064320716376,0.38256336465327034,0.1713866456906892,0.17391649246411228
loose,baseline,0.0,29,-0.00015137318346528873,0.0031261165916775216,-1.082751453032975,0.8605406204630066,0.04226878992536489,1.1872122443955406,92.71067239437342,0.458,0.0,4328.264963940819,20000.0,0.3542113220824133,0.372190126176528,0.16527880891457422,0.17480208211335363
loose,baseline,0.0,30,-7.047494949250322e-05,0.003375439723263278,-0.4668629591872882,0.6797010360928697,0.016807309956843992,1.0477479689792324,96.5376136581506,0.492,0.0,4306.854616066736,20000.0,0.3609913915878742,0.37559929600477565,0.1725983074098353,0.1723870411337115
loose,baseline,0.0,31,-3.8720703155000536e-05,0.0032469709573629763,-0.2666550626048388,0.6051326218854856,-0.008136663305536123,0.9644440189347444,98.08258564088294,0.492,0.0,4359.298176793217,20000.0,0.3776009818570192,0.3811475877311476,0.1771522511182292,0.17098595407296477
loose,baseline,0.0,32,5.202792449759741e-05,0.0031752997917571654,0.36638422679602994,0.3570391939597778,0.0089690204055657,1.0208586429687123,102.63552786011576,0.518,0.0,4321.913839170821,20000.0,0.3825526496992826,0.3734228300138495,0.1702179341637854,0.17477689921960132
loose,baseline,0.0,33,-6.447575024516716e-05,0.003320613356554034,-0.4341732835710423,0.6679186938849264,0.012962698826848092,0.9677192996788394,96.82762258563565,0.488,0.0,4337.068684200688,20000.0,0.3587162914481131,0.36767871070575314,0.1677553259833586,0.17788924940419817
loose,baseline,0.0,34,-3.2352539951897794e-05,0.003278895864454229,-0.2206306072768878,0.5873099664429268,0.049066310286183606,1.129161242083426,98.39538632443114,0.484,0.0,4357.712363632746,20000.000000000007,0.36962169336680606,0.36958460279928784,0.17011367868939203,0.1725678610009445
loose,baseline,0.0,35,-8.008625128141311e-05,0.0033840025198137516,-0.5291908055027851,0.7016634528605956,0.01598044368025359,0.9901899527852968,96.07480053856112,0.494,0.0,4364.714449325308,20000.000000000004,0.3796928531020644,0.3976716978633276,0.1657847428862501,0.17179481238611813
loose,baseline,0.0,36,-1.243591024942603e-05,0.003137548172186173,-0.08862825095822291,0.5353113222945801,0.05792759449209135,1.1678647716827228,99.38013363530297,0.47,0.0,4336.001366418219,20000.0,0.3761333958146329,0.3765772965823344,0.18386735744395996,0.1672249408577224
loose,baseline,0.0,37,-8.440634167262218e-05,0.003305451486016739,-0.5709910386235835,0.7159971412831886,0.06331605170262,1.115586111838744,95.86749859862118,0.508,0.0,4352.773226479505,20000.000000000004,0.36231639523895875,0.385981524686008,0.16450176956175688,0.1754854119033048
loose,baseline,0.0,38,-2.8035637914635813e-05,0.003221537863810742,-0.19459523625012096,0.5771450836551199,-0.05464334738715161,0.8520823526307648,98.60799731893596,0.496,0.0,4300.090161334144,20000.000000000004,0.36626176459719134,0.372752728243929,0.17171939683762272,0.1711023490589909
loose,baseline,0.0,39,-2.0769283754267676e-05,0.0030599196700113445,-0.15177369123011122,0.5603172834645721,0.03826593894681653,1.041374080105108,98.96690923518966,0.522,0.0,4329.936266804798,20000.000000000007,0.37607968931419555,0.371835312951212,0.17368254921751647,0.16938921848439997
loose,baseline,0.0,40,-1.860114352326292e-05,0.003214405808882798,-0.12939692076932277,0.5514782079655588,0.08720505900401888,1.2191088977373397,99.07425447828743,0.516,0.0,4305.733602106233,20000.0,0.36623376259775264,0.37198076647729966,0.1740778051846998,0.17375897115566383
loose,baseline,0.0,41,-4.818310977983664e-05,0.0033213549384711644,-0.32438782012452794,0.6271777801151797,0.02686115204072957,1.1178410691804628,97.61963301188581,0.504,0.0,4331.447185288123,20000.0,0.3670065258214446,0.37760956422512504,0.17242166774769266,0.17606344241529578
loose,baseline,0.0,42,-3.314615583331637e-05,0.0031538303287791673,-0.23500648389283182,0.5928981496385828,-0.009077211350297282,1.0189006547444217,98.3563499992826,0.508,0.0,4349.23919781588,20000.000000000004,0.3744345662274787,0.38459941116936,0.16834937084002968,0.17217519131836326
loose,baseline,0.0,43,-3.199679866604299e-05,0.0030686889401163224,-0.23315174094163693,0.5921782108370451,0.011401776217005008,1.0002914311576396,98.41288953166497,0.472,0.0,4321.427215744724,20000.0,0.38667689939455224,0.3902585885097221,0.1757971329490008,0.1706661647447948
loose,baseline,0.0,44,0.00011815856831161575,0.0033034810301121507,0.7997944848493822,0.21191493948056456,0.021988684806647073,1.0673619627492872,106.08593467437163,0.518,0.0,4299.672375965264,20000.0,0.3929898776716436,0.3681129787294693,0.17856143946626035,0.1732146917538272
loose,baseline,0.0,45,-9.806333578563375e-05,0.003261645636396025,-0.6722872726276773,0.7492995846712869,0.01727589271443913,0.921116487075951,95.21509766059928,0.484,0.0,4314.345781383169,20000.0,0.364925229246139,0.378023254434799,0.17074236760820408,0.17504153074368878
loose,baseline,0.0,46,1.573406415116807e-05,0.0031374940695237806,0.11213546934192115,0.45535799715113723,-0.007442838908231246,0.98342326486417,100.78980584809646,0.508,0.0,4317.421370774116,20000.0,0.3761348497259066,0.37936408672684413,0.16347315176465652,0.1797320812673962
loose,baseline,0.0,47,8.559133127329588e-06,0.0032123435421934497,0.059578943689537575,0.4762454945367126,0.006182983092723447,1.0437102272119607,100.42887369857958,0.512,0.0,4329.078710105501,20000.0,0.36413268192154885,0.3658977618932937,0.16329849992197484,0.17765143984995962
loose,baseline,0.0,48,1.6564918584331066e-05,0.003149027420763812,0.11762452035850977,0.4531825876891464,0.05545899870190388,1.0235651690834633,100.83168537494504,0.494,0.0,4324.589414715482,20000.000000000004,0.3819011339280785,0.37268694705750033,0.1748343955442018,0.17753950277649477
loose,baseline,0.0,49,-1.2494368372138353e-05,0.003254193768754841,-0.08585308374772908,0.5342083962565612,0.07384273882318751,1.0753157144132641,99.37722888973107,0.486,0.0,4328.816318471673,20000.0,0.3666339871461523,0.37142814202641283,0.17539743740911695,0.17447596380800542
loose,baseline,0.0,50,6.265459537309149e-05,0.0032504667631332246,0.43101481899765604,0.33322879770895414,-0.09332148168209331,0.8183290517861322,103.18231619599898,0.492,0.0,4272.784973414158,20000.0,0.38338149113097497,0.3792261059416288,0.18332981675635995,0.17645543774516778
loose,baseline,0.0,51,8.482302305834821e-05,0.0032758300064203755,0.5789984377814477,0.2812951136415981,0.022229447290256738,1.1020478184681008,104.33237301673772,0.512,0.0,4303.040419519247,20000.000000000007,0.3790215881463262,0.3711535587726378,0.1782751319961257,0.16955653472663154
loose,baseline,0.0,52,4.058838928265729e-05,0.0033300617233239867,0.27254268861615216,0.39260238614631404,0.15062325600258006,1.1849365550576105,102.05015219478594,0.52,0.0,4297.6478379886075,20000.000000000004,0.3806241362388139,0.3756551049565976,0.17869243496284323,0.17373432652230864
loose,baseline,0.0,53,0.00013060181108786752,0.00312280171031397,0.9351683349363096,0.1748507771989092,0.029129294421365942,0.9854564000330098,106.74801867682369,0.512,0.0,4309.567403655019,20000.000000000004,0.3959348416058117,0.37112480948881466,0.1754254817907829,0.17447861716721277
loose,baseline,0.0,54,-9.780882752249554e-05,0.003063110757200739,-0.7140035228099966,0.762387499448399,0.017074475465276292,1.031449046360937,95.2272149461353,0.486,0.0,4318.412504667896,20000.0,0.37387362639673505,0.3876900389924906,0.1723569286489666,0.1735787064484474
loose,baseline,0.0,55,3.790204387876628e-05,0.0032907549685308054,0.25754438543608577,0.398379277948097,-0.0303188598917194,1.0371194032474191,101.91317322992548,0.5,0.0,4323.471138933908,20000.000000000004,0.3703742781665271,0.3640506369116653,0.17649733144280821,0.17552826656489232
loose,baseline,0.0,56,9.679716454090936e-06,0.003211819305403926,0.06739016717987033,0.4731355484243414,0.07087743318533754,1.2012817633458117,100.48515892587494,0.49,0.0,4320.079566122258,20000.0,0.3883338138030837,0.39165229629839793,0.1740459415025678,0.1749811975446396
loose,baseline,0.0,57,-1.4277581901597002e-05,0.003267566739785683,-0.09770464149229767,0.538916585091637,-0.06356566293102926,0.9781183528922643,99.28866296904714,0.47,0.0,4325.771529640553,20000.0,0.37495410045792926,0.37939087327425297,0.1701118434905557,0.17649309620241263
loose,baseline,0.0,58,9.109341367201829e-05,0.0031334947692691958,0.6500443762369744,0.25783177871460305,0.011375401295964404,0.8744263662939153,104.65998868416553,0.508,0.0,4324.318718851528,20000.0,0.38081946944026096,0.3679968290754665,0.17488580737502574,0.17277584723948167
loose,baseline,0.0,59,-2.8325015825547693e-06,0.003419510431210813,-0.01852214289846606,0.5073888434419405,0.09121696282412088,1.1554340100213534,99.85847516185977,0.51,0.0,4325.372715923047,20000.000000000004,0.3791273425661641,0.37847099923369887,0.16747064391900404,0.172926877019378
loose,baseline,0.0,60,5.799433275946164e-05,0.0032998951355407732,0.39297997370649146,0.34716713630610235,0.06349756353583921,1.1037834962892226,102.94216774808677,0.516,0.0,4337.66567479515,20000.0,0.3720015387437285,0.3677989590056815,0.17076965461342442,0.17396552165529766
loose,baseline,0.0,61,-0.00014609623497655378,0.003293198754643393,-0.9919872349148012,0.8393981237856153,0.1110884095261811,1.1815075028901254,92.95561010448836,0.488,0.0,4322.5994719873925,20000.0,0.36916710858360124,0.3886573219371489,0.17373040197944511,0.17368756163419274
loose,baseline,0.0,62,-4.738857387395079e-05,0.003134213467928617,-0.33808824326492204,0.6323516550194399,-0.004029885835772284,0.9452892441499883,97.65842186793402,0.506,0.0,4326.840905801987,20000.0,0.37350248813403925,0.3844570623356134,0.17120905251037194,0.17393996948420026
loose,baseline,0.0,63,8.466117942703021e-06,0.003346451571873672,0.056569816771068045,0.4774439393775549,-0.036344663193948884,0.8855355406865991,100.42420310207507,0.516,0.0,4310.390555252775,20000.0,0.37831522615266155,0.3733025640222728,0.177151848912589,0.16827715587033515
loose,baseline,0.0,64,4.898588410925519e-05,0.003264415710366179,0.3355447851154178,0.3686070835746239,-0.044104493354917465,0.8853319322355353,102.47953581320189,0.512,0.0,4325.507487313818,20000.0,0.3847385235565715,0.37343098206631736,0.17610082852170705,0.17294705291721787
loose,baseline,0.0,65,6.075505541039306e-06,0.0031300252171182876,0.043402983826270954,0.4826901495975326,0.005107819212689622,1.0739604685156119,100.3042371417052,0.498,0.0,4314.588460145289,20000.000000000004,0.3906977024792326,0.3855570114159626,0.1759423142719201,0.1719482985343876
loose,baseline,0.0,66,4.506069786192057e-05,0.0032133495165245305,0.313563099857907,0.3769264445172722,0.043673791388015845,0.9800722876771687,102.27860741573801,0.524,0.0,4282.241574454073,20000.0,0.38482795532323016,0.37554933010193736,0.1839705877886495,0.1757237118644133
loose,baseline,0.0,67,9.533714651457359e-07,0.0033146032064756987,0.0064315493320876525,0.49743420073192857,-0.10743897269702682,0.9363880141174523,100.04767993652717,0.496,0.0,4330.999177744772,20000.000000000004,0.3864411254342176,0.39273997413970846,0.1686154563228518,0.17788129727634855
loose,baseline,0.0,68,8.300357012032577e-06,0.0032663948142070886,0.05682155272747495,0.47734367253977517,0.07130678110157761,1.0961415660200287,100.41588024229702,0.49,0.0,4306.6678108407295,20000.0,0.37608816399613554,0.36430043699562875,0.17822577479862264,0.17326632356313512
loose,baseline,0.0,69,-4.641904824545406e-06,0.0030692982188148775,-0.03381755043918658,0.5134886796384063,-0.03638121192823334,0.9547820774687765,99.76817389152275,0.496,0.0,4322.931267883657,20000.0,0.3756799860315975,0.3794032660308244,0.17787176858221532,0.17323636484118607
loose,baseline,0.0,70,0.00010080134562362098,0.003305729860974161,0.6818423480357981,0.2476693216710898,-0.012994409419669967,0.8393132740970738,105.1692396518305,0.524,0.0,4317.568720003514,20000.000000000004,0.3850305546838454,0.37367274686390156,0.16955237139217488,0.1723285863190844
loose,baseline,0.0,71,2.484620839344842e-05,0.0033400388818677126,0.16633881495358283,0.43394516079589845,-0.0570933799560062,0.9405461216923628,101.25005915008177,0.488,0.0,4317.950786450428,20000.0,0.38133129500194196,0.3806091241769594,0.16916981100571496,0.17856414737630333
loose,baseline,0.0,72,-2.9926816502859666e-05,0.0032581178630819666,-0.2053897337748743,0.5813661797175591,-0.02599818638398717,0.9093745122064995,98.51479872309896,0.49,0.0,4340.012882255488,20000.0,0.3659946117510606,0.37453820633509644,0.16291627442524145,0.17427249429783825
loose,baseline,0.0,73,2.4588288872395835e-05,0.003369040285644059,0.1631950962514775,0.43518241353731213,0.07199056966681612,1.2163202313472439,101.2370028085899,0.52,0.0,4364.159827920942,20000.0,0.3750794107700227,0.37420467425628057,0.16225192939237246,0.17933832474688066
loose,baseline,0.0,74,8.180195567715564e-05,0.0033307902769610293,0.5491631666267319,0.2914467396720609,-0.011070035484182837,0.9143541423570131,104.17489442058206,0.49,0.0,4302.561755446399,20000.0,0.3803235029082194,0.3664169840596955,0.1850808060503979,0.17046430779326738
loose,baseline,0.0,75,-8.766463959623038e-05,0.003013289924284718,-0.6505318050559713,0.7423256178371381,0.051297647331874786,1.144848243936862,95.71144331597522,0.484,0.0,4305.108132941133,20000.0,0.37869306469598407,0.3916929603807486,0.17038769666601944,0.17782764026727632
loose,baseline,0.0,76,-4.4350341532348735e-05,0.0033543806737955624,-0.29564437711671615,0.6162491601552655,0.07449124648119379,1.1494568881168323,97.80688909674089,0.506,0.0,4351.297117286662,20000.0,0.3650414708125509,0.3736140273735058,0.16816791559876995,0.17775669765435556
loose,baseline,0.0,77,-0.00011151982662201476,0.0032782002144135136,-0.7606793266299281,0.7765756871284908,-0.009123831460708323,0.9844894419010127,94.57661745042296,0.494,0.0,4352.091931662291,20000.000000000004,0.36646051212882175,0.3857784352519659,0.17052130644296631,0.1736667799954927
loose,baseline,0.0,78,8.211418002353631e-05,0.0032255130419423534,0.5692517316213165,0.28459265914545795,0.018182213986932146,1.0560170592062061,104.19115865923166,0.488,0.0,4324.350524297208,20000.0,0.3784542736661251,0.3689311915199669,0.18196298140386,0.16895025427897958
loose,baseline,0.0,79,2.4569128404756667e-05,0.0034093907116040096,0.16113800355580304,0.43599235441324324,0.03146474680637568,1.233807416991172,101.23603293907763,0.488,0.0,4334.39871709127,20000.000000000007,0.3795769776797972,0.37950586660243074,0.1661909115666055,0.17531133926686357
loose,baseline,0.0,80,1.2856534976084078e-05,0.0032494217202424943,0.08847139164036316,0.4647510106610904,-0.010409227868350846,1.1108652139462738,100.64489731428768,0.524,0.0,4333.893051458158,20000.0,0.36761841674476853,0.3697156264867169,0.16808300572395554,0.17441367551786835
loose,baseline,0.0,81,4.745984981174978e-05,0.00324657439852747,0.3268782333438498,0.37187999240733915,0.08662738654670626,1.1185803868217938,102.40137199393963,0.516,0.0,4300.2156356874275,20000.0,0.3701363184935709,0.3616847802582079,0.17566977690532076,0.17690358117164204
loose,baseline,0.0,82,9.86954857199862e-06,0.0032059478001562384,0.06883761960550133,0.4725594364907328,-0.028908981864281154,0.9306945367625201,100.49469703379619,0.47,0.0,4342.252183913683,20000.0,0.3748636818727147,0.3788271599312668,0.17194764191788625,0.1772575719885317
loose,baseline,0.0,83,-1.2017341536674664e-05,0.003063428950478478,-0.08771736841045147,0.5349493425802289,-0.0024133992866154264,1.0630154344714289,99.40093451918126,0.512,0.0,4322.509387823865,20000.0,0.38458711338070395,0.3898187044383301,0.1747524605337223,0.1737027554454002
loose,baseline,0.0,84,3.208425109062496e-05,0.0033641495820087228,0.21325617276200878,0.4155635781387618,0.04295842511099925,1.0544467602610852,101.61714912826795,0.52,0.0,4310.516688482937,20000.0,0.37304009255340964,0.3621690170007664,0.18496713076398186,0.1725266662380635
loose,baseline,0.0,85,-8.599853314211003e-05,0.003123464099990599,-0.6156579999482159,0.7309398686399657,0.033555831901020905,1.0327669559134007,95.79120926272292,0.488,0.0,4292.000898084916,20000.0,0.3697166198440535,0.3852852357285867,0.17584271897687054,0.17482591799029115
loose,baseline,0.0,86,-7.775243272537047e-05,0.0031801273835123014,-0.546706795115508,0.7077099074536739,-0.04130026466802204,0.9711044290400536,96.18697655157986,0.504,0.0,4314.595640906753,20000.0,0.36001450628051745,0.3684385703514787,0.17279091899667248,0.17532178663402262
loose,baseline,0.0,87,6.563763797501565e-05,0.0031510048154131183,0.465788626144686,0.320683403580082,0.08165266643214272,1.1045381032155954,103.33632964710742,0.522,0.0,4285.4258040465265,20000.0,0.37696695771914734,0.3697168282652693,0.18187022122670693,0.17449903867441932
loose,baseline,0.0,88,2.9898177420367488e-05,0.003150843851883449,0.21217921375357313,0.4159836112849664,0.02275160550151819,1.1179354479141042,101.5061385215834,0.502,0.0,4300.708846797511,20000.000000000004,0.36815473424129064,0.3676572613979524,0.16947103500234645,0.17461249793365996
loose,baseline,0.0,89,8.946797799099215e-05,0.0033755724124070563,0.5926594252933152,0.27670455036491026,-0.053047907276389104,0.9615579515875362,104.57496419931178,0.51,0.0,4316.188683275773,20000.000000000004,0.38898372582864815,0.3785318764669655,0.17355148555279634,0.17176936399238896
loose,baseline,0.0,90,6.943564431276705e-05,0.0029270682659467188,0.5304379899545194,0.2979041460421794,-0.011393519701924476,0.8806154080381167,103.53275210897755,0.486,0.0,4282.526631163426,20000.0,0.36723224874692983,0.36014038233533413,0.1846797931287024,0.17366564196586934
loose,baseline,0.0,91,9.117544493504681e-05,0.003309924447537807,0.6159490827810651,0.26896406277734103,-0.0006821481397714266,0.9391670905845695,104.66428146773072,0.514,0.0,4332.872682782099,20000.000000000004,0.382690812060733,0.3735125895445369,0.1715884094809131,0.17223357655727473
loose,baseline,0.0,92,-2.4443971457307256e-05,0.003141922845427724,-0.17396474868294462,0.5690534168874964,0.0007982438580570444,1.071033879464385,98.78523993859211,0.502,0.0,4354.545996686565,20000.000000000004,0.37953392063006014,0.3789489656203856,0.1655490968762956,0.1732416038798178
loose,baseline,0.0,93,4.2188282036473626e-05,0.003406718162427658,0.2769112735180409,0.39092411797695814,0.015612713204387606,1.1268134586343037,102.13181950467644,0.49,0.0,4323.112741099715,20000.0,0.37669255839943017,0.3760531899660982,0.16911869486691358,0.17477733524015357
loose,baseline,0.0,94,3.628170319581692e-05,0.0032756687643597437,0.24766959213953121,0.4021950304605725,0.00497292488995358,1.0563611661355745,101.83063963721794,0.504,0.0,4342.553684817046,20000.000000000004,0.38404089089130355,0.3844175036093625,0.16450125231013926,0.1757469015345076
loose,baseline,0.0,95,3.8723553047747215e-05,0.003274010328261788,0.26447227792055505,0.39570801177866477,-0.06066101617624201,0.8567226939623238,101.95504313158803,0.522,0.0,4301.939682406997,20000.000000000004,0.3788220956510986,0.3750214210935339,0.17272657955130558,0.1747564181340537
loose,baseline,0.0,96,2.978759207027437e-05,0.0031154038153400907,0.21379918849427254,0.41535182890556743,-0.01404059634773043,0.9553423767217711,101.50052613081436,0.52,0.0,4329.16435669554,20000.0,0.3788399662490964,0.3777561733382361,0.17317103176883142,0.176173074472298
loose,baseline,0.0,97,0.00012233986569643563,0.003172198946330438,0.8623679053039092,0.19424254801608237,0.007868043186737422,1.0435171251510882,106.30795509746783,0.544,0.0,4314.060427987909,20000.000000000004,0.3777058486666434,0.35844332159068576,0.17477455373165826,0.17017662068712638
loose,baseline,0.0,98,-0.0001027477925283513,0.0030336634300940123,-0.7573386235015485,0.7755764915449035,-0.02576148628518161,0.936373364448413,94.9923431303038,0.526,0.0,4325.545262138093,20000.000000000004,0.36338715658375553,0.3823390499249696,0.16853262009781833,0.17735809562225524
loose,baseline,0.0,99,6.025360592456863e-05,0.0031438437774166782,0.42855551444585205,0.3341233626520666,-0.013743430250483617,1.0586084414018517,103.05852069256065,0.498,0.0,4334.543100527855,20000.0,0.3811605268071478,0.3687692925352807,0.1695297935334241,0.16981335623495245
loose,inflow,10.0,0,0.00046579414882713443,0.003257073748012222,3.1978010351616337,0.0006923989481442084,0.023255667244750828,1.067292122211664,126.22515546596016,0.56,0.0,4323.3955067484,22500.000000000004,0.37567699387775927,0.37911936729036244,0.1632092723336749,0.1782535196885274
loose,inflow,10.0,1,0.0005415927759417691,0.003025451410731602,4.002834945003332,3.12939840627589e-05,0.019225078915872926,1.0880689315543202,131.10081061862627,0.584,0.0,4297.060880621141,22500.000000000004,0.36697049025212175,0.3591687589331847,0.17359709857069952,0.1802208477614694
loose,inflow,10.0,2,0.00033398525303799786,0.003337562600221384,2.237602162805559,0.012623505198521375,0.08761260291968048,1.1154316934666482,118.17455516978642,0.532,0.0,4347.849615442158,22500.0,0.3446066293646388,0.3682674176726017,0.15271656869834266,0.17631263912239445
loose,inflow,10.0,3,0.00032406544747864,0.0031855559904803137,2.274743786913844,0.01146065206438413,0.017845780008514875,0.895323307352367,117.58987204946013,0.542,0.0,4360.918208121629,22500.000000000004,0.35437226049425863,0.38614416911307453,0.15000883319679528,0.18538383656852056
loose,inflow,10.0,4,0.00032979345449045817,0.003226507900859003,2.2855688113418746,0.011139748259737854,-0.02804577689998893,0.999524113617592,117.92713258241162,0.536,0.0,4372.423090201602,22500.0,0.3540769404038458,0.38091997220120594,0.15950503468511448,0.17764772967187836
loose,inflow,10.0,5,0.0004375746681168735,0.00309324710362837,3.1631701909411762,0.0007803053428033236,0.0432979797894534,1.0272806753111259,124.4566571619862,0.592,0.0,4332.352547606753,22500.0,0.38313694483370764,0.3837127085758028,0.16085876352874934,0.17534405826366314
loose,inflow,10.0,6,0.00036324166127637804,0.0032171761522165514,2.5246769478703452,0.005790234450084887,-0.04145291962140947,0.9287609362516861,119.9159423154567,0.534,0.0,4382.649789924185,22500.0,0.36852529300464915,0.3935176126778026,0.15287061114579548,0.17575540484535565
loose,inflow,10.0,7,0.00022909431663016732,0.00316300403797768,1.6195694317590674,0.052662400230044,-0.01675615189264528,0.8858731076192046,112.13655215256651,0.542,0.0,4312.433914062608,22500.0,0.35827083790369807,0.3999396212242401,0.16057880525292384,0.17940116219217192
loose,inflow,10.0,8,0.00042413118079196187,0.0032562790762607923,2.912484247870788,0.001792831424207451,0.04987743912959503,1.1129768822136892,123.62289671668513,0.552,0.0,4321.147367728359,22500.000000000004,0.36345760391254545,0.37708677724931033,0.16413468699562395,0.1808563481922832
loose,inflow,10.0,9,0.00041349069848995514,0.003267150921816785,2.8299681649639403,0.002327631799203055,0.04002933075802563,1.198128577626685,122.96693956671439,0.548,0.0,4339.759040759774,22500.000000000004,0.3743341549621422,0.3816373383575476,0.15804647267927913,0.18147338654189923
loose,inflow,10.0,10,0.0003955942573249693,0.003167341027919024,2.792802047805856,0.00261268289479145,-0.019790916551380447,0.9594802715183819,121.87151263730144,0.564,0.0,4351.063449734198,22500.0,0.36892826402621304,0.3850008099760712,0.15884202648639648,0.17884738862363345
loose,inflow,10.0,11,0.0002325060660060263,0.0031074194945743404,1.6730903879514492,0.047154751746980444,-0.05438383776729991,0.7671587234289017,112.32800631044839,0.546,0.0,4353.132339810755,22500.000000000004,0.3437881237415919,0.39065417404847946,0.15286414079496652,0.17931811784573393
loose,inflow,10.0,12,0.00029225595663066173,0.0031468570417012543,2.07668850918659,0.018915158919326897,-0.006983115308050458,1.0433903957260806,115.73442935463949,0.542,0.0,4367.358370493335,22500.0,0.36173094674728384,0.39252224564679694,0.16132659919352837,0.17657010133444329
loose,inflow,10.0,13,0.0003705248868886173,0.0032503972476436932,2.5489771597578916,0.0054019687912018055,-0.0671282462832267,0.8433754351980031,120.35342583597787,0.548,0.0,4320.674445433654,22500.0,0.3793461647137398,0.396257895795722,0.16774628340163122,0.17648580675420758
loose,inflow,10.0,14,0.0003569489269601398,0.003331487293249923,2.395813025598723,0.008291773667251184,0.013758683711969616,1.0665685275031473,119.53923567229687,0.58,0.0,4318.818822661772,22500.0,0.36962392295228497,0.3941727376011773,0.16957606344838316,0.17964336318286064
loose,inflow,10.0,15,0.00033384579217599075,0.003239836995520101,2.3041340855728594,0.010607558941474082,0.0708194822034385,1.250438647580089,118.16631509441605,0.536,0.0,4335.945751097048,22500.0,0.36452105699471393,0.38516362992967945,0.15348234139066425,0.17969662983431106
loose,inflow,10.0,16,0.00036879508280842363,0.003029250425455487,2.722293502041193,0.0032415267939766997,-0.00519243925391234,1.02694438515407,120.24937691498785,0.542,0.0,4313.349774856484,22500.0,0.3600419948665791,0.37413281199613674,0.16510275312552306,0.18016184765189178
loose,inflow,10.0,17,0.00030952431537155254,0.0033326246011466613,2.076793796762278,0.018910297502213125,-0.011447447485780023,0.9404628880174382,116.73802756574185,0.534,0.0,4341.428988312945,22500.000000000004,0.3555824494940771,0.38345250420116506,0.1620778999873374,0.17652607654512076
loose,inflow,10.0,18,0.0003633424585432845,0.0031996507268725258,2.5392097630881563,0.005555159360536712,0.06446909764168261,0.9278644927539265,119.9219860673758,0.538,0.0,4316.312728719736,22500.0,0.3579145692498954,0.37402498661206723,0.16896626644698223,0.18042954015019863
loose,inflow,10.0,19,0.0004082480248586329,0.0031391160293013838,2.908049039101903,0.0018184565049322388,0.008363337006837607,1.0323989309211115,122.6450239099348,0.536,0.0,4359.043879429825,22500.0,0.3603201280441621,0.38112898988098504,0.1625719999005034,0.17930412757492276
loose,inflow,10.0,20,0.00018265994305101963,0.0032319467374310965,1.2637586031289847,0.10315834187844106,0.05744655311755203,1.0848532379642537,109.56304724766397,0.522,0.0,4329.584071459597,22500.0,0.3582485535569551,0.4002513513647283,0.15562862175460873,0.1842185325943939
loose,inflow,10.0,21,0.0002986864898582553,0.003242930006541173,2.059505736900587,0.019722908006092055,-0.05710501849648977,0.8544637138666556,116.10714527083834,0.53,0.0,4321.434746744795,22500.000000000004,0.3560589092946127,0.38948060000081386,0.1578914245777168,0.18005099793508095
loose,inflow,10.0,22,0.00029330310981883834,0.003251649064746446,2.0169633269393095,0.02184967027626022,-0.011159210794145539,1.063323880387758,115.79504105902991,0.518,0.0,4348.0999709878615,22500.000000000004,0.3541001469174738,0.38223229171453604,0.15967776141039935,0.17668273450260016
loose,inflow,10.0,23,0.000388496120000422,0.0031824915973774864,2.7296340201862885,0.0031702335617999925,-0.036203363469702154,0.8865766835432503,121.43974890374857,0.544,0.0,4349.225503309596,22500.0,0.3602586285580032,0.3846206973759287,0.16090804269234482,0.17678472489131264
loose,inflow,10.0,24,0.0003033833545141853,0.003194788346069259,2.1234139180778446,0.016859590961882588,0.07692305264478262,1.0877329494340986,116.38013546833776,0.53,0.0,4341.164741705922,22500.0,0.35382355470366383,0.3880407643886523,0.16152479557120342,0.18000224540535997
loose,inflow,10.0,25,0.0004243517049840211,0.0032716249681678474,2.900330166032423,0.0018638489169882774,-0.012959729458368527,0.9299021462398942,123.63652838790892,0.558,0.0,4330.0789219647,22500.0,0.37382908610937976,0.38080869196722833,0.16275342845125315,0.17893293618455647
loose,inflow,10.0,26,0.0002925395512820437,0.003178793698771351,2.0578193640775404,0.019803738261612372,0.06599319624774636,1.214385940699424,115.7508413507734,0.554,0.0,4368.54906359965,22500.0,0.3614426824495613,0.399573202546281,0.1508485708841975,0.18341238345389269
loose,inflow,10.0,27,0.0003014403952700828,0.0031613934055951345,2.132101666927538,0.016499244817358902,-0.02637789509499013,0.9434864261557505,116.26712943873392,0.518,0.0,4349.889609990481,22500.000000000004,0.3655858618830083,0.3922987522246015,0.1558285055431416,0.17829767201537458
loose,inflow,10.0,28,0.00035955423420838353,0.0031369171763192963,2.56298672899992,0.005188800755091539,-0.015923619715960975,0.9714236518658639,119.69505535837524,0.55,0.0,4353.88598949063,22500.0,0.35923298722657343,0.38849755674074127,0.1635369699909176,0.17664906604752081
loose,inflow,10.0,29,0.00027746085951196165,0.0031620459153998658,1.9620883426855873,0.02487609995135336,-0.013501240743206171,0.9627201271853704,114.881437208815,0.544,0.0,4323.121674347333,22500.000000000007,0.3588444030844918,0.39096499795546025,0.1602311288575378,0.17812588493870754
loose,inflow,10.0,30,0.0004417901463638252,0.0033228030054112596,2.9730104295991113,0.0014744721536253662,0.1062676878379179,1.197251756629106,124.71925597514196,0.582,0.0,4331.35776794626,22500.000000000004,0.37238323945642593,0.38825751013171783,0.164904034769863,0.1821277081976898
loose,inflow,10.0,31,0.0003679987067139301,0.0030642071276895514,2.6854259178778483,0.0036218715618538894,0.0005449401670710988,1.1538015068483312,120.20150458213931,0.534,0.0,4359.764036658576,22500.000000000007,0.37499735948196916,0.39971228606852377,0.15282613709148984,0.1842404357544705
loose,inflow,10.0,32,0.00046892371294606503,0.0032695762726744895,3.2069761062686486,0.0006706906829147903,0.0016268362593764283,1.0726184756714219,126.42282493917564,0.548,0.0,4346.938383862685,22500.0,0.3653032875101649,0.37869734465414695,0.16011273941143947,0.17737674288023983
loose,inflow,10.0,33,0.0002895027958121332,0.003225752394577338,2.006812215966724,0.02238483081994265,-0.012161283909089816,0.979712768095955,115.57522121305809,0.536,0.0,4335.063865523005,22500.000000000007,0.36525329853020616,0.4015275271137324,0.1599695489459441,0.1805712889239491
loose,inflow,10.0,34,0.00028603071710255713,0.0032343808942287087,1.9774545670720973,0.023995135595284517,-0.029850606103720412,0.9246923193471714,115.37475214204059,0.544,0.0,4352.326168732591,22500.0,0.34909032895581127,0.3789674169086868,0.15874201112934094,0.18082384669923432
loose,inflow,10.0,35,0.0004835591055816089,0.0031147940427543436,3.4714045820613273,0.000258871647840993,-0.009583545751592266,1.0795010361334658,127.35134193902962,0.538,0.0,4307.953139562155,22500.0,0.3849141431290221,0.38649677927112747,0.16729579998305816,0.17432254199317046
loose,inflow,10.0,36,0.0004181974288505348,0.003067867789481158,3.0481035790775586,0.0011514526743196943,-0.00764210098481651,0.9738079170894385,123.25666646349597,0.57,0.0,4332.650070526792,22500.000000000004,0.3699936512596812,0.3829057488645317,0.1659975220702667,0.18334758685790759
loose,inflow,10.0,37,0.0003693636174238897,0.003126366643110781,2.641795576968024,0.0041233906986629845,0.05403217903404774,1.0251800170558356,120.28356474063038,0.584,0.0,4348.785068887149,22500.0,0.3642557478364913,0.3830866626870544,0.16522580422375466,0.18230010983358486
loose,inflow,10.0,38,0.00042158596031952554,0.00311314688320913,3.0281091801946345,0.0012304457992081035,0.016746845264229145,1.173277909091894,123.4656730163569,0.536,0.0,4339.950426208079,22500.0,0.3710249338471775,0.38263698831571696,0.16332875333518848,0.18106385653231846
loose,inflow,10.0,39,0.0003536350859345294,0.0031306155014844982,2.525867807795697,0.005770644974836709,-0.06419157350669462,0.8612895870592469,119.34133266068272,0.526,0.0,4336.672505762307,22500.000000000004,0.35978314041384024,0.3840630530226547,0.16053014151258177,0.17998266659396148
loose,inflow,10.0,40,0.00027862352882136856,0.003242627040317698,1.921346928983887,0.027343992228190332,-0.020761639445281428,1.0203789662502902,114.94824118529849,0.544,0.0,4323.837930480143,22500.0,0.3645912806935597,0.39280960843371576,0.16107825625722016,0.17914143223466533
loose,inflow,10.0,41,0.00031225944696240936,0.0032177201370309095,2.1699629560348255,0.015004826176218814,0.018125263882248104,0.9421543274844597,116.89778371288932,0.532,0.0,4316.985341434659,22500.000000000004,0.3634863806626563,0.3954971076649708,0.16393455879131158,0.18063877808336978
loose,inflow,10.0,42,0.00040777869764935736,0.003291434497067461,2.770284167990259,0.0028003702723866453,0.034122263151567786,1.1189957934589874,122.61624696311621,0.548,0.0,4375.042670741974,22500.0,0.36483580379603825,0.3789377492174583,0.15132127046360386,0.1814333600573557
loose,inflow,10.0,43,0.0004021292055559176,0.003304707169817453,2.720931668540809,0.0032549108167139683,-0.014487050316415768,0.9576806798401976,122.27037593313672,0.576,0.0,4331.568167286211,22500.0,0.37729318025475267,0.39270441157656,0.15130022796892417,0.17880422497937962
loose,inflow,10.0,44,0.000364119368822875,0.00317455142569226,2.564758138812378,0.005162387333368378,-0.006836326797322041,1.0278865660054461,119.96857942836752,0.552,0.0,4332.6314766208825,22500.000000000004,0.3614583482119078,0.39717432592283514,0.14885678900984892,0.1771906109824226
loose,inflow,10.0,45,0.0003458033804091532,0.0029845880592763037,2.5907758460696217,0.004787992116177654,-0.0023538522296907565,1.0795891008176421,118.87492336453535,0.544,0.0,4343.697199458934,22500.000000000007,0.3741704004799153,0.39527852748949704,0.16094605555138636,0.1783035398594623
loose,inflow,10.0,46,0.0004546441716648033,0.0032245657496823886,3.1527199391630263,0.0008087845750428375,0.025643769844872606,1.0818622689216135,125.5234095957382,0.562,0.0,4312.22745806681,22500.0,0.3773033095527909,0.38257598646121344,0.1626855703807046,0.176353438089739
loose,inflow,10.0,47,0.00032937294408393926,0.003103718211608391,2.3729612120272363,0.00882305845596416,0.05442196635169041,1.0882448624683152,117.90234039561508,0.536,0.0,4329.54460275232,22500.0,0.35810131082403357,0.3870181821627688,0.1605903725962584,0.17974591857785185
loose,inflow,10.0,48,0.0003830916533593545,0.0032697536328559623,2.6198272858132423,0.004398715505055235,0.050664300739029486,0.989105081786547,121.11203334918585,0.552,0.0,4330.152084698699,22500.0,0.3765925544047644,0.39063864609882454,0.16121782697980006,0.18103415192605252
loose,inflow,10.0,49,0.0003614345451056682,0.0031611626557269917,2.55662963374823,0.0052845840872913176,0.02635773033521638,1.1434227269824713,119.80764023219449,0.532,0.0,4332.559829840601,22500.000000000004,0.36870489522402794,0.39422811509200745,0.16331699302334857,0.17717257131852765
loose,inflow,10.0,50,0.0003492381074698994,0.0030919639278016897,2.5256444346402422,0.005774314943787921,-0.058783312388207234,0.8628093031122689,119.07925022412694,0.542,0.0,4358.157400671328,22500.0,0.37290790263881923,0.40382277897491065,0.16122594659197023,0.18121040987318635
loose,inflow,10.0,51,0.0001953403820538231,0.0031069280969782845,1.4058721650106518,0.0798810440528103,0.042922682181964794,1.2150323534828134,110.25990780652168,0.544,0.0,4370.941821518141,22500.0,0.34649331880848216,0.39261132468643006,0.15753403229837606,0.17515702883016776
loose,inflow,10.0,52,0.0003936314794793514,0.0032301736813781143,2.7248898450071026,0.0032161471699172443,0.05177860758812202,1.094329347529576,121.75196795430183,0.528,0.0,4350.578365820789,22500.0,0.3775195565424284,0.3933674765440136,0.16415485206108904,0.17811966318803407
loose,inflow,10.0,53,0.00038819273673436073,0.003124148531635649,2.778438153371842,0.0027310455085213965,0.048526603083233893,1.2074200438413965,121.42132890703755,0.536,0.0,4342.107826182217,22500.0,0.37543696952126365,0.393052574625578,0.16135418403777746,0.17929477107664096
loose,inflow,10.0,54,0.00032886251143994906,0.0032116071025089835,2.2896914453095727,0.011019604837640275,-0.02152594585876329,1.013444143274097,117.87225363342445,0.54,0.0,4348.590737941287,22500.000000000004,0.3562305917912674,0.3834394775696836,0.153109210645694,0.1830448343783232
loose,inflow,10.0,55,0.0003639893194094661,0.0031978756067396947,2.54514234252296,0.005461660026477993,-0.008735882544079613,0.9620257933207514,119.96077876029726,0.576,0.0,4326.710751540209,22500.0,0.36600521261650365,0.391482627772971,0.16213141533064981,0.17953699428230427
loose,inflow,10.0,56,0.00033518018919372674,0.0031794676256719943,2.357267869931547,0.009204980700930072,0.01815685811627281,1.1420668955158773,118.24518179059086,0.566,0.0,4331.580206032758,22500.0,0.3637265246364474,0.3795676964978302,0.16249181772754695,0.17987732588275696
loose,inflow,10.0,57,0.0003611512226633344,0.003339416535215015,2.4182628178200063,0.007797404277277382,-0.03128996481026732,0.9384244176620375,119.79066933766124,0.53,0.0,4346.075042819064,22500.0,0.3583708586991476,0.38107207695386036,0.1587025108854671,0.17775459514880534
loose,inflow,10.0,58,0.000504307974583778,0.003290835469821647,3.426688824481644,0.0003054943983192211,-0.03171278013617105,0.9880404848635864,128.6794171979099,0.556,0.0,4319.419126061516,22500.0,0.3634259907114388,0.3555572741213946,0.1631511798595651,0.17879121925354968
loose,inflow,10.0,59,0.0004189611997284821,0.0031183627240346807,3.004223066506017,0.0013313001553585232,0.05891098092750803,1.0759346459319519,123.30374537847874,0.544,0.0,4338.659498090812,22500.000000000004,0.3800788342611411,0.38497039676687483,0.1650941329874182,0.17909414727269185
loose,inflow,10.0,60,0.000451062629114551,0.0033128001641212204,3.0445745316408566,0.0011650484374412119,0.0043842340706577955,1.0602565675679636,125.2988270275014,0.58,0.0,4335.886180784408,22500.0,0.38605206505224804,0.3954766938602347,0.15635713946012436,0.17971544548288024
loose,inflow,10.0,61,0.00035435516441643066,0.0031184222236456506,2.5409074813702666,0.005528258624159154,-0.0515153684622855,0.8037977323985314,119.38430795944068,0.536,0.0,4335.37067823524,22500.0,0.37490625693624074,0.3874126072593963,0.1637795881635905,0.1824533433179994
loose,inflow,10.0,62,0.00028497764540884064,0.003176586150130112,2.0060195350782406,0.02242708190111677,0.013667363985322083,0.9508150132955073,115.31401918965683,0.508,0.0,4304.3396445505505,22500.0,0.3656423409066432,0.397357404799764,0.16613709489191109,0.1828203545600873
loose,inflow,10.0,63,0.0002770670032750164,0.0031276584967335915,1.980844949319494,0.02380433212773799,-0.06370293851796932,0.897796141587942,114.85881605098218,0.534,0.0,4349.25684913753,22500.0,0.35623791586648135,0.39561930014498137,0.1558674786285941,0.18137967097373994
loose,inflow,10.0,64,0.0004423253958791431,0.0030797414314056725,3.211534719357374,0.0006601400792731054,0.006205500335298971,0.9541969964862596,124.75263840258049,0.562,0.0,4337.984569804855,22500.000000000004,0.38180308664330687,0.3868240154386971,0.1606274169292239,0.17791865841524993
loose,inflow,10.0,65,0.0004904952648424921,0.003259193615773693,3.36519054750668,0.00038245407440420085,-0.012876845216128413,0.9237061391467187,127.79377328403746,0.556,0.0,4321.683342533011,22500.0,0.36520699184218575,0.3602064783317254,0.1720284938871348,0.173743421615354
loose,inflow,10.0,66,0.0003227929314234306,0.003376169157956439,2.1378873615328833,0.016262943125440063,0.03480948703321121,1.0401689091622845,117.51507834597403,0.558,0.0,4347.200685134785,22500.0,0.3596173808313091,0.38980619042171033,0.1563989970790583,0.1820770294611525
loose,inflow,10.0,67,0.0004221272994529155,0.0031687207773675235,2.978821433169308,0.0014467967719096306,-0.019033694422401014,1.07551743767872,123.49909593965396,0.546,0.0,4304.216773698834,22500.000000000004,0.3759444373400303,0.39065298095347967,0.1676499874605492,0.18143004985261307
loose,inflow,10.0,68,0.0002732397500087753,0.003223328677483146,1.895502185187458,0.029012951256717136,0.17189159056893882,1.2266698772789175,114.639229332045,0.526,0.0,4328.930973607996,22500.0,0.3583918033131858,0.3940098120613642,0.15544540966101192,0.18186805000730674
loose,inflow,10.0,69,0.0003584354269543777,0.0033385182298306436,2.4007236894878563,0.008181343306034346,0.013841011938312527,1.147058580710721,119.62811623501325,0.554,0.0,4331.709231758758,22500.0,0.35639759633172174,0.375815414128508,0.16189434711075654,0.1787189153627821
loose,inflow,10.0,70,0.0003294266902317471,0.003417933971253255,2.1551629702514576,0.015574541746224822,0.01722562474870738,1.0147864449743242,117.90550883649465,0.546,0.0,4329.0207463445595,22500.000000000004,0.3548609205323371,0.37300616703320305,0.16183361714872052,0.17658934039875754
loose,inflow,10.0,71,0.0003066808434562063,0.003195633930222129,2.145925435575099,0.015939464059140745,0.006235157956373787,1.0256799753745607,116.57217484165146,0.544,0.0,4326.513730353149,22500.0,0.3548308715379981,0.38083583974131024,0.1650369246085698,0.17830333590085018
loose,inflow,10.0,72,0.00032639933679854137,0.0033481943163382066,2.1798349675552813,0.014634848459063751,0.04210206348634457,1.000722719061192,117.7271730184479,0.518,0.0,4316.526658724682,22500.000000000004,0.3651367967039981,0.3814592508573855,0.16704214758750388,0.17932069014201651
loose,inflow,10.0,73,0.00032922337712092007,0.0032300006300975395,2.2791507969526172,0.011329051394303662,0.035561529944632464,1.0220214604980404,117.89352357780251,0.56,0.0,4339.688257267494,22500.0,0.36764485313098444,0.3871467368722838,0.1642708513565978,0.17597635612309648
loose,inflow,10.0,74,0.00036368245604003846,0.0031126583964297496,2.612617866651782,0.004492585191578841,0.003904480896420736,0.9398085220864445,119.9423743878555,0.574,0.0,4328.693905778458,22500.0,0.3581322704758346,0.3740038974095615,0.1562775236674622,0.18217936855631978
loose,inflow,10.0,75,0.0002808965003429478,0.003347806172068007,1.8761649782748087,0.03031631472301055,0.008417887016241892,1.0170036341525894,115.0789524863307,0.532,0.0,4350.140116263805,22500.000000000004,0.35834805981632134,0.39708490492782267,0.16250458997010253,0.18039754197809146
loose,inflow,10.0,76,0.00039481204412077455,0.003302432005275824,2.6732619099479784,0.003755878872565682,-0.00017333567436622843,1.0625743551167268,121.82385720388618,0.544,0.0,4343.692728624232,22500.0,0.372784951749096,0.37623001086264957,0.15833547125873157,0.17738702967475273
loose,inflow,10.0,77,0.00032713116282221224,0.003319455077407547,2.2036373458028575,0.0137749293334254,-0.029888446950063846,0.9559721684231435,117.77025880524621,0.546,0.0,4330.931294906095,22500.0,0.3539333085896226,0.37994195787240176,0.166198652159479,0.1784437847165016
loose,inflow,10.0,78,0.000448594288602008,0.003288780744954867,3.0500279630103915,0.0011441003031483674,0.05853550160954875,1.238144868179675,125.1442823288901,0.58,0.0,4327.105617071273,22500.0,0.37065369121061215,0.3841888971850855,0.16432668537084635,0.17893378530411486
loose,inflow,10.0,79,0.00040477031011523226,0.003116010922397987,2.9046558283396435,0.0018382856868031604,0.013302254276954929,1.0906587336795253,122.43194701486021,0.556,0.0,4329.652055170029,22500.0,0.3725057811116244,0.3791887967084065,0.16483592480637485,0.18046677806079767
loose,inflow,10.0,80,0.0003647257103405028,0.0030919618032921817,2.637650570569468,0.004174127747874383,0.0030432116201026104,1.024410731199804,120.00495590749041,0.54,0.0,4323.691472353879,22500.000000000007,0.3688256867081784,0.3857359324126872,0.1635660922528125,0.17984459878164763
loose,inflow,10.0,81,0.00034847863044994653,0.0033119653264331024,2.3527477784053663,0.009317634786347236,0.004323921845501327,1.0857869086728167,119.03403983168457,0.548,0.0,4327.292279456766,22500.000000000004,0.35307231824499363,0.3716918218920765,0.16041400379221074,0.180594981055319
loose,inflow,10.0,82,0.0003763545927868837,0.0032049442791734803,2.625800575018894,0.004322272398365683,-0.01995051533549564,1.0851620280112793,120.70475015482924,0.55,0.0,4314.801919786266,22500.0,0.3538139196796133,0.37341932353695606,0.1596225736254598,0.18045678281021882
loose,inflow,10.0,83,0.00034373116429964237,0.003226513138368862,2.382157506873541,0.00860576700242499,-0.05308067598637434,0.8546853697167522,118.75181988419558,0.552,0.0,4356.7855579944635,22500.0,0.356251298900783,0.3876920121538595,0.1603307955862479,0.17927551529611582
loose,inflow,10.0,84,0.0002588795115648317,0.003266553225494693,1.7721192519471074,0.038187381902885405,0.057833240855477495,1.1311618477690768,113.81905399987453,0.516,0.0,4305.369760908663,22500.0,0.3644154443433342,0.3938665693528427,0.16087221706613605,0.18062596150451568
loose,inflow,10.0,85,0.00032130514744677894,0.0031369367720732156,2.290323979774566,0.011001271363351332,-0.04590326175040036,0.9891307190451558,117.42769232759426,0.566,0.0,4319.074534006489,22500.0,0.3511698845106491,0.3857720312978943,0.16347532878136767,0.17788654113186142
loose,inflow,10.0,86,0.0003875266311595649,0.0032169857546643023,2.6936267563755494,0.003533963223732164,-0.008770465493694026,1.0189572867380712,121.38089592852731,0.57,0.0,4335.985828810259,22500.0,0.36660216228110437,0.3828255306481893,0.16600572734527333,0.1802554191374616
loose,inflow,10.0,87,0.0004233505443257357,0.003267448050719697,2.8971863690851127,0.0018826300224485896,0.07991599596874326,1.3188384074473496,123.57465386171175,0.556,0.0,4405.944960481922,22500.000000000004,0.37337327462759423,0.389866293687872,0.14931944107768236,0.1737523235183212
loose,inflow,10.0,88,0.0003116734506629637,0.0032430793182610398,2.1489546016962926,0.015818999429023158,0.025329912740138318,1.0428847390721296,116.86353789578018,0.528,0.0,4353.102515948633,22500.0,0.36639163597841,0.3968387320696412,0.16107647402816427,0.17852298910587736
loose,inflow,10.0,89,0.00045984564403441473,0.0032841753786614658,3.130911113636097,0.0008713244820884716,0.03274129318636761,1.094955813313542,125.85028774678617,0.538,0.0,4332.970609887909,22500.0,0.37766725442209736,0.38087306843374497,0.16882691205995967,0.17409470521820716
loose,inflow,10.0,90,0.00039728393586743136,0.0031633079149544566,2.808306718320317,0.0024901384028731795,0.04987519015001207,1.182784005828775,121.97451798257555,0.56,0.0,4320.223666500172,22500.0,0.37261240995939043,0.38714583556688004,0.17023373363480282,0.17832469282097832
loose,inflow,10.0,91,0.0003185917874122932,0.0032241861821176326,2.2095277799967263,0.013568976176806975,0.04376536429255191,1.138949363492636,117.26848854265823,0.514,0.0,4316.515898388762,22500.0,0.3550532417009982,0.3764065929106932,0.15876738960208087,0.17544126839368943
loose,inflow,10.0,92,0.00039793915954850867,0.0033314503927527046,2.6709658159561007,0.0037816674397453086,0.0024520952271071123,0.9269266454916677,122.01448482535861,0.542,0.0,4335.260354970628,22500.0,0.3778466938452822,0.3850649828639523,0.1680234415239845,0.17640155261464402
loose,inflow,10.0,93,0.000294536254683349,0.0032109003959324284,2.051147672299266,0.020126283991349577,-0.06918304671144511,0.6884041987456917,115.86645910407512,0.55,0.0,4343.653686721626,22500.000000000004,0.36352182224817386,0.3985009335986638,0.15929988240782675,0.17774349538427828
loose,inflow,10.0,94,0.00034339729220412174,0.003179044718892368,2.4153786956646206,0.007859428668424378,-0.09855809204333761,0.8395515800905211,118.73199757929443,0.55,0.0,4330.691783223085,22500.0,0.3617982634427291,0.3884642799948057,0.16398470304724433,0.18287615279795733
loose,inflow,10.0,95,0.0003311924179430772,0.0031050180248408123,2.3850707281842882,0.00853791901530556,-0.024295006163786402,0.9453619214796579,118.00964931279711,0.536,0.0,4311.007517039843,22500.0,0.36188670428001113,0.3765046216481977,0.17149923874287745,0.17567954530438745
loose,inflow,10.0,96,0.00037208225036206065,0.003306550193101384,2.516221307532267,0.005931033613678714,0.11776659673997322,1.3558346339846092,120.44717934796469,0.526,0.0,4331.038156917905,22500.0,0.37375975472324613,0.38863452008905847,0.1657925719472849,0.1768868546845181
loose,inflow,10.0,97,0.0003254287071397535,0.0030772823083295205,2.36468623312424,0.009022676020740911,0.026315022424402888,1.0196426974274841,117.67005213748587,0.528,0.0,4331.938756048363,22500.000000000007,0.361176926949924,0.3830487889071803,0.15950844375813444,0.17846023315170575
loose,inflow,10.0,98,0.00031590901366805113,0.003177827074138473,2.222883790673789,0.013111818526816466,-0.012122082330318952,0.9429940135284515,117.11129158615115,0.53,0.0,4320.267348630782,22500.0,0.36313083501149074,0.39069555736408346,0.16356871547461774,0.18131395928739044
loose,inflow,10.0,99,0.0002735563685751998,0.003071159726482124,1.9917252448240403,0.02320060614046209,0.0301367243547231,1.0021548287128377,114.65737922287882,0.524,0.0,4343.489479233664,22500.0,0.36359028304688273,0.3979483601686705,0.1594233082540228,0.18233961749376312
