constraint_type,constraint_label,wealth_multiplier,run_id,mean_reversion_beta,mean_reversion_alpha,mean_reversion_r2,price_variance,log_deviation_variance,return_volatility,final_price,max_drawdown
buyer_cash_only,Buyer cash only,0.5,0,-0.003437674684867006,-0.008333819619338696,0.27994872422366834,482.7648939475141,0.3187663397870561,0.003665904040226232,13.658662967267304,-0.8648149630455686
buyer_cash_only,Buyer cash only,0.5,1,-0.0025809340911498056,-0.00696198525310729,0.16642015467002902,516.848939843832,0.3148782181330106,0.0035469258159748973,14.138089080098375,-0.8602712886167945
buyer_cash_only,Buyer cash only,0.5,2,-0.002741315050379741,-0.007166607428730736,0.19537471177793264,491.6581536070236,0.30070998944267724,0.003397585211506649,14.107225899401415,-0.8589277410059859
buyer_cash_only,Buyer cash only,0.5,3,-0.002354527082139027,-0.006468110808298953,0.12106330129254472,479.1936274219608,0.28175319488795914,0.003587686298028962,14.803610672833528,-0.8519638932716647
buyer_cash_only,Buyer cash only,0.5,4,-0.0032614246971114495,-0.007736092322600917,0.21403144047316636,488.8967189608124,0.30214951746985286,0.003872724325281664,14.922646642751138,-0.8513497667818302
buyer_cash_only,Buyer cash only,0.5,5,-0.0025683321185251,-0.0067155827081410565,0.16338535608849802,505.9952251600453,0.2933118480665612,0.0034380181707209154,15.069687416267309,-0.8493031258373269
buyer_cash_only,Buyer cash only,0.5,6,-0.0032257335760989864,-0.007786471362058681,0.2416000059597586,489.104064704132,0.3051013678032835,0.0036224974123912988,14.489194077727014,-0.8556164031179486
buyer_cash_only,Buyer cash only,0.5,7,-0.0029035141291358425,-0.007195803305247789,0.18513222513982397,508.89228527346705,0.2986662767631295,0.0036850979515390503,15.015384785370362,-0.8509494387014223
buyer_cash_only,Buyer cash only,0.5,8,-0.002643385577118094,-0.007132716168821916,0.16301190230739482,490.51441013975915,0.3168701329712964,0.0036819878712460994,13.768106392807217,-0.8623189360719279
buyer_cash_only,Buyer cash only,0.5,9,-0.0025167925529192467,-0.006477721480442925,0.14088793600188365,473.31444431135463,0.2662259997609741,0.0034558520127752576,15.700001884916276,-0.8436035415594658
buyer_cash_only,Buyer cash only,0.5,10,-0.003410509278612391,-0.00760769237726227,0.23378737453782472,444.62109075442015,0.25858295693890887,0.00358394489017654,15.940963730876655,-0.8410132639814324
buyer_cash_only,Buyer cash only,0.5,11,-0.00374240007966331,-0.008453272279001547,0.2779506786227621,465.98172215977814,0.2927283268123432,0.0038384903260889765,14.791502070790461,-0.8528760533922124
buyer_cash_only,Buyer cash only,0.5,12,-0.0029086511882058476,-0.00703778772768172,0.16492392326408023,490.6503935402984,0.2702649831326529,0.003719921991688939,15.511152040939885,-0.8467455951742586
buyer_cash_only,Buyer cash only,0.5,13,-0.002753647321430873,-0.007117933223063567,0.15752793051541547,454.0297817873631,0.2831233148194953,0.0036874131243418355,14.249588778443945,-0.8576420597218734
buyer_cash_only,Buyer cash only,0.5,14,-0.0034209282953796966,-0.007401266840318201,0.20561735316636953,437.28290554488717,0.2426135794144747,0.003712929185461722,16.788098409735873,-0.8327471186400528
buyer_cash_only,Buyer cash only,0.5,15,-0.0029877821139580305,-0.007574907776481017,0.21367978003642252,515.3636548043524,0.313487002409688,0.003616021298595031,13.967690136073097,-0.8608113857362382
buyer_cash_only,Buyer cash only,0.5,16,-0.002758529990681378,-0.007146637985150461,0.17660702848017495,474.3901251879329,0.29379524951391617,0.0035542872901181506,14.245933927572695,-0.857540660724273
buyer_cash_only,Buyer cash only,0.5,17,-0.0032790731153187836,-0.007675931688043534,0.2334038009479199,482.1583367629509,0.285572734883452,0.00362444667715204,15.109219033013641,-0.8495265311036503
buyer_cash_only,Buyer cash only,0.5,18,-0.0030507114330888324,-0.007640560003594195,0.21433847331473133,494.06305746723956,0.31627609218557357,0.0037031640966673288,14.11346744108269,-0.8589977632620135
buyer_cash_only,Buyer cash only,0.5,19,-0.0030055513195065956,-0.007107608984349795,0.17113706572038123,461.8216822534627,0.25607783111114113,0.0036726742470122357,15.645168547670945,-0.844080451375233
buyer_cash_only,Buyer cash only,0.5,20,-0.00339220360550938,-0.008073090805518211,0.23640846018413697,487.453090659052,0.3134149423733227,0.0039036332389627264,14.418413632529392,-0.856222704326812
buyer_cash_only,Buyer cash only,0.5,21,-0.0029952162361197494,-0.007378782989280006,0.2134765474268664,494.06401000526455,0.29434869185273044,0.003514206343293081,14.713304769264827,-0.8528669523073518
buyer_cash_only,Buyer cash only,0.5,22,-0.003576652085834204,-0.008014170010431688,0.2793773018052642,478.55714284722393,0.28244016859136495,0.0035941705089595198,15.507798868750843,-0.8449220113124916
buyer_cash_only,Buyer cash only,0.5,23,-0.003091203123508685,-0.007441555567069395,0.21265862932347257,505.0050821184765,0.2948710639868098,0.0036374286574196698,15.065343010046444,-0.8500567288590973
buyer_cash_only,Buyer cash only,0.5,24,-0.003069886574030276,-0.007850322125367324,0.239262096502605,509.564692379817,0.3382030057169597,0.0036475180708543447,13.544519751658948,-0.8650172953334146
buyer_cash_only,Buyer cash only,0.5,25,-0.002881275296663478,-0.006859176819131453,0.17036434589025196,461.46942796929505,0.25566400788701993,0.0035260724468341624,16.06504798770354,-0.8398920039613644
buyer_cash_only,Buyer cash only,0.5,26,-0.0025542458860070465,-0.006596116617469204,0.15910194476559858,490.21216981565794,0.2835511157764448,0.0034066811619182956,15.494899298743778,-0.845280080284385
buyer_cash_only,Buyer cash only,0.5,27,-0.003214655623343001,-0.0076928492423192114,0.24150325998846722,518.5908861328385,0.3184334676429272,0.0036896236226980224,15.017075738928561,-0.8509385676600817
buyer_cash_only,Buyer cash only,0.5,28,-0.0029852172229564793,-0.0071284757823181395,0.18216537685662937,474.59722886233027,0.2748110940519994,0.003663491179368865,15.630663587112878,-0.843790846047598
buyer_cash_only,Buyer cash only,0.5,29,-0.002993954363770264,-0.007547710384183075,0.21788224664471312,486.68313673768574,0.3167911087365028,0.0036075051354085906,14.1646274551826,-0.858353725448174
buyer_cash_only,Buyer cash only,0.5,30,-0.003521663787716181,-0.007621212101396472,0.22161886610395276,450.72133190820756,0.25325024849898076,0.003761980023727707,16.552771011776894,-0.8354754441072373
buyer_cash_only,Buyer cash only,0.5,31,-0.0024383823209158917,-0.006470595133795926,0.13540028824111316,474.9630273764594,0.2699655349779773,0.0034389677715673497,15.249336075190127,-0.8481241747911764
buyer_cash_only,Buyer cash only,0.5,32,-0.0027371537439963615,-0.007330852100262772,0.19265766445226096,488.64768644167475,0.3178447999053166,0.003512350759299745,13.487841115100027,-0.8651226149445267
buyer_cash_only,Buyer cash only,0.5,33,-0.002800944318229496,-0.007016304409729926,0.1636839130848471,475.892182051359,0.2798861147535583,0.0036590034108750988,15.004707215366768,-0.851096885556253
buyer_cash_only,Buyer cash only,0.5,34,-0.0027996345007886207,-0.007129581181985215,0.1711445031726324,471.53645340649865,0.2784713655249619,0.003567132306841629,14.445430883453689,-0.8560234541826234
buyer_cash_only,Buyer cash only,0.5,35,-0.002780060444421625,-0.006791727319385692,0.18100984968807754,486.75997962944257,0.27901570366127315,0.0034488083164245825,15.986587704847476,-0.8405581048370486
buyer_cash_only,Buyer cash only,0.5,36,-0.003187749399538772,-0.007595093581930545,0.21536309445310353,474.2505621067948,0.28378670446126386,0.003656236584356859,14.85303469709971,-0.8528622097103478
buyer_cash_only,Buyer cash only,0.5,37,-0.002953333305157246,-0.007133724560708866,0.1625816398248242,476.07085219021786,0.27129659586785015,0.00381140580516817,15.34687992508089,-0.8465312007491911
buyer_cash_only,Buyer cash only,0.5,38,-0.003124930167783618,-0.0074012806218959485,0.20042499857017138,465.85112522354757,0.2860380442666943,0.0037304668001411695,15.37911537566664,-0.8462088462433336
buyer_cash_only,Buyer cash only,0.5,39,-0.0031701120942157213,-0.007809873661080077,0.22704242502761862,473.4149010848587,0.3010145282435854,0.0036470892372626605,13.972124010965686,-0.8610846006253425
buyer_cash_only,Buyer cash only,0.5,40,-0.0031522418683376918,-0.007804022402770763,0.2256943938829039,479.36087520976355,0.3059135580378325,0.0036669504194706956,13.937249334381267,-0.8606275066561874
buyer_cash_only,Buyer cash only,0.5,41,-0.0032343558322811277,-0.007732637288923962,0.2230798357056576,481.9256136580422,0.29061632974013835,0.003688703923192452,14.61180830739783,-0.8547392271407122
buyer_cash_only,Buyer cash only,0.5,42,-0.002985016365130276,-0.007174078337396384,0.17988016740604584,485.51849736694527,0.2787155435546821,0.0037125523058497223,15.4488909592278,-0.8461457501761287
buyer_cash_only,Buyer cash only,0.5,43,-0.0030135431160671715,-0.007683199933414868,0.20517738592743118,482.9857795697386,0.3125076812669769,0.003715921560373493,13.645576763370466,-0.8635574319558704
buyer_cash_only,Buyer cash only,0.5,44,-0.0033293210090093103,-0.007468510645862129,0.2186738529161375,483.61808850232774,0.2758536863221857,0.003737249450416196,16.335320280724247,-0.8374899071746942
buyer_cash_only,Buyer cash only,0.5,45,-0.003553936854852353,-0.007644259497403961,0.2121978723146789,455.7910890898302,0.2585169465261394,0.003920386393770237,16.75594365310796,-0.8353810676862699
buyer_cash_only,Buyer cash only,0.5,46,-0.002996313349833924,-0.007174045947089269,0.1992003785722981,485.05025913072876,0.2705348464910311,0.003488607845423842,15.431757481611315,-0.8470999052130951
buyer_cash_only,Buyer cash only,0.5,47,-0.0029705448972382116,-0.007236486778333923,0.20388813781392656,484.06401757867866,0.2869018853286756,0.0035208843967128875,15.143517781187299,-0.8502090712276539
buyer_cash_only,Buyer cash only,0.5,48,-0.003303824050943856,-0.0073006807867528264,0.22787732902306745,493.4348315986237,0.27353988290061654,0.0036180138594384356,16.991576328691686,-0.8300863641001224
buyer_cash_only,Buyer cash only,0.5,49,-0.003170752054258095,-0.007464874362583462,0.18087622864213082,464.66156093825015,0.269932003053884,0.003869886608390725,15.17521827372024,-0.849567235039189
buyer_cash_only,Buyer cash only,0.5,50,-0.0028826632396694563,-0.0072228598901155185,0.20239077820153106,508.1841523204234,0.3063950920237218,0.0035442518290931717,14.827489043509415,-0.8518982811380743
buyer_cash_only,Buyer cash only,0.5,51,-0.0029937680792764074,-0.007366897225351569,0.20395345265935627,472.9674510951585,0.29294000843434376,0.003584934358098585,14.743088043104194,-0.8532360720945733
buyer_cash_only,Buyer cash only,0.5,52,-0.0029861234016398622,-0.0073746546932593315,0.20352263994158226,497.68632880653735,0.30063599407998587,0.0036265411987029157,14.739836090423672,-0.8526781692883989
buyer_cash_only,Buyer cash only,0.5,53,-0.0032237373099243674,-0.007613925952982142,0.20585696501616335,483.44466473452854,0.28485379201334216,0.003789248875829452,15.016302946578712,-0.8511521186258663
buyer_cash_only,Buyer cash only,0.5,54,-0.002837676550184441,-0.007137418770598734,0.18569237496478663,487.82815567524267,0.2920606663587209,0.0035556232721941088,14.787897468278246,-0.8529695295523743
buyer_cash_only,Buyer cash only,0.5,55,-0.0028634813215213605,-0.007186575540853638,0.1762995567594111,491.7769580165199,0.292699859702929,0.003686335540582941,14.729083314240338,-0.8532224650674565
buyer_cash_only,Buyer cash only,0.5,56,-0.003295521756945131,-0.007504813444815409,0.25358553179563403,476.7231699713571,0.27637163503705264,0.0034381719326594382,15.924753391696452,-0.8409998476513626
buyer_cash_only,Buyer cash only,0.5,57,-0.002991859479228176,-0.007310640961219262,0.20209756413794044,501.21804709878097,0.29866805921468337,0.0036345176413229863,15.061970763038484,-0.8495847028520144
buyer_cash_only,Buyer cash only,0.5,58,-0.0027280705143003796,-0.007150698423618478,0.16639007503623937,489.07319140751025,0.2975325274797468,0.0036442617330285317,14.064983485082017,-0.8597152977330879
buyer_cash_only,Buyer cash only,0.5,59,-0.0034803121314921476,-0.007912257031582026,0.23379892399610436,461.5569546612869,0.2733392306052836,0.0037602419289025904,15.182788273027011,-0.8482084965611076
buyer_cash_only,Buyer cash only,0.5,60,-0.0030720526421627566,-0.007332963927245884,0.1999438170688873,473.8025955461659,0.27932687191267375,0.003628016179328015,15.269431944071247,-0.8481382742865485
buyer_cash_only,Buyer cash only,0.5,61,-0.003341069238955377,-0.007905212646467869,0.22234929761932565,470.8792480457272,0.28922344137670747,0.003807518662747477,14.513151532637554,-0.8549397787990984
buyer_cash_only,Buyer cash only,0.5,62,-0.0033497754452074735,-0.007835392690383422,0.23920449384310616,469.7101751530661,0.28934016290514614,0.0036815454691099593,14.89236270754196,-0.8515436169594871
buyer_cash_only,Buyer cash only,0.5,63,-0.003100625504015013,-0.007523315600720122,0.20796643347053723,486.4771123516157,0.2971219491362291,0.003703370167140943,14.768142821177367,-0.852984396468937
buyer_cash_only,Buyer cash only,0.5,64,-0.0025338330087814913,-0.006916264913023488,0.1447510058716901,501.3886051474212,0.31296477071793616,0.003722162927850154,14.029867723664854,-0.8597269985202679
buyer_cash_only,Buyer cash only,0.5,65,-0.003071457105662366,-0.007522564467724726,0.21268062011033273,488.35608648898113,0.2995021729212057,0.0036420707285245396,14.605238051317466,-0.8544408316017434
buyer_cash_only,Buyer cash only,0.5,66,-0.0032381049114613533,-0.007558608601928537,0.22866966897683638,494.4847785101085,0.2950106622180609,0.003675871903096374,15.517636014288215,-0.8452016437248837
buyer_cash_only,Buyer cash only,0.5,67,-0.0027919401095736463,-0.007549063797035788,0.20213295568671252,520.6104554900313,0.3465622223273506,0.003652980430491213,13.123043850674662,-0.8687695614932534
buyer_cash_only,Buyer cash only,0.5,68,-0.0023452798176661835,-0.006843912775544902,0.1399840730995554,511.5194647810263,0.3278604379745482,0.0035853815232111015,13.269528551885895,-0.868494448845411
buyer_cash_only,Buyer cash only,0.5,69,-0.0028958908783758026,-0.00728972761182046,0.19320402550168891,502.827773657316,0.3077123800431506,0.0036519097416479163,14.610693860246213,-0.8542468562572442
buyer_cash_only,Buyer cash only,0.5,70,-0.0036424587588598646,-0.00817239423394438,0.25479568879285563,458.81026534089017,0.28344502975576424,0.003839527471610691,15.233681967117647,-0.8476631803288235
buyer_cash_only,Buyer cash only,0.5,71,-0.0030305834320749616,-0.007353902904081758,0.1870882696247662,449.67928463697865,0.2754582029588689,0.0036737013890278617,14.849377821594585,-0.8515062217840541
buyer_cash_only,Buyer cash only,0.5,72,-0.0028243733011576407,-0.007014551551877126,0.19179796194294285,498.2296935572044,0.29759058483716144,0.003515562213283403,15.356543723035248,-0.8467916235181705
buyer_cash_only,Buyer cash only,0.5,73,-0.0024690408661358636,-0.006646284328696761,0.14336546220062352,490.70782343206196,0.2976458417840157,0.0035541080047311485,14.788128410246427,-0.8524899435482627
buyer_cash_only,Buyer cash only,0.5,74,-0.0032972432568036487,-0.007426398210001985,0.20943431786122646,494.3240848200632,0.2776571540535897,0.003794377519656377,16.34686295271487,-0.8377409810930976
buyer_cash_only,Buyer cash only,0.5,75,-0.003149990586209656,-0.0074743060267314435,0.2156314001228682,473.4092357590819,0.28215313250319163,0.003600386300764396,15.150322849497996,-0.8485235353671651
buyer_cash_only,Buyer cash only,0.5,76,-0.002786678801205912,-0.0069029413027190175,0.17314571296747128,510.62052163087833,0.29966687266743003,0.003663651201957447,15.679485421396276,-0.8437166279533629
buyer_cash_only,Buyer cash only,0.5,77,-0.0028554028947420525,-0.006893341024603448,0.16661972206711628,470.39724109536036,0.2763567861051328,0.0036744113977362626,15.949744105022233,-0.8406719421182534
buyer_cash_only,Buyer cash only,0.5,78,-0.003198151950656056,-0.007566044055155454,0.22581715819521464,471.1259261258564,0.29303995796071003,0.003640791111995334,15.17794899611523,-0.8498812122486321
buyer_cash_only,Buyer cash only,0.5,79,-0.0031207145564852608,-0.0075402726742642,0.21175009693076785,499.37325764475634,0.297841621986135,0.003698486658801536,14.832395550129526,-0.8516760444987047
buyer_cash_only,Buyer cash only,0.5,80,-0.002485983010102514,-0.006754187785490348,0.14972547856452645,486.27068015564294,0.299923058816717,0.003514843666152574,14.390659820099248,-0.8562331695061467
buyer_cash_only,Buyer cash only,0.5,81,-0.003102795254311593,-0.007515518987405989,0.20694158002110097,487.97931008580855,0.29234234917644925,0.003684947833875047,14.763031310780036,-0.8529979689551181
buyer_cash_only,Buyer cash only,0.5,82,-0.0027604679589551475,-0.007112455359389042,0.17281627534893373,475.6880360824947,0.28658250467976076,0.003550980630538082,14.351218447987941,-0.8564878155201205
buyer_cash_only,Buyer cash only,0.5,83,-0.0032164860701027293,-0.007608618812616991,0.2073837306838897,456.5779327480628,0.282739408950608,0.0037526438324531905,14.966131502397657,-0.8503386849760235
buyer_cash_only,Buyer cash only,0.5,84,-0.0029558737185853582,-0.007480075211314226,0.20987598658804674,489.23436497684247,0.30272128566466827,0.0035468253618757307,14.078366381380826,-0.8592163361861918
buyer_cash_only,Buyer cash only,0.5,85,-0.0025664752026192885,-0.007048434925733744,0.1598509906572405,507.68661328369785,0.31705098243931673,0.003610873939662616,13.662876810782958,-0.8636013317115314
buyer_cash_only,Buyer cash only,0.5,86,-0.0032236086908148027,-0.0076680360354040925,0.22909104453383344,493.94129869515984,0.29550215084563786,0.0036586475676534743,14.900548821601749,-0.851830563789769
buyer_cash_only,Buyer cash only,0.5,87,-0.003050239326739709,-0.007285971094517083,0.19938402601499727,485.0186161862387,0.28969352370276225,0.003674152925350504,15.476479633496673,-0.8452352036650332
buyer_cash_only,Buyer cash only,0.5,88,-0.002980063331695519,-0.007339446063701535,0.1911948594660552,477.1410997176728,0.28516496465140473,0.0036360715576709,14.695841091433284,-0.8530415890856672
buyer_cash_only,Buyer cash only,0.5,89,-0.0033668033186772216,-0.008077651547582717,0.2637540758860256,473.95678420471387,0.3078214693146647,0.0036347752248438586,14.158914010042807,-0.8587098805163819
buyer_cash_only,Buyer cash only,0.5,90,-0.0026915924005414416,-0.007304349933788238,0.1767821517409972,513.0595171194473,0.32084269321703357,0.0036225174166229076,13.341304154695553,-0.8666236839422515
buyer_cash_only,Buyer cash only,0.5,91,-0.002933284340446683,-0.007388782224211475,0.1903179489809309,490.5890374396508,0.29443876820176795,0.003645039636271303,14.261641036724003,-0.8585418176822855
buyer_cash_only,Buyer cash only,0.5,92,-0.003937948590728371,-0.00826822598565785,0.28125104374627763,436.22334896623715,0.2558444531353952,0.0037537619286079865,16.333415502806986,-0.8371531622406282
buyer_cash_only,Buyer cash only,0.5,93,-0.0026773755577983393,-0.007233956157561829,0.19164606163193065,512.9205327270063,0.3327237947409651,0.00352492706883602,13.65890346357839,-0.8638325934948368
buyer_cash_only,Buyer cash only,0.5,94,-0.0026771860796111486,-0.0070034510579997135,0.17907749355341707,491.108294379612,0.3059371595149801,0.003496180141091218,14.498517621910404,-0.8555879031624941
buyer_cash_only,Buyer cash only,0.5,95,-0.002794653942895122,-0.00725704251729518,0.1787452517793251,493.9168567283063,0.30149282148586687,0.0036259895925609617,14.039824457654136,-0.8596482729834938
buyer_cash_only,Buyer cash only,0.5,96,-0.0026656675024948977,-0.006992151906737503,0.15697590969014952,477.52537894182257,0.2935312611127384,0.0036413915225164462,14.366699395423554,-0.8572389131405407
buyer_cash_only,Buyer cash only,0.5,97,-0.0025614690743781523,-0.006787617471200128,0.1663748216198112,493.3336010603144,0.2898913908080927,0.003377580127951646,14.641133328997022,-0.8535886667100298
buyer_cash_only,Buyer cash only,0.5,98,-0.002399542872700944,-0.00695526917133593,0.15330929125375325,534.2041356039521,0.3509413589561623,0.0036273681214868685,13.255818315283104,-0.8675690849026165
buyer_cash_only,Buyer cash only,0.5,99,-0.0027340562030372176,-0.007126489942366379,0.1799018684215069,488.6880413220285,0.3088946144987741,0.003579477550625362,14.317101423926292,-0.857159279459487
buyer_cash_only,Buyer cash only,1.0,0,-0.001962903337813863,-0.0038893918280885854,0.04617231206750616,416.3376691718618,0.1362219254423496,0.0033684104566896475,29.057116288663853,-0.7109317621443823
buyer_cash_only,Buyer cash only,1.0,1,-0.001595826934801073,-0.003663509800315056,0.03419822146844198,425.68567437155247,0.13949932750107086,0.003219412300005513,28.333222659081287,-0.7182594984569303
buyer_cash_only,Buyer cash only,1.0,2,-0.0018231304521270275,-0.004172288257037672,0.05385412962571923,473.57923932597214,0.17381198638837633,0.0032724626992106406,25.60086811504911,-0.7447040512201315
buyer_cash_only,Buyer cash only,1.0,3,-0.0013147590604367433,-0.0037104214626033864,0.028274642097107394,472.01845236300886,0.16599324846253927,0.0031818376794651554,25.71002734594432,-0.7463748920412752
buyer_cash_only,Buyer cash only,1.0,4,-0.0021929777017706356,-0.0041728686502532876,0.05909575288760427,438.99686518728174,0.1482268650478538,0.0034706323657578424,28.39125824433228,-0.7170187818097171
buyer_cash_only,Buyer cash only,1.0,5,-0.0011533312949506002,-0.003560194298228674,0.01920992357140827,483.83991200215814,0.16337320780565795,0.003359126811004578,25.867083056869177,-0.7442924590306156
buyer_cash_only,Buyer cash only,1.0,6,-0.002121209990742698,-0.004356775348164333,0.07119398977237457,517.208762284882,0.18084363111198595,0.003379042860209632,26.55488048127922,-0.7358794791212839
buyer_cash_only,Buyer cash only,1.0,7,-0.0008607392439897318,-0.0032873487124323846,0.011033757879494233,462.7635523598308,0.15433913740824157,0.0032143537892832742,26.28287736107619,-0.739336034165077
buyer_cash_only,Buyer cash only,1.0,8,-0.001372516366905369,-0.0033116267642157382,0.0219085424660167,437.284170695538,0.13253127567649586,0.003372086232342378,30.242234576719966,-0.701091093910084
buyer_cash_only,Buyer cash only,1.0,9,-0.0016905627764414865,-0.003800583850539258,0.04208773392445253,450.398371820693,0.15258040110855278,0.0032158983487106866,27.860063814941952,-0.7245256339403054
buyer_cash_only,Buyer cash only,1.0,10,-0.0010928919293204022,-0.003547814236584553,0.018303771320611006,520.731832895759,0.17875361486284502,0.003411554086540534,25.560081167149505,-0.745784588957922
buyer_cash_only,Buyer cash only,1.0,11,-0.0014783578399274267,-0.0038051622830557637,0.03336406202597242,461.52606980882865,0.16301005301166874,0.0032641429237468263,26.113294598717992,-0.7390179631338847
buyer_cash_only,Buyer cash only,1.0,12,-0.0014515571039138563,-0.004170589368970956,0.03839531041055788,506.3478315805234,0.19789987418912955,0.003291805213756286,22.755461778747293,-0.7737108061746288
buyer_cash_only,Buyer cash only,1.0,13,-0.0018128793025391997,-0.0038452103086732093,0.044177590056712845,456.6068979412076,0.15025949015694062,0.003340631002587036,28.425878820458127,-0.7169134528890488
buyer_cash_only,Buyer cash only,1.0,14,-0.0015582227406656384,-0.0035983745993239035,0.034567539732960895,429.5424453313275,0.13824976296480088,0.0031127273610128906,28.696139677447114,-0.7156298346566884
buyer_cash_only,Buyer cash only,1.0,15,-0.001596720259599472,-0.0038088089204684583,0.03969565136115005,453.82690817356996,0.15247928215427442,0.003125978457158022,26.97934544369652,-0.7325877048473197
buyer_cash_only,Buyer cash only,1.0,16,-0.0010994132115202675,-0.0033677991165330097,0.019138576372825344,507.9468333895769,0.16973495541999062,0.0032709554868385698,27.492122350200447,-0.7256552973284919
buyer_cash_only,Buyer cash only,1.0,17,-0.0012673917126663783,-0.0035894220391007835,0.022454188860084878,471.47133787008465,0.15523234424745996,0.0033281257746823364,26.472369138193944,-0.7366082839869781
buyer_cash_only,Buyer cash only,1.0,18,-0.0016117783927641785,-0.0035995353272305942,0.0340998998179447,455.570491037769,0.1445849888711111,0.0033158812301990327,29.21006389489087,-0.7098347091577708
buyer_cash_only,Buyer cash only,1.0,19,-0.0010877847347237394,-0.0035927779131716686,0.018800446863804332,494.1528385680314,0.17056870401756874,0.003272161542416425,25.026689123090662,-0.7549651738570882
buyer_cash_only,Buyer cash only,1.0,20,-0.0009091359243858906,-0.00336195293012586,0.013499261933109574,462.70909686655096,0.1592385239492649,0.0031179235723560587,25.895753365541403,-0.7436146532727653
buyer_cash_only,Buyer cash only,1.0,21,-0.0009004350991912492,-0.0034261323026918166,0.013360123912074306,501.98006197528866,0.17414156250082163,0.0032465634900950423,25.190484561502917,-0.7490652633323842
buyer_cash_only,Buyer cash only,1.0,22,-0.0016703665386449957,-0.003793025173582635,0.04233013086457904,460.7023410513528,0.157151036140894,0.0032156733408946663,27.815519520149298,-0.72190045363582
buyer_cash_only,Buyer cash only,1.0,23,-0.0021168370381144616,-0.004038593175114791,0.05694845196306131,382.9361248418833,0.128984193723335,0.0031823368722404015,28.72767623124013,-0.713803573845796
buyer_cash_only,Buyer cash only,1.0,24,-0.0014619495412245315,-0.003761221778200475,0.03051145861831983,466.21436261749426,0.1633620888637899,0.003379228581981738,26.413805713878237,-0.7362018702637534
buyer_cash_only,Buyer cash only,1.0,25,-0.0012050863337811659,-0.0035307772489585033,0.021515523199711617,481.86626383313603,0.16002265221259576,0.003282558103640054,26.58930763885563,-0.7359109052043002
buyer_cash_only,Buyer cash only,1.0,26,-0.0011156084576065808,-0.0034708590039608375,0.021891501287801707,517.9105241981609,0.17461259067233834,0.00314753848855489,26.541462517755743,-0.7382794000906086
buyer_cash_only,Buyer cash only,1.0,27,-0.0013135879918493535,-0.003797986306730883,0.029539782615036425,478.4392530674272,0.1686171599382405,0.0031343756345721748,24.859326806979926,-0.7522606703635718
buyer_cash_only,Buyer cash only,1.0,28,-0.002173661230443133,-0.004038401272618529,0.056223867003496575,368.41571223147764,0.11959050089221347,0.0031662362792120955,29.028333775390998,-0.70971666224609
buyer_cash_only,Buyer cash only,1.0,29,-0.0010344945190216071,-0.003498193210474488,0.01930140848922035,484.8567389605074,0.17000541842584882,0.003066292932676013,25.548420864226067,-0.7453097367030801
buyer_cash_only,Buyer cash only,1.0,30,-0.0015202555167022562,-0.0037333394352809424,0.029966223643739465,419.6659839222239,0.1405174256625441,0.0032875378959997207,26.9888369716376,-0.7314354989285273
buyer_cash_only,Buyer cash only,1.0,31,-0.0012518370640436662,-0.0034279966866804005,0.02157973285052084,483.4898291229625,0.15249425967700897,0.0033241372555889923,28.042538561350398,-0.7264385572446985
buyer_cash_only,Buyer cash only,1.0,32,-0.0010958590724188001,-0.0033554403242332526,0.018135956773109196,504.6475522907099,0.16268132413734088,0.0032786379059559956,27.561461760813447,-0.7281805536417874
buyer_cash_only,Buyer cash only,1.0,33,-0.001165305969861434,-0.0034498167129940593,0.022898884793825736,498.0831310932638,0.16132379401966151,0.0030895777111064012,27.122400593986022,-0.7321189872222857
buyer_cash_only,Buyer cash only,1.0,34,-0.0019450425996133448,-0.004101158379740114,0.05193398589656517,451.4572680220325,0.15355191097559526,0.0033414156895842256,27.049747990909474,-0.7312299506541542
buyer_cash_only,Buyer cash only,1.0,35,-0.0010332501857354768,-0.003230349427012946,0.01693119155874978,515.2863138902857,0.15863903381069874,0.003159509989216693,28.4136719401905,-0.7214611835831748
buyer_cash_only,Buyer cash only,1.0,36,-0.0013944156390586994,-0.0035635577829582674,0.026098237816253533,466.4462027840008,0.153642872816521,0.0033797980258639566,27.805854322778256,-0.7219414567722174
buyer_cash_only,Buyer cash only,1.0,37,-0.0007477472808552295,-0.0031216344622354334,0.008507179916597774,458.03487471750714,0.1490351815558743,0.003124996265972338,27.18271475824959,-0.7293286772329642
buyer_cash_only,Buyer cash only,1.0,38,-0.0021438649392175675,-0.004347987424107737,0.06675240617955591,447.83747697892596,0.1615338135768453,0.0033323876508864173,26.52618028396015,-0.7347381971603986
buyer_cash_only,Buyer cash only,1.0,39,-0.000704603451478568,-0.00282196262668318,0.005792117673582786,388.4096170231446,0.11476078943412633,0.00313075959799147,30.406431369980368,-0.6966116057509308
buyer_cash_only,Buyer cash only,1.0,40,-0.0011296759973994702,-0.0036882891539363805,0.02520782269822286,524.9900801470266,0.19035159384254577,0.0031009442738684106,24.515948912743003,-0.75484051087257
buyer_cash_only,Buyer cash only,1.0,41,-0.0011992665709913593,-0.00358875352849079,0.022670207313425284,476.17211344320486,0.16313310974175976,0.00321305253854868,25.958320096732006,-0.74503829089241
buyer_cash_only,Buyer cash only,1.0,42,-0.000774814399474423,-0.0030644034142611664,0.007688636310711927,434.86358900445697,0.13746827357701977,0.003271006129278382,28.05124981989796,-0.7209858509925704
buyer_cash_only,Buyer cash only,1.0,43,-0.0011362121513369412,-0.0033767129344315938,0.0194151925439755,503.7548993388594,0.15843569179769207,0.003242195514437997,27.651573480786,-0.7280984409436189
buyer_cash_only,Buyer cash only,1.0,44,-0.0012324704289145985,-0.00350914265586123,0.022525717509115695,468.1722349285483,0.15310533199840398,0.0032091694519737323,27.008066195424327,-0.7324752968311119
buyer_cash_only,Buyer cash only,1.0,45,-0.0011568508532420908,-0.003527818460880705,0.021009623705099956,477.0187583597392,0.16131430874786531,0.003201546828996693,26.223119494827184,-0.7386526792616075
buyer_cash_only,Buyer cash only,1.0,46,-0.0008075943373817791,-0.003353651229312222,0.01184547545905279,506.61806314020873,0.1767637370870088,0.003115575802097969,25.185783832634627,-0.7501337425949139
buyer_cash_only,Buyer cash only,1.0,47,-0.0012286156430825785,-0.0032701366370562583,0.019180920350512998,427.2247783888664,0.13493484767615752,0.0032547526198410913,29.502936077538422,-0.7083727621369262
buyer_cash_only,Buyer cash only,1.0,48,-0.0010742723633424887,-0.003561202773140238,0.0186116685251817,479.7992784262098,0.1666157617365354,0.003209875008337964,25.217618549604236,-0.7494214051724171
buyer_cash_only,Buyer cash only,1.0,49,-0.0012985681799182456,-0.0036328711889710326,0.024650514214783814,461.51473615022087,0.1563377716085837,0.0032661247717343236,26.294283050772453,-0.7374526922411282
buyer_cash_only,Buyer cash only,1.0,50,-0.0011924345256776145,-0.0033440140366999827,0.01747379812877159,421.4911936254217,0.13522921173909264,0.0033125862070356826,28.354926836983523,-0.718821399395341
buyer_cash_only,Buyer cash only,1.0,51,-0.0012511902757483238,-0.003505253795798295,0.025387771431124584,482.59516894242023,0.15993771477410315,0.0031370289338035887,27.25243459535353,-0.7281734190459814
buyer_cash_only,Buyer cash only,1.0,52,-0.0011987804487588335,-0.0033781634166522093,0.01989124935152342,439.38378055095905,0.13848034580193522,0.003158671576523823,28.051843478725093,-0.7195622106084896
buyer_cash_only,Buyer cash only,1.0,53,-0.0015294883844083498,-0.00377667115064869,0.03746737048067583,437.29284522906727,0.14998352234501577,0.003056423447794498,26.717398925214567,-0.7328260107478544
buyer_cash_only,Buyer cash only,1.0,54,-0.001974680089460316,-0.003942782363134268,0.05609647640290294,439.1081202831245,0.1402934674767477,0.0031199997337396177,28.681825112489424,-0.7136079167354605
buyer_cash_only,Buyer cash only,1.0,55,-0.0014079747900034695,-0.00389834614851286,0.03360562843429604,492.5023466742347,0.17859943616053198,0.0032422969499753336,24.740438001104877,-0.7539768213147727
buyer_cash_only,Buyer cash only,1.0,56,-0.001837453549739079,-0.004073337819961276,0.04890656918625236,514.9544334752067,0.17477524726752164,0.0034711561960941496,26.670205668048066,-0.7337418516060842
buyer_cash_only,Buyer cash only,1.0,57,-0.0009862028050893412,-0.0031889912003741356,0.013593865451068443,468.9644264075827,0.14751839177398615,0.0032447430716694226,28.43148974593766,-0.7221324085370397
buyer_cash_only,Buyer cash only,1.0,58,-0.00118145217953461,-0.003342403113042409,0.020455478295614338,429.63312031651174,0.13931885045032674,0.0030792196910315434,28.30958315286675,-0.7192794005399601
buyer_cash_only,Buyer cash only,1.0,59,-0.0013159869384049884,-0.00336417890299198,0.025638614601824372,431.4569156437604,0.14011368718785308,0.0030730033622711978,29.22061366880162,-0.7081272765006662
buyer_cash_only,Buyer cash only,1.0,60,-0.0015630103317159291,-0.0037428505904371673,0.03350963738283608,454.31669273893993,0.15026199414611596,0.0033061642975765857,27.338843908552636,-0.7293407863446415
buyer_cash_only,Buyer cash only,1.0,61,-0.0004596372943514528,-0.002953549991709707,0.002876235293112317,449.0778902954182,0.1454170094861243,0.0032623310528913253,26.711741200153767,-0.733522130676052
buyer_cash_only,Buyer cash only,1.0,62,-0.0014716780045514236,-0.0037818190821207885,0.03418907599700627,484.0478980186389,0.16728764720502903,0.0032521163050656257,26.3239017549316,-0.736760982450684
buyer_cash_only,Buyer cash only,1.0,63,-0.0017432025725373972,-0.004217942852631351,0.05934214596063969,471.2974714794349,0.17469760998561765,0.002987834024312557,24.53305515125927,-0.7546694484874072
buyer_cash_only,Buyer cash only,1.0,64,-0.001193151197667885,-0.003655274389750577,0.02267882040075897,498.4640535899276,0.1778233847558278,0.0033372988767242477,25.310264321941787,-0.7514159950134631
buyer_cash_only,Buyer cash only,1.0,65,-0.0012879239919338225,-0.003417383110022351,0.02235240140242445,435.4716626137282,0.1371133460354561,0.003185637190016441,28.361361768237675,-0.7179024201194708
buyer_cash_only,Buyer cash only,1.0,66,-0.0012283566670460405,-0.0035456180760824385,0.021800634832643717,462.63798656424467,0.15628279026277758,0.0032847492596056868,26.607742383064267,-0.7339225761693573
buyer_cash_only,Buyer cash only,1.0,67,-0.0014645717669179964,-0.003602735905713152,0.02682200950815905,418.5421516137205,0.14026894946068597,0.003345042954840575,27.872446154726603,-0.7239593043290514
buyer_cash_only,Buyer cash only,1.0,68,-0.0013725460724407577,-0.003403778838719837,0.024363401765914894,407.61185104239104,0.1295965300517955,0.003161439056679444,29.169378158360832,-0.708738906094035
buyer_cash_only,Buyer cash only,1.0,69,-0.0010163954224870783,-0.003300257032620578,0.01649224690683626,466.36232002962754,0.1512913209082088,0.003074421399933178,27.442778603015597,-0.7304714190204011
buyer_cash_only,Buyer cash only,1.0,70,-0.001455990113330048,-0.0036625686823334048,0.03139322912570086,443.6210381287406,0.14889538136540528,0.0031671399014907443,27.253196590146203,-0.7283387147638853
buyer_cash_only,Buyer cash only,1.0,71,-0.0015527618503757945,-0.0037029259444887426,0.035525540356308394,449.3587858555862,0.1468793003495096,0.0031537609976557916,27.63340402151482,-0.7236659597848518
buyer_cash_only,Buyer cash only,1.0,72,-0.0010677681876899222,-0.003398180572924451,0.015344189028954291,470.4591826232261,0.1565400950908026,0.0034061146103073923,26.82230076602709,-0.7345908423516663
buyer_cash_only,Buyer cash only,1.0,73,-0.0018007671267080173,-0.003994963467664412,0.05094574643316996,470.37510760998856,0.16114084141175505,0.003199856286873912,26.95619491078439,-0.731961102076724
buyer_cash_only,Buyer cash only,1.0,74,-0.0010665489715716136,-0.003482470615977595,0.016936153522094544,500.5400438059765,0.1721691265595655,0.0033966337476751866,25.98638995739792,-0.7437930108370154
buyer_cash_only,Buyer cash only,1.0,75,-0.0018559238539001552,-0.004068226358149953,0.05274066235642949,417.32991193226087,0.14517127508485497,0.0030754221381912444,26.51762614778149,-0.7348237385221852
buyer_cash_only,Buyer cash only,1.0,76,-0.0015397480052249998,-0.0036072526422520645,0.033101528841344874,445.20236337704245,0.14481260797840384,0.003217225167920308,28.50830111198067,-0.715239474593764
buyer_cash_only,Buyer cash only,1.0,77,-0.001569484361833422,-0.003869330712796911,0.03975036101067286,488.7189892728267,0.1700266594644782,0.003242992014720186,26.30971875852825,-0.7378108310868137
buyer_cash_only,Buyer cash only,1.0,78,-0.0019853710013504728,-0.004007007971456786,0.05689372208182253,450.70057434420374,0.1494536568827767,0.0032152723174619985,28.26605407098271,-0.7221807761513029
buyer_cash_only,Buyer cash only,1.0,79,-0.0013387095117963178,-0.0034781846847187123,0.026245807722195758,455.6953899069151,0.14757625960950765,0.0031708943773509067,28.205359099553622,-0.7197266913924153
buyer_cash_only,Buyer cash only,1.0,80,-0.001549319552119562,-0.003676140810635209,0.034856118659633895,439.66167474860924,0.1470248624646373,0.0031785438213959988,27.883831751141745,-0.7230963346891478
buyer_cash_only,Buyer cash only,1.0,81,-0.0015452436178077817,-0.0037071463766635703,0.03400904181203168,424.4661298181874,0.1432128661684148,0.003167102486350874,27.4910412467658,-0.725089587532342
buyer_cash_only,Buyer cash only,1.0,82,-0.0013554670118515258,-0.0036735637104016866,0.030992664361472855,449.1610482094622,0.15676098121224774,0.0030447200074237013,26.36088579433022,-0.7363911420566978
buyer_cash_only,Buyer cash only,1.0,83,-0.0018657410736248202,-0.0038370149552926975,0.04965825829157233,469.7314858901998,0.15493049438049752,0.003293396175327162,29.044645188850406,-0.7132029846749305
buyer_cash_only,Buyer cash only,1.0,84,-0.001173310888770714,-0.00340280601329026,0.02019002055092811,460.6444562430975,0.15160246550315212,0.003211276013743933,27.643598093919344,-0.7256900887854066
buyer_cash_only,Buyer cash only,1.0,85,-0.0016364706183955792,-0.003768279674064369,0.039027676743411455,438.09020370048023,0.14681100051599402,0.003170534548697705,27.667140187063648,-0.7255289050062204
buyer_cash_only,Buyer cash only,1.0,86,-0.0020284083068648996,-0.004266660323707818,0.06282318752205018,435.21649159666475,0.15759303365031038,0.003209636275535924,26.24717394352754,-0.7386611912353314
buyer_cash_only,Buyer cash only,1.0,87,-0.0016054228202635689,-0.00381366731209965,0.0393058655394799,486.7887060045624,0.1638126643590484,0.0032745457940151442,27.113631115837933,-0.7332803371582874
buyer_cash_only,Buyer cash only,1.0,88,-0.0009301926535610599,-0.0035028820829446057,0.013243735933403,504.38934333826535,0.17835184987500527,0.0034090181506411742,24.65849913813505,-0.7554452739670722
buyer_cash_only,Buyer cash only,1.0,89,-0.001062924167610066,-0.0033213417791614244,0.016015224355082402,462.7185974440178,0.15109650099066138,0.003260723831657973,27.5999045581053,-0.7242892393907144
buyer_cash_only,Buyer cash only,1.0,90,-0.0022461414948626826,-0.004450091565936036,0.07022498019429335,480.7509832395364,0.16652437546531335,0.003456550604920152,26.542838517385317,-0.7377934073320827
buyer_cash_only,Buyer cash only,1.0,91,-0.0015647315111662363,-0.0035090413052531926,0.03469862289475156,460.8601867009191,0.14595354574670974,0.0032065539666630135,29.814593481040898,-0.7052345288880475
buyer_cash_only,Buyer cash only,1.0,92,-0.0016059254503739647,-0.003800439976721779,0.04283526403845217,438.71782798742004,0.1528050525602061,0.003029930734792738,27.146325562536177,-0.7291442411113606
buyer_cash_only,Buyer cash only,1.0,93,-0.001150113562854026,-0.003532363245778823,0.021977076245309646,517.2558357793247,0.1780149798891235,0.0032700152247019986,26.204323894447835,-0.7411910009506315
buyer_cash_only,Buyer cash only,1.0,94,-0.001728329564248194,-0.003994691473658961,0.0434580440129555,478.7074392813697,0.16467047756191186,0.003361220903512182,26.37891648081978,-0.7371450437390095
buyer_cash_only,Buyer cash only,1.0,95,-0.0016415075861013954,-0.0037570096352626224,0.03673535956060292,440.60088536232183,0.14849773046211617,0.003296991102436893,27.841320016065133,-0.7226450474245041
buyer_cash_only,Buyer cash only,1.0,96,-0.0010292998440794398,-0.0031452958208490925,0.01457517591243418,475.5416955781209,0.1467052146822183,0.003261957965580746,29.31422413690656,-0.711791541712965
buyer_cash_only,Buyer cash only,1.0,97,-0.0015060924123344037,-0.00389951726597425,0.03361220917024599,479.6284606425924,0.16366832759109645,0.0033194782895316815,25.429573610816064,-0.747633882505399
buyer_cash_only,Buyer cash only,1.0,98,-0.0014600623040025792,-0.003717973637012849,0.02852660077866609,422.39577189945817,0.14580089803584798,0.0032964501816247498,26.692565638465148,-0.7335253208778223
buyer_cash_only,Buyer cash only,1.0,99,-0.0013785127584731809,-0.0034636923286160575,0.024079275220056706,422.91995835368226,0.13422716642846974,0.0032504556167613475,28.593520982055047,-0.7189099382194266
buyer_cash_only,Buyer cash only,2.0,0,0.0005463606348558544,-0.0013052299664728885,0.0014163812434684342,252.61983212398786,0.0495316382730912,0.0032239233557174226,47.29127942684872,-0.5302316313052187
buyer_cash_only,Buyer cash only,2.0,1,0.00021565407325429281,-0.0013205211929824766,0.00022675636822688805,261.05962152377987,0.04888904087963579,0.003161301393828227,49.83061072090001,-0.5038216583080926
buyer_cash_only,Buyer cash only,2.0,2,0.00043193539190700716,-0.0013938435212517027,0.0011898197517636877,297.0104483936931,0.05934543541519939,0.0030449851088596284,46.005712854604624,-0.5445933919352043
buyer_cash_only,Buyer cash only,2.0,3,0.0007054041469523317,-0.0010986126008818273,0.002101941548158237,263.63953944091986,0.04741111694235312,0.0033445075299983786,52.000397240935165,-0.49283386499611126
buyer_cash_only,Buyer cash only,2.0,4,-0.00016755904031420143,-0.0015198251266474604,0.00017584168939965839,289.36838696411405,0.05607530748556007,0.0029882198543438807,48.23195098611026,-0.5256757567283759
buyer_cash_only,Buyer cash only,2.0,5,0.0002127829864763627,-0.0013016741131001502,0.00022110395312879838,262.79344958138705,0.050098938845150126,0.003198111722891899,50.356609286858706,-0.5039246228684614
buyer_cash_only,Buyer cash only,2.0,6,0.0004020502195112293,-0.0014508099143711053,0.0009742026728002395,276.2167807003789,0.056947756400537425,0.0030675205616598872,44.82236497055037,-0.5541214701507948
buyer_cash_only,Buyer cash only,2.0,7,0.00020787623927439193,-0.0015006911726348447,0.000275838871808487,287.3457777008321,0.059530575184400567,0.0030484195903018913,45.374680729783265,-0.5466420170205313
buyer_cash_only,Buyer cash only,2.0,8,-0.00010973455041899256,-0.00160223601104575,7.811583184558213e-05,308.70523444706066,0.06224343957830807,0.003093123722684981,45.85437312603358,-0.5480741536447622
buyer_cash_only,Buyer cash only,2.0,9,0.0011148157590941106,-0.0011949333826075134,0.007940642865021608,313.2225008968214,0.062146330924993824,0.003112027903752157,45.304859347702966,-0.5490723143166407
buyer_cash_only,Buyer cash only,2.0,10,-0.0010709531839349024,-0.0018431439856497808,0.005568981920523908,227.10209010876906,0.04505805596044967,0.0030420692317573417,48.948014485229976,-0.5105198551477003
buyer_cash_only,Buyer cash only,2.0,11,-0.0006176912595256198,-0.0016590712163043796,0.0020010479778181933,243.40805750091508,0.0487559654608896,0.003044818416447057,48.967465976694115,-0.5150302576104957
buyer_cash_only,Buyer cash only,2.0,12,0.0012531107443737232,-0.0009416173463530808,0.006677596664116492,233.2784370506939,0.04037852487869863,0.0030742870850849055,52.40415626606624,-0.4850301421193819
buyer_cash_only,Buyer cash only,2.0,13,0.0001686233930739452,-0.0015186312335102497,0.00017745113397860113,296.8184992745805,0.06176072797818043,0.0031405628134232805,45.30218293962422,-0.5469781706037578
buyer_cash_only,Buyer cash only,2.0,14,0.00010506363056880082,-0.001526623429846311,7.873322370044455e-05,338.09851575590005,0.06831264261455484,0.003090584063413956,45.68275672374084,-0.5513328032287111
buyer_cash_only,Buyer cash only,2.0,15,-0.00010995224903696471,-0.0014023498351826912,6.330100087958979e-05,286.5047192720424,0.0539058132750846,0.0032048860774174844,50.53910996011191,-0.5073622202735186
buyer_cash_only,Buyer cash only,2.0,16,-0.00018729607589377476,-0.0013838333340931445,0.00015471428488023076,251.36705964872866,0.045747631579621355,0.00321630788764425,51.64386494194503,-0.49255325949343065
buyer_cash_only,Buyer cash only,2.0,17,-0.00014808369995338106,-0.0014446446609019798,0.0001160051253163985,296.138908978949,0.0562302778303782,0.0032565645753439244,49.83603305736367,-0.5132991430556727
buyer_cash_only,Buyer cash only,2.0,18,0.0008835543666935193,-0.001219823767418121,0.003824587450040662,269.52119909628783,0.051667639087067244,0.0032398922811533123,46.597825839395234,-0.5400393159194041
buyer_cash_only,Buyer cash only,2.0,19,0.0007844525082815745,-0.0012491644680317927,0.0038681503752152624,308.5693875230526,0.06008257535998991,0.0030858845191836515,46.765968427752796,-0.5407547645230972
buyer_cash_only,Buyer cash only,2.0,20,0.0012429695746228534,-0.0011339042537755989,0.009357683067980793,293.0916967057709,0.05759440103562521,0.0030764475353738064,45.936802970751,-0.5424870508061002
buyer_cash_only,Buyer cash only,2.0,21,0.0002743749430082991,-0.0014186631096771475,0.00048281023507634746,334.8313707822262,0.06618906249325786,0.003208164048393525,46.80373466881976,-0.5411067151468434
buyer_cash_only,Buyer cash only,2.0,22,-7.536141031609658e-05,-0.0015683404198369567,3.220454458130462e-05,284.3227732937262,0.05804828849924662,0.0031945072928327347,46.314476137864695,-0.5396295802030587
buyer_cash_only,Buyer cash only,2.0,23,0.001225347272441505,-0.0010589671000605738,0.009001260965350921,293.88517312513045,0.05463873543245434,0.0030127093721083516,48.72249743756945,-0.5188158510580756
buyer_cash_only,Buyer cash only,2.0,24,0.00010976164865638302,-0.0013407809282732826,6.431963241804173e-05,249.915125972779,0.04607711231057334,0.0029328390615317424,50.213584472318374,-0.49939657115819214
buyer_cash_only,Buyer cash only,2.0,25,0.000722790491695773,-0.001089544019951367,0.0025129389905125255,241.02163424278453,0.04295766730802995,0.002982689679934735,52.063646547539285,-0.48894289398638024
buyer_cash_only,Buyer cash only,2.0,26,-0.0001118457688669779,-0.0014716741285543682,6.368386139277149e-05,252.9744727457806,0.04854616169002732,0.0030829652695069792,48.87835185591509,-0.5159152554605129
buyer_cash_only,Buyer cash only,2.0,27,0.00031172989844592915,-0.0014264074459030033,0.0006643909097334699,329.695076163615,0.06392701044111193,0.0030531290633533576,46.270373718902725,-0.5467155623274907
buyer_cash_only,Buyer cash only,2.0,28,0.0005465068292659511,-0.0014964749266414097,0.0023592156429729227,341.46835357027345,0.07238199913805465,0.0030214503419575688,42.38901557943234,-0.5832658443635357
buyer_cash_only,Buyer cash only,2.0,29,0.0010553387408242184,-0.0011482418000104656,0.006395716748394564,289.4249539483985,0.05621961563043094,0.0031223113893018395,47.29364727041511,-0.5332847524712184
buyer_cash_only,Buyer cash only,2.0,30,-0.00011483606557686162,-0.0015538720393466017,8.330731203931574e-05,322.41342145133393,0.06399462158421353,0.0031789169999335756,46.99111860356608,-0.5359334516381073
buyer_cash_only,Buyer cash only,2.0,31,0.0006063504127684409,-0.0011794725400546319,0.0017401584152247906,273.9774619991819,0.049494123399391125,0.0032280814792284705,50.37227840388752,-0.5016359998074447
buyer_cash_only,Buyer cash only,2.0,32,0.0005346921758335885,-0.0012866912623255805,0.0017358361822154,302.7589510677241,0.05747973280074574,0.003071697303804907,47.951503063377984,-0.5317408768049934
buyer_cash_only,Buyer cash only,2.0,33,0.00021099519189976597,-0.0013299915615247267,0.00023492133532287962,270.17562848086544,0.05192849933665454,0.0031322070462598737,49.62410973338146,-0.507119729271992
buyer_cash_only,Buyer cash only,2.0,34,0.00039556455864997583,-0.0012562763773420645,0.0007707857392068584,256.80701062930456,0.04757171869645184,0.0031020404486118945,49.997478858422404,-0.5004298109539667
buyer_cash_only,Buyer cash only,2.0,35,0.0006343253726239849,-0.0012253532032709868,0.0018660867375136503,261.02231686195245,0.04969787641359606,0.003267012193414591,48.7601784126708,-0.5203036651565333
buyer_cash_only,Buyer cash only,2.0,36,0.00015840888542682462,-0.001580073764696182,0.00020193072513818855,339.5486656020804,0.0709177053382704,0.0029641730295910658,43.965472987286205,-0.5731024850359758
buyer_cash_only,Buyer cash only,2.0,37,0.00030710728977910765,-0.0012529483929941763,0.0004248571932136125,250.04776981288202,0.04611008758518133,0.0031939453593098025,50.85957033204027,-0.4976365969538925
buyer_cash_only,Buyer cash only,2.0,38,0.000372438806328862,-0.0012332302676588025,0.0005087304104937074,220.38002914601182,0.04023453070095993,0.003305146090674639,50.829304573810475,-0.50013474847542
buyer_cash_only,Buyer cash only,2.0,39,0.0007528469302493434,-0.001203088448504226,0.0029296101806959296,263.93803579712016,0.049830354888947305,0.0030983748264967652,48.32305447742446,-0.5188579582992978
buyer_cash_only,Buyer cash only,2.0,40,0.000727652666547669,-0.0010926232775566975,0.0024201421711402826,252.5794003109049,0.04559081819004436,0.003152553339464726,51.964474214223976,-0.48382807555259244
buyer_cash_only,Buyer cash only,2.0,41,0.0003778251123279531,-0.0013403661084102731,0.0006820703386322124,253.2930179667707,0.04969939512180501,0.0032187604613939757,47.87580405530064,-0.5227176533549694
buyer_cash_only,Buyer cash only,2.0,42,-7.346284602822807e-05,-0.0014410731211350405,2.5923708358743802e-05,264.635431067333,0.05096097193543407,0.0032523296765493578,49.282203587611896,-0.5138857439904096
buyer_cash_only,Buyer cash only,2.0,43,0.0009374869622195677,-0.0012684868258072812,0.005557493200423647,306.6602084459536,0.061761074078773986,0.0031184916528558555,44.746608475305855,-0.5537390287088977
buyer_cash_only,Buyer cash only,2.0,44,-0.000247884246120318,-0.0015164526628001303,0.0003498237590899844,292.26871744667244,0.05657156690501827,0.003148558950526774,49.001172962164524,-0.514309476038699
buyer_cash_only,Buyer cash only,2.0,45,4.131473408884166e-05,-0.001399638425484305,7.909605105882456e-06,245.25897315115134,0.04709721021459881,0.0031825083270848567,49.31189125792594,-0.5081997166975485
buyer_cash_only,Buyer cash only,2.0,46,0.0006504530370198399,-0.0012742233405849588,0.002875190400245531,338.47834268385503,0.06495515554587317,0.0030868842264083827,47.312223214871345,-0.5356067010561942
buyer_cash_only,Buyer cash only,2.0,47,0.00033149748252386444,-0.001507447296709787,0.0008061607432094942,309.3764547614045,0.06470364603471267,0.00296448856180954,44.09398419072738,-0.5613739214274336
buyer_cash_only,Buyer cash only,2.0,48,-4.4747334687750574e-05,-0.0015746703212789642,1.2091143930414994e-05,289.6400951015993,0.05807112482343351,0.0030960014824408457,45.90145939230304,-0.5526551901668678
buyer_cash_only,Buyer cash only,2.0,49,0.0002426107463616445,-0.0014682227197305138,0.0004079397714490396,295.61121573632187,0.05914283966670988,0.0029161293266649017,45.846164096186456,-0.5487531886686892
buyer_cash_only,Buyer cash only,2.0,50,0.0006918676908575155,-0.0013143379536719926,0.002797910986196861,290.7010997083438,0.057087483509037015,0.003118648866926384,45.72639822031264,-0.5458727013736033
buyer_cash_only,Buyer cash only,2.0,51,0.001036546301557932,-0.0012192483127478255,0.007384792354935721,319.08138133322166,0.06359288541990454,0.0030355018175203343,45.32500427227704,-0.5567285170110343
buyer_cash_only,Buyer cash only,2.0,52,0.0001428296049658748,-0.001415539873862906,0.0001259069375886268,323.20410707688325,0.06234616692713139,0.003174268376551081,48.03585386094851,-0.5353266049102497
buyer_cash_only,Buyer cash only,2.0,53,-0.0004454583712706637,-0.0016912784836808578,0.0011917005236009581,296.53943699713767,0.05932805387405064,0.0031391260919272222,46.84965354819551,-0.5315034645180449
buyer_cash_only,Buyer cash only,2.0,54,0.000615458146188803,-0.0012210741069142727,0.002047446861140112,270.950342710727,0.05135079096091161,0.0030765535896078444,49.06279192232863,-0.5119460459475065
buyer_cash_only,Buyer cash only,2.0,55,0.00015694554231811402,-0.0012854589071540892,0.00012043617411050533,260.8119093758701,0.04669685964842334,0.003085669305257177,51.263709940977755,-0.5019298285149253
buyer_cash_only,Buyer cash only,2.0,56,-0.00041478672253835645,-0.0017449885529716928,0.0011681432431908112,331.0627234329151,0.06948933906335909,0.0031957246181785375,45.48203734288158,-0.5555347368057404
buyer_cash_only,Buyer cash only,2.0,57,5.6966535517340775e-06,-0.0015145411677485415,1.9847915466719712e-07,294.2565115684154,0.05859630137407735,0.003090599889930097,46.84439379493841,-0.5366353542744555
buyer_cash_only,Buyer cash only,2.0,58,0.0005908238093631253,-0.0012175666600624687,0.0015711055247604744,280.81184228676346,0.05086507028772704,0.0033556406848146837,49.395038718175556,-0.509829598084946
buyer_cash_only,Buyer cash only,2.0,59,-0.00026771056834113934,-0.0015708319113676454,0.0004390411482841916,245.9811857020319,0.04923350652896971,0.002830215835001131,47.92838169305833,-0.5226860846655352
buyer_cash_only,Buyer cash only,2.0,60,0.00034560732767939035,-0.0013285387019493604,0.0007222368410769731,277.0783994954504,0.05391583552183498,0.0029811297614215837,48.48315153969858,-0.5178440309870216
buyer_cash_only,Buyer cash only,2.0,61,0.0005830428909508917,-0.0011138527875873849,0.0015377467252289945,241.7827075756144,0.04325066128872944,0.0030866548917744003,52.52767832936639,-0.47974688674396804
buyer_cash_only,Buyer cash only,2.0,62,-0.0008994382307227009,-0.0017723408085365054,0.004649800184879482,271.3311781759374,0.05352880207691567,0.0030487175922040764,49.037263575740205,-0.5107996857290987
buyer_cash_only,Buyer cash only,2.0,63,-2.959814520225717e-05,-0.0015309822044560141,5.52429504396823e-06,333.9373658424107,0.06507762508813676,0.003208472466936256,46.77081871837222,-0.5456535723415192
buyer_cash_only,Buyer cash only,2.0,64,0.0005251866927222619,-0.001400718266751829,0.0019400171411947387,343.04966324452334,0.06948930395642376,0.003138132994778198,45.015397622497446,-0.5509203733099213
buyer_cash_only,Buyer cash only,2.0,65,0.0007049366650682512,-0.0012734020554494559,0.00287140354987403,278.1569917467786,0.055438279764315396,0.0030911987712583426,46.75176875638478,-0.5330904680016264
buyer_cash_only,Buyer cash only,2.0,66,0.0008211250490105638,-0.0013043960757743308,0.004806775495186821,358.7361284501826,0.07186122875964095,0.0031695024763025792,44.947480936480204,-0.5602788815790934
buyer_cash_only,Buyer cash only,2.0,67,0.00018603362502650486,-0.0015586788065980472,0.00018913787302909935,257.57811670429663,0.054225850528306536,0.0031429533140704367,44.2028817414722,-0.5597500976093188
buyer_cash_only,Buyer cash only,2.0,68,0.00025453766713145554,-0.0014927011826347271,0.00043072640095065395,296.06798542545897,0.062299990387202304,0.0030559778158491097,45.14829806790876,-0.5487614797649345
buyer_cash_only,Buyer cash only,2.0,69,0.00045526055037435116,-0.0012152578229635072,0.0009442454376863418,240.5957401133887,0.04339894932802952,0.0030803547358980513,50.61634362821518,-0.5018299160407949
buyer_cash_only,Buyer cash only,2.0,70,-0.0003226901055721687,-0.0017639422214139888,0.0007617271726960695,319.93711019626176,0.0693129236072304,0.003074242560869002,44.27963879688773,-0.5607552292067051
buyer_cash_only,Buyer cash only,2.0,71,0.00035562737756690587,-0.0015576989973836073,0.0009664443306786064,325.1799724602603,0.0690883006577335,0.0030012774378587663,42.68296960485961,-0.573170303951404
buyer_cash_only,Buyer cash only,2.0,72,0.0008093564825450256,-0.0011037919954769982,0.0033006173254453985,240.05396723936116,0.044182351165201965,0.0029550545244654697,50.83467116826227,-0.493973864310274
buyer_cash_only,Buyer cash only,2.0,73,0.0005608750110480056,-0.0013887809406457688,0.0018964943159406333,296.76748394116527,0.061049138814579504,0.00317598913168028,44.959668370566504,-0.5523657801998569
buyer_cash_only,Buyer cash only,2.0,74,-0.00011828548573229962,-0.0014173029691961368,6.048427952221047e-05,222.82521813859935,0.04229644093757111,0.003122304927081894,50.24131361296078,-0.4975868638703922
buyer_cash_only,Buyer cash only,2.0,75,0.0003997293651993693,-0.0013986399320979638,0.0009385267200504588,303.15599642608004,0.061692091111672974,0.0032354104208347175,46.184948568685925,-0.5408012894438468
buyer_cash_only,Buyer cash only,2.0,76,0.0001602912476962801,-0.0013015005073970841,0.00012795426588319003,261.17850238920147,0.04843233743398203,0.0031138326436814983,50.80958436649087,-0.4919041563350913
buyer_cash_only,Buyer cash only,2.0,77,0.0005669278197464268,-0.0012372625637772456,0.0017827310564830778,285.84811137536104,0.0538199137915025,0.0031096764105034026,49.04647419185445,-0.5230633877200596
buyer_cash_only,Buyer cash only,2.0,78,-0.00025233658732084666,-0.0014977505589606,0.00031400931531211373,281.4139306750284,0.05294845476120163,0.0032725220001423787,49.46774923268676,-0.5154118069986533
buyer_cash_only,Buyer cash only,2.0,79,0.0017308298069141964,-0.0008655354911051367,0.01308358055542913,272.7461684926037,0.04695561695370987,0.003271221089868602,51.54022133295918,-0.5041031644881033
buyer_cash_only,Buyer cash only,2.0,80,0.002055701017200908,-0.000856249247008492,0.020315876062828586,300.2020526387498,0.052842734769374844,0.003306787475706445,49.12918921835842,-0.5207817370160337
buyer_cash_only,Buyer cash only,2.0,81,0.0006101223967874888,-0.0013728070588905402,0.0023659749552191744,334.88344556371516,0.06782013728269767,0.0032609491703416136,44.969122997362454,-0.5588081679814338
buyer_cash_only,Buyer cash only,2.0,82,0.0013662591388123265,-0.000997659206311198,0.008250800543808112,247.36804844829408,0.043763707546451765,0.003138188353131485,49.169413339702345,-0.520726281495059
buyer_cash_only,Buyer cash only,2.0,83,0.0004477564899234802,-0.0013537159574504858,0.0012748718360237055,287.46630556733805,0.05603016829240761,0.0029629294395235634,46.90237823299648,-0.5392817143416906
buyer_cash_only,Buyer cash only,2.0,84,-0.00043188735621446054,-0.001612504961770952,0.0010006617265049256,252.84160715020906,0.049800425002348075,0.0030422673448498765,48.40483329256105,-0.5168331726732254
buyer_cash_only,Buyer cash only,2.0,85,0.0004510271184771966,-0.0012499067132066667,0.0010424203545711386,250.5191166798657,0.04724472014097852,0.003030684000385857,49.68251864980955,-0.5110451537190184
buyer_cash_only,Buyer cash only,2.0,86,0.00027395890059187135,-0.0014678004350215663,0.0004974578761717252,306.4438825360745,0.06168929757981668,0.0030456375225213182,45.578278082601535,-0.5568733090500642
buyer_cash_only,Buyer cash only,2.0,87,0.00047714911840538436,-0.001334469016863541,0.00127051551666868,271.14288506255554,0.05308530163349066,0.0030782058418690555,47.14147153841947,-0.536972223998286
buyer_cash_only,Buyer cash only,2.0,88,0.0006171151713689967,-0.0014254490799280517,0.002687646974810498,317.6063032746466,0.06672923496586773,0.003068922916265961,43.49878448797761,-0.5697593344332941
buyer_cash_only,Buyer cash only,2.0,89,-0.00012191810205501725,-0.0014636658754635702,8.180019833181618e-05,256.3092768189385,0.04872253180371971,0.0029707654197068186,49.15625503849131,-0.5112830287636254
buyer_cash_only,Buyer cash only,2.0,90,2.4882457922546592e-05,-0.0013800729330636112,3.1333145170675536e-06,260.5769351197558,0.04805039294136255,0.0030764744884382357,49.942702367246554,-0.5060032578269511
buyer_cash_only,Buyer cash only,2.0,91,0.0010373464866945523,-0.0011050202435572399,0.005781527752140692,307.1373339070384,0.055169325080395994,0.0031982703855257533,48.91390168444881,-0.5260609761596058
buyer_cash_only,Buyer cash only,2.0,92,-7.204373648513212e-06,-0.0016376031671388696,3.165866188092892e-07,303.60942472674674,0.06218514266634155,0.0031874238825992233,44.16036109465176,-0.5658057311795459
buyer_cash_only,Buyer cash only,2.0,93,0.0010794224676297676,-0.0012374726147742854,0.00839979232127519,356.44420114394035,0.07245544321571344,0.003164298421720987,44.52982159033386,-0.5587067630672788
buyer_cash_only,Buyer cash only,2.0,94,-0.0002919969256839904,-0.0015434910198409986,0.00045831153385433865,232.52251302181523,0.04643138250898067,0.0029340559805151574,48.74980175987139,-0.5153938932055389
buyer_cash_only,Buyer cash only,2.0,95,-0.00032962263235585253,-0.0014211804859642295,0.0004829845587155379,226.3875972255442,0.041357753957190976,0.0030456280706104327,51.91545303873618,-0.4847972935681951
buyer_cash_only,Buyer cash only,2.0,96,0.0015504240121376354,-0.0010635796994539054,0.014115302510005145,318.00179620863804,0.06189621618335286,0.00323890848494507,45.545404229038574,-0.5587911917316015
buyer_cash_only,Buyer cash only,2.0,97,0.0006482829866923287,-0.0014426940191517043,0.0032866862419804743,324.4058870004392,0.07161101863277969,0.0030203158152400105,42.78477868005332,-0.5729119843481154
buyer_cash_only,Buyer cash only,2.0,98,-2.2647174181041503e-06,-0.00147361062689896,2.7140941716297107e-08,269.8793294755285,0.05265030178562227,0.003149149031188197,47.88380061918206,-0.5225042722619775
buyer_cash_only,Buyer cash only,2.0,99,0.001679573791761492,-0.0010590248747093553,0.020302500642835786,352.5225776351054,0.06984960750158253,0.003108290028494438,44.83891684964191,-0.5595241465237735
buyer_cash_only,Buyer cash only,5.0,0,0.001962886484171852,-0.0002830155297618223,0.001895378035500328,40.14818742574595,0.0046835358399734866,0.0030757049269290494,80.60531817227036,-0.22257283116259752
buyer_cash_only,Buyer cash only,5.0,1,-0.0007905465204859941,-0.0006321771170141013,0.0004906629535849083,59.99718655858781,0.007595276945920695,0.0031065636863065083,76.85225239674699,-0.25140280128446113
buyer_cash_only,Buyer cash only,5.0,2,0.0032990238199995096,-0.00018965101844884834,0.0038995654192383045,26.721998469226637,0.003208930869660965,0.0029764554941412455,80.41088314685257,-0.20266121716350993
buyer_cash_only,Buyer cash only,5.0,3,-0.0017377905396275658,-0.0003559972667773131,0.0004721309477706548,15.200714802360972,0.0016707680516388265,0.0032615135943076167,87.82517890617042,-0.14807672860597954
buyer_cash_only,Buyer cash only,5.0,4,0.001484298827002922,-0.00021779608963980925,0.00043039593345872706,18.450674253804113,0.0020375809687639963,0.0032173288654596685,87.09874465572845,-0.1618528832127163
buyer_cash_only,Buyer cash only,5.0,5,0.004095197944360499,-0.000182505070426413,0.007183374720901914,30.667440750643486,0.003732963974245356,0.002937101065603576,81.26406181443346,-0.2051834502340817
buyer_cash_only,Buyer cash only,5.0,6,0.003935728254502845,-0.00021342429555178653,0.0033064513930852746,19.74481744731315,0.0020949498189959327,0.0031163213057688204,88.48951083598783,-0.16049303983588947
buyer_cash_only,Buyer cash only,5.0,7,-0.0006808894903831198,-2.9193216465863253e-05,0.00011581939631344351,28.747027693665594,0.002667305701327801,0.0032641203808855632,97.07597442153903,-0.17438146558318457
buyer_cash_only,Buyer cash only,5.0,8,-0.0008210275182591128,-0.0001619971885510803,6.265461380317028e-05,8.75648496599463,0.0009143566588279469,0.0031249474174837376,92.64168915978017,-0.1133849436385983
buyer_cash_only,Buyer cash only,5.0,9,0.007209040944409727,-7.585640942321643e-05,0.00890988924635705,14.979218666451215,0.0016955495318490875,0.0031139749211579215,84.16408223336899,-0.17624054313776627
buyer_cash_only,Buyer cash only,5.0,10,0.001928879832522288,-0.0002354270535799992,0.0014046294070088061,29.320071225563257,0.0033203700255035537,0.0029565980092422016,84.58361356274685,-0.1791902091863541
buyer_cash_only,Buyer cash only,5.0,11,-0.000385256977692377,-0.00034543672175647486,4.198782849151872e-05,22.87966972631537,0.0026988426777978863,0.003082202961679219,85.24735506842292,-0.15585949244849107
buyer_cash_only,Buyer cash only,5.0,12,-2.6613469982188937e-05,-0.00035208656611457215,1.838469898540751e-07,21.202556041143954,0.0025090538711717812,0.0030994617480509675,83.9406198218084,-0.1648115974775305
buyer_cash_only,Buyer cash only,5.0,13,0.0025986791674100273,-0.0002011340774236816,0.0017514029108913753,20.732787489296886,0.0024221257745213522,0.0030423703541927506,84.931147193827,-0.15582186652544994
buyer_cash_only,Buyer cash only,5.0,14,0.003296888637540281,-0.00016671021339476403,0.0023979597110066475,17.3477789368116,0.0019996116879246037,0.0029928204986000334,84.36642966901421,-0.1743119658107376
buyer_cash_only,Buyer cash only,5.0,15,0.0019782806877256796,-0.0002662363457444105,0.0014133623624491554,30.911037360168063,0.003594289432361031,0.003142540409127406,81.3700733389031,-0.20286869842349653
buyer_cash_only,Buyer cash only,5.0,16,-0.0010757655195435386,-0.00039220477481936573,0.0002920365908646305,19.446491366205358,0.002222933497972004,0.002961270690464683,85.44463558517661,-0.1617618680568339
buyer_cash_only,Buyer cash only,5.0,17,0.004397920344856591,-0.0001395780513670509,0.00419507039145528,17.99933729481628,0.0020260721978521377,0.0030359471585224727,84.34321493298789,-0.17085713471341513
buyer_cash_only,Buyer cash only,5.0,18,-0.0003888580791673939,-0.0004060851191982424,5.254728281056664e-05,26.72220856831863,0.003131756889054998,0.0029949722248964533,82.97453765866705,-0.1960479341054906
buyer_cash_only,Buyer cash only,5.0,19,0.0076338457879740725,-0.0003575879247065638,0.019766705272017626,29.154398508049773,0.0030883364445421398,0.0029933053412329606,85.04144712003793,-0.20903405611195625
buyer_cash_only,Buyer cash only,5.0,20,0.005523662146545917,-0.0001659071973344041,0.01721763330551107,44.67623059133321,0.005539355960862241,0.0031138361965371126,76.7762535035512,-0.2437045773478611
buyer_cash_only,Buyer cash only,5.0,21,0.002761756270007018,-0.0002192565396033741,0.0030169340666358346,30.94584608737122,0.0035082671924265146,0.002967344918624737,84.01574865666433,-0.1919716726645545
buyer_cash_only,Buyer cash only,5.0,22,-0.00066045395447817,-0.0003536563547957836,0.0002197207849832239,43.06504176928992,0.005091819364984747,0.003178339869798138,85.78112700047959,-0.19636423061552666
buyer_cash_only,Buyer cash only,5.0,23,-0.0010213522604768932,-0.0005331785982157997,0.0004079426387021412,30.04660319828466,0.0038084911282391673,0.0031140548383773435,80.78496658148475,-0.20729679614656704
buyer_cash_only,Buyer cash only,5.0,24,0.0009210724441998428,-0.0002553032971552275,0.00031423120973639307,30.89413902516694,0.003441932893607511,0.0030423768471715983,86.04656328247513,-0.16918372228995804
buyer_cash_only,Buyer cash only,5.0,25,0.0033945829194978027,-0.00021982341774431612,0.0038652880818772495,29.81390440692054,0.0031989851723139137,0.003075687755664842,85.95498269661898,-0.1854090879771454
buyer_cash_only,Buyer cash only,5.0,26,-0.002933252897458458,-0.0002231343124985873,0.0007754267219843847,8.296327372940766,0.0008751122733802463,0.0031090891994272622,92.59521433185708,-0.09702949396824678
buyer_cash_only,Buyer cash only,5.0,27,-0.0007137228680276069,-0.00021838311235000042,9.270629865332225e-05,15.993108657261036,0.0017177239569220167,0.0030672981020802644,90.65995992923808,-0.12942704414452366
buyer_cash_only,Buyer cash only,5.0,28,0.001515977544251602,-0.0002494653590594461,0.0009713704055771544,35.074257697335185,0.004034637017338123,0.003082784833123728,85.28430460693625,-0.17641812938489398
buyer_cash_only,Buyer cash only,5.0,29,0.003820367067656134,-0.000233753372097574,0.005710953547629405,33.47255577983163,0.0037122520689305263,0.003067107502060599,84.89184514590136,-0.18494946476469265
buyer_cash_only,Buyer cash only,5.0,30,0.0026879512400060633,-0.00018198798388910836,0.0011413217450229052,14.339614605451853,0.0015993101666475535,0.003162159354194207,85.71323588003025,-0.16733112706894981
buyer_cash_only,Buyer cash only,5.0,31,0.003766102487333461,-0.0002362394126868028,0.007825238422261682,42.46726981797388,0.004881845296195292,0.0029626274085310924,81.82902721170687,-0.2162759807690855
buyer_cash_only,Buyer cash only,5.0,32,0.001998299670465889,-0.0003057650860179375,0.0016288437379861076,30.371015475647255,0.003882518869300186,0.0030696609429121243,77.34135937690303,-0.23776899484666492
buyer_cash_only,Buyer cash only,5.0,33,0.0038238654692751835,-0.000232147573722052,0.007578579381348649,39.05985903267964,0.004448424012110209,0.002917679980246325,82.89545985015278,-0.2164221657790505
buyer_cash_only,Buyer cash only,5.0,34,0.0038971819131725,-0.0002100788549178556,0.0023169514574731265,14.693273937947966,0.001567678514145697,0.003186115568499302,89.96049878084595,-0.14551373419387315
buyer_cash_only,Buyer cash only,5.0,35,0.0017774321892863813,-0.0002588224010569722,0.0017036332377570185,45.66960779181698,0.005109627079063817,0.0030719245346494443,84.63948912404643,-0.2062977014062084
buyer_cash_only,Buyer cash only,5.0,36,0.0021353834233510203,-0.00020962909191189964,0.0010599302050601223,22.82221632257674,0.00250376795679362,0.003270341069016752,87.55450291537804,-0.15754115375109723
buyer_cash_only,Buyer cash only,5.0,37,0.0009883974664275908,-0.00029293336566662653,0.0002471823271643636,20.8259897917616,0.002451103387878099,0.003099989235354781,83.40997923912765,-0.17714062527161323
buyer_cash_only,Buyer cash only,5.0,38,0.003686107032723873,-0.00019079600315117333,0.0031163379330955143,19.285783550749212,0.0021053846176402446,0.003014579633471671,87.5729935526177,-0.15741218210673547
buyer_cash_only,Buyer cash only,5.0,39,0.005497414838352045,-0.00019497684467810057,0.013070651326204441,39.504695671913474,0.004547753251624403,0.0032229994421226434,79.77567372264613,-0.23744382177948786
buyer_cash_only,Buyer cash only,5.0,40,-0.0024076667252984018,-0.00038450180702726466,0.0010804774296012676,15.186744815854713,0.001721114365263425,0.003034809490209322,88.55378586353451,-0.12837794311436246
buyer_cash_only,Buyer cash only,5.0,41,-0.0024518886835392505,-0.00022266618166320417,0.0006002975272316746,9.619362345574038,0.0010324264387937014,0.003208632051102595,92.18845181863301,-0.1149174259552298
buyer_cash_only,Buyer cash only,5.0,42,0.0015654075194787083,-0.0002481166526330551,0.0008022551886812668,29.483284611067823,0.0034262485754195243,0.0032260974554075323,85.05822133884735,-0.17043271018585582
buyer_cash_only,Buyer cash only,5.0,43,-0.0006392515112856025,-0.0002277273387609333,4.4563773953454344e-05,8.97571669841015,0.0009653173629137789,0.0029630599579880605,90.19150595902687,-0.1085974257835326
buyer_cash_only,Buyer cash only,5.0,44,0.007879524722117138,-8.499077774729384e-05,0.010387240230519179,13.260254743013467,0.001490974803897965,0.002954542241665321,85.29305519779865,-0.15636932481633836
buyer_cash_only,Buyer cash only,5.0,45,-0.000483876931366411,-0.00034207592918622526,6.357235713727594e-05,24.188609225132662,0.0028766127872038973,0.003248955425891406,85.61479056166604,-0.17734872083903352
buyer_cash_only,Buyer cash only,5.0,46,0.0022110081895171355,-0.00023608692972505567,0.0015419183112589385,28.27046576388611,0.0032446100872592387,0.0031953250920163418,83.57143806992283,-0.1894738050637631
buyer_cash_only,Buyer cash only,5.0,47,0.001845260884613594,-0.00022968511761659906,0.001288232951710655,35.67710315717752,0.0039012038994982582,0.003203819083081303,87.35067018734009,-0.18422034281557853
buyer_cash_only,Buyer cash only,5.0,48,0.0011337055163298262,-0.000230020086552763,0.00033788586682814703,23.53598507936859,0.002587712705940367,0.0031290535378493307,87.10564441077187,-0.16513023159453266
buyer_cash_only,Buyer cash only,5.0,49,0.00016305736451192488,-0.0003902211364091354,6.118190356785291e-06,18.384491997535847,0.002223354154404756,0.003093269307096863,81.68443565772779,-0.18315564342272206
buyer_cash_only,Buyer cash only,5.0,50,-0.000902536103082289,-0.00028784832669381924,0.0001381664175200692,14.870967382705834,0.001676974212834238,0.0031368253479290478,88.46268319550667,-0.15746353271632485
buyer_cash_only,Buyer cash only,5.0,51,0.000963415644661069,-0.00021599830717445838,0.00027514734387934503,25.877775676412845,0.0027640932071109976,0.003047402087460864,88.38414836044791,-0.16766400164068251
buyer_cash_only,Buyer cash only,5.0,52,-0.000818228633516491,-0.0005347736914548549,0.0005528668943618475,51.55556092629501,0.006547595510590522,0.002813666613831751,80.17265035584681,-0.22666462708611546
buyer_cash_only,Buyer cash only,5.0,53,0.0013928649817348119,-0.0002566630827120616,0.0006472420845630156,28.731443881957045,0.003323580211035334,0.003147561816612838,84.70275011780409,-0.17483464731313614
buyer_cash_only,Buyer cash only,5.0,54,0.00015562858890488105,-0.00035892073659143513,1.5374520797473146e-05,50.75421644859556,0.006054510999376678,0.003085476546989732,83.07149816364318,-0.19323123075802895
buyer_cash_only,Buyer cash only,5.0,55,0.0030080577311820196,-0.00022523668632185148,0.0036198699962970426,34.641417777549876,0.003925299119523009,0.003119954168778388,82.43749721006834,-0.21797847539142223
buyer_cash_only,Buyer cash only,5.0,56,0.0016572337495115192,-0.00023182225506913708,0.0007020609948682477,22.93125753390134,0.0026167963039967226,0.0031884592039586076,85.65122635268193,-0.16632414780550453
buyer_cash_only,Buyer cash only,5.0,57,-0.0020655367891777012,-0.0006729375898032676,0.0015804213988227511,30.92327348343284,0.003881241361925469,0.0032313559132324814,80.43542165021358,-0.21078794275132617
buyer_cash_only,Buyer cash only,5.0,58,-0.00035438376664666905,-0.00040721001839561795,6.022639592007106e-05,35.24613665565573,0.004233740235818361,0.002966938359645915,82.83510304187789,-0.18502672577830537
buyer_cash_only,Buyer cash only,5.0,59,0.007736102463687391,-0.00037204477360859117,0.010787350617333713,16.765691437277766,0.0017273151648919897,0.003066123604017638,88.98546228734092,-0.16646759331678107
buyer_cash_only,Buyer cash only,5.0,60,0.004398068910557788,-0.0002800500681919168,0.010266546525781295,46.12376786395846,0.005119987755680752,0.0030922222320739897,82.87341267591651,-0.21943627917085218
buyer_cash_only,Buyer cash only,5.0,61,0.0018580819051317904,-0.0002449266136727824,0.0012050559129201943,31.655783026064423,0.003541534771691287,0.0031758106116523766,84.44272923676552,-0.18632992176314822
buyer_cash_only,Buyer cash only,5.0,62,0.0012666856713478395,-0.00032034051021684535,0.0010924269343167703,54.1431074947307,0.006449272883451502,0.0030722114480345986,81.44620641907959,-0.2432348993181077
buyer_cash_only,Buyer cash only,5.0,63,0.004518814234946298,-0.00016909604191920043,0.007776695948502721,30.991410843357123,0.003696665288002401,0.0030977999366687222,80.67705013034188,-0.20574201245122692
buyer_cash_only,Buyer cash only,5.0,64,0.003891516822713931,-0.00018274643081526518,0.002726479636336321,16.67924875467729,0.0018165048204131745,0.0031577860067057884,87.56151646517439,-0.1611532745743407
buyer_cash_only,Buyer cash only,5.0,65,0.0026507542966368205,-0.00025270341021110446,0.003451856142538068,36.90320618631368,0.004572792080431286,0.003038367416021546,79.08607794434215,-0.21601056860540768
buyer_cash_only,Buyer cash only,5.0,66,0.001159241685336892,-0.0003514622924174268,0.0007198414292122202,45.46032752576726,0.005568670437704454,0.003216306006558083,79.74003223830437,-0.2149523987749663
buyer_cash_only,Buyer cash only,5.0,67,-0.008207557373045802,-0.000422074470712209,0.004143389237265094,5.546534727710979,0.0005988970009604193,0.0031174726608100964,93.35276877405772,-0.09513549347248562
buyer_cash_only,Buyer cash only,5.0,68,0.0016744663355206398,-0.00019028935018461314,0.00046193588742649005,14.740048778308777,0.0015838402739973049,0.003087591353948692,88.80692171650122,-0.1438085823336308
buyer_cash_only,Buyer cash only,5.0,69,0.0006648251105783,-0.0002677423366048518,0.0001320163853618661,22.814845606098103,0.0025859009262266426,0.0029348042100219188,85.84260863973779,-0.16307381292198597
buyer_cash_only,Buyer cash only,5.0,70,0.0011786729400620145,-0.00026189589040647994,0.0003532353799535759,19.520118227534653,0.002301401287860983,0.0029970284475095573,84.56491087584469,-0.1741879811033784
buyer_cash_only,Buyer cash only,5.0,71,0.0005170825854432716,-0.00027406774855958353,8.568373551132158e-05,22.865700065311838,0.0025575373502710282,0.0028181702465826363,85.88288286046735,-0.1661451175944777
buyer_cash_only,Buyer cash only,5.0,72,0.0027196685956542292,-0.00019646078331353326,0.0016851508158666206,20.19270574259397,0.002268401666386519,0.0031412951906289875,86.25589416979894,-0.16394275475510778
buyer_cash_only,Buyer cash only,5.0,73,0.003921162619245063,-0.00017018363287137628,0.0038047184416634128,18.29096551348587,0.0020518501430033136,0.002864189278238009,86.59261531030555,-0.15468027692835618
buyer_cash_only,Buyer cash only,5.0,74,0.00014706072500634228,-0.00036167356964997424,1.2938217247238093e-05,51.31800483900052,0.006203268051168019,0.0032170799496144655,82.98736883426267,-0.20572223482575003
buyer_cash_only,Buyer cash only,5.0,75,0.0025172858293387368,-0.0002797032219956758,0.0040149497939862,49.53963275148423,0.0059944554614665985,0.0030659353695769625,79.15617514016037,-0.2376685664974102
buyer_cash_only,Buyer cash only,5.0,76,0.0005870505522503225,-0.0003629164394699262,0.0001413357511726998,35.75754377889481,0.004307011298559711,0.0032327245046551135,81.3708382610518,-0.20584619546475003
buyer_cash_only,Buyer cash only,5.0,77,-5.490342924139033e-05,-0.0002562325774659917,5.386721357858448e-07,15.78417995111036,0.0017423647531290042,0.0031135201498580702,88.08296165308624,-0.13469076826445436
buyer_cash_only,Buyer cash only,5.0,78,0.0028334521896695294,-0.00027722536107708666,0.0062927219402123535,57.488017825198945,0.00670903909028331,0.0029167802364422463,79.69023678105076,-0.23838985353791908
buyer_cash_only,Buyer cash only,5.0,79,0.002968047439008952,-0.0002448973008042638,0.003839849883469637,39.74434256362157,0.004484704477082205,0.0031966687352485866,83.69755386320539,-0.21048115328726325
buyer_cash_only,Buyer cash only,5.0,80,-0.0007624533009311528,-0.00041347053563533614,0.00015497882220971704,21.044317877123998,0.002459906286484294,0.0030292988966563144,83.84806513883755,-0.16806384122240758
buyer_cash_only,Buyer cash only,5.0,81,0.0019217919765655814,-0.0002567408080349906,0.0016563350045364356,35.036559524630796,0.004072790318275432,0.0030048014180268463,83.0613040772588,-0.1976274321552003
buyer_cash_only,Buyer cash only,5.0,82,0.005191073417496438,-0.0001761416006810582,0.004554951355866255,15.514214176313473,0.0016731416569223446,0.003123313553214329,87.30169749428008,-0.16027240541201315
buyer_cash_only,Buyer cash only,5.0,83,0.003831252849234531,-0.00022004618290428498,0.008377443826408704,46.34676188827558,0.005637954685472819,0.003128261078537502,77.54162686629083,-0.23616046107001776
buyer_cash_only,Buyer cash only,5.0,84,0.005384976010125598,-0.00027305654849532114,0.006665502440255544,20.81082445147146,0.0022203197212776623,0.003087787384725298,88.31838639269753,-0.16252023930878934
buyer_cash_only,Buyer cash only,5.0,85,0.00011756151033477134,-0.0004008021936487854,5.906033295532964e-06,32.13261642163234,0.003868451788290388,0.003001451192231263,81.40538843226474,-0.19338807160965865
buyer_cash_only,Buyer cash only,5.0,86,0.0039207347411409875,-0.00023312362357247432,0.007869248807069185,43.566942676783,0.00513885085089473,0.003154430945170389,80.39168633147452,-0.2196785680390575
buyer_cash_only,Buyer cash only,5.0,87,-0.008083604471471445,0.0002977570653061225,0.0020262390625603866,3.153620901658704,0.0002940061885582573,0.003039293433529423,97.85547022786756,-0.08793932752815681
buyer_cash_only,Buyer cash only,5.0,88,0.002045731597271625,-0.00028651426907161,0.002286706398963001,42.321558642442064,0.005260502836272673,0.0030935263922342395,80.34363740948666,-0.22258805186620179
buyer_cash_only,Buyer cash only,5.0,89,0.004467521487036467,-0.00017637772548181213,0.008119528267242382,31.916947645539235,0.0037104911784143733,0.0030036550409494444,81.21972366547485,-0.21690320492004522
buyer_cash_only,Buyer cash only,5.0,90,0.0014455495998654954,-0.00042742180637151235,0.0027394021764036713,96.03025784201894,0.01214256148815415,0.003037978776762477,74.71487831998395,-0.2863016441012699
buyer_cash_only,Buyer cash only,5.0,91,0.004460280784462518,-0.00023491131596913015,0.013006820760150917,50.06737503391488,0.005892028101358861,0.0029879683162496624,79.00748840016111,-0.24426451812074335
buyer_cash_only,Buyer cash only,5.0,92,0.0006808807839362057,-0.00037356064711523216,0.0003484415100226679,57.017998188330026,0.0068431126851437206,0.0030130191722624643,80.54819516722124,-0.2258953000285676
buyer_cash_only,Buyer cash only,5.0,93,0.005099860166764837,-0.00038150852365719266,0.011851002241767383,42.57549001169202,0.0043469530974845185,0.003072590512780622,86.33142104445916,-0.22078743174880677
buyer_cash_only,Buyer cash only,5.0,94,0.005967407051102038,-0.00012117188501815502,0.0034262248259271377,7.512766215792521,0.000789655303355802,0.002835118177346,89.43766828118518,-0.14117661265760006
buyer_cash_only,Buyer cash only,5.0,95,8.366996568812227e-05,-0.0002695865517876329,2.2035974895917576e-06,26.668462388866192,0.0029749158461854605,0.0030695772334958546,87.20619804597295,-0.15949421156664223
buyer_cash_only,Buyer cash only,5.0,96,0.005091566930379082,-0.00022412671909810835,0.010537997885743833,33.847324203431,0.003823676107142382,0.003050136006787464,82.95984693471263,-0.2067670474126736
buyer_cash_only,Buyer cash only,5.0,97,0.004806643490616066,-0.00019672314606554426,0.0049076731062945855,18.89098804915472,0.002011216576759735,0.003057918713803822,87.28757543173263,-0.18349581877833543
buyer_cash_only,Buyer cash only,5.0,98,0.0013809158713192617,-0.00020091871874434317,0.0005633885466868049,27.984628667337812,0.002901727791917591,0.003127212926550702,89.46286345399879,-0.16943840318379055
buyer_cash_only,Buyer cash only,5.0,99,0.002524726082176405,-0.00021588009527465806,0.0019804254606040628,26.844196064900505,0.0027884507967003273,0.0029864947199204545,90.1419891972843,-0.16851529684144406
buyer_cash_only,Buyer cash only,10.0,0,-0.007052517811561964,-0.00024534578234580755,0.004091852059713186,7.3923258032606425,0.0007731348772983979,0.0030686328564621746,97.45675736630682,-0.10206885009717925
buyer_cash_only,Buyer cash only,10.0,1,-0.022589975482935367,0.0003114606438122942,0.010798597087562478,2.0318097691144645,0.00019771439208378244,0.0030534211641486024,99.40966513021922,-0.061827656721648916
buyer_cash_only,Buyer cash only,10.0,2,-0.0209551281353919,-0.001580162472534754,0.021435088422930404,3.9234844569586937,0.0004421333453668753,0.0030114252020456166,94.46642165990511,-0.10849861776383041
buyer_cash_only,Buyer cash only,10.0,3,-0.0074495674630431115,0.0004427241681174141,0.0050572322153564775,9.4748303842145,0.0008658377141898898,0.003081021207296436,101.90187363919438,-0.09191336008282003
buyer_cash_only,Buyer cash only,10.0,4,-0.0037556981280048285,0.0004944279807616456,0.0020526340870054005,13.893652274059654,0.0012177617453035991,0.002886644807557811,113.44375128142173,-0.025254102576231285
buyer_cash_only,Buyer cash only,10.0,5,0.0004534360350458386,0.00026563500661307116,9.35529419110459e-05,48.25570324252926,0.004251369626180677,0.003053273197476597,115.479640991125,-0.039706311446013665
buyer_cash_only,Buyer cash only,10.0,6,-0.007294556545226729,0.00017163163768707434,0.003896310869806796,7.183480480984475,0.0006894701872560872,0.0030715806203736856,102.02805949886147,-0.0925255372208944
buyer_cash_only,Buyer cash only,10.0,7,-0.01671919208185792,0.0004562589233874384,0.00932641335820894,3.5143937033225288,0.00032978269233875206,0.0031464373483691653,101.72325784006739,-0.059836491201241127
buyer_cash_only,Buyer cash only,10.0,8,-0.010504814804903556,0.0005604516232636321,0.005008919201213158,4.721711743400754,0.0004410046520474378,0.003108120653238639,108.2670413562427,-0.07175721291720882
buyer_cash_only,Buyer cash only,10.0,9,-0.002626915412002283,-5.99377872574261e-05,0.0009058782788006203,13.551214923376538,0.0013651873645682507,0.0032242081469621873,96.47422035930387,-0.12462549628075181
buyer_cash_only,Buyer cash only,10.0,10,-0.002756959259805213,0.0004398536801174225,0.002757904446574422,37.94075360939653,0.003300604469579655,0.0030178013408181264,112.07646737154789,-0.04649780284799698
buyer_cash_only,Buyer cash only,10.0,11,-0.02266161308079772,-0.00024179830765811122,0.011547540873070972,2.1173469300088343,0.00021856071207048246,0.0031206958797986026,99.27818839895457,-0.0712468223542928
buyer_cash_only,Buyer cash only,10.0,12,-0.002712011357380731,-0.00022129506540817485,0.0010591655002559763,12.385889656794307,0.0013256804637614605,0.003032918948414114,93.08442940835612,-0.13137885938795102
buyer_cash_only,Buyer cash only,10.0,13,-0.026348628578849023,5.968321943799856e-05,0.01316361664713872,1.888070333277999,0.00018860210515325254,0.0031568986620148427,100.47000143315613,-0.059499805528251404
buyer_cash_only,Buyer cash only,10.0,14,-0.005214230400142082,-0.0001848345636511252,0.0008229254194704883,2.9237090649496236,0.0003038303214965612,0.0031352875916134853,93.41729897707731,-0.09214361528182102
buyer_cash_only,Buyer cash only,10.0,15,-0.004065398836443047,-0.0003039334314340464,0.0014162139509369398,7.499238822444181,0.0008062766218779007,0.0030608336034694695,91.94647419148464,-0.10787287885549168
buyer_cash_only,Buyer cash only,10.0,16,-0.022898348062075576,-7.59280605762229e-05,0.010811375561210701,1.9978413714754861,0.00020053520907132466,0.003117462051350112,98.18990672361522,-0.07604050160909492
buyer_cash_only,Buyer cash only,10.0,17,-0.002957904961370426,-3.837257600728294e-05,0.0005093714532921068,5.323959744757831,0.0005234114549958809,0.0029833970311725624,95.96875830636732,-0.093569942648835
buyer_cash_only,Buyer cash only,10.0,18,3.838397119386545e-05,-0.00016101979579792312,6.74110333109823e-08,4.514200104814935,0.00047584059979340667,0.0031927762863210086,92.24931386813336,-0.10463041072174073
buyer_cash_only,Buyer cash only,10.0,19,-0.005863880530361606,-0.0006876622001345548,0.0043110351363204735,11.581908247312091,0.0013421263120217968,0.0032679206717251023,87.99105450049713,-0.1408891649193974
buyer_cash_only,Buyer cash only,10.0,20,-0.002439121628667931,-0.00019510457477810923,0.0004544367182010012,7.146215298679262,0.0007370199933977308,0.0030952967392980065,92.71207325655939,-0.10635821778699384
buyer_cash_only,Buyer cash only,10.0,21,-0.010998969583511091,-0.0003656451263493691,0.005921464349151084,4.360820932026669,0.00046713840338901574,0.003087997188181531,99.3714049192553,-0.09196093749505896
buyer_cash_only,Buyer cash only,10.0,22,-0.001221273711946252,-0.0002723499862316789,0.0002335003030499161,13.037316561604271,0.0014590970275068524,0.003046189981187531,89.5447170406023,-0.11990136464758516
buyer_cash_only,Buyer cash only,10.0,23,-0.011716447886622246,-0.000537433135258925,0.006871746786470845,4.74647926582556,0.0005093983172345729,0.003190481381152292,94.46144719921475,-0.1015328865371764
buyer_cash_only,Buyer cash only,10.0,24,-0.003928617593464364,-0.00022854156604364045,0.0012843906892837653,6.488459814437703,0.000681419066772515,0.0028561051633993503,93.42736048750255,-0.08924713331082978
buyer_cash_only,Buyer cash only,10.0,25,-0.00786922924528699,0.00024041204099209797,0.0032152218067433846,5.0318000839482595,0.00048572200061094793,0.0030543357129443997,105.28801685515798,-0.044711956305323985
buyer_cash_only,Buyer cash only,10.0,26,-0.002582135904667861,-0.00014981472673377248,0.0006960817011592013,9.183536805651888,0.0009495517275030595,0.003011750840959277,94.23724734289948,-0.12120512469517997
buyer_cash_only,Buyer cash only,10.0,27,-0.0071810626994597065,-7.785578319417819e-05,0.0033719496421807937,6.094050634584617,0.0006125609559150495,0.00306224430116857,97.80474376540131,-0.08756838307981785
buyer_cash_only,Buyer cash only,10.0,28,-0.006740624941293917,0.0002235010056831094,0.0038111179561296504,9.382087439324575,0.0008806253610917962,0.0032431756467295176,101.93629276090641,-0.08115024960022055
buyer_cash_only,Buyer cash only,10.0,29,-0.02659644323775872,-0.0007583019445249744,0.015227246276973694,1.9309613464594226,0.00020406437120102955,0.0030813784468068724,97.96162473374247,-0.06626800412063094
buyer_cash_only,Buyer cash only,10.0,30,-0.00487582072865737,-0.000261682362165093,0.0012550049361039761,4.849784559021792,0.0005127475405107258,0.0031023400207346695,92.689789233246,-0.08905497223778691
buyer_cash_only,Buyer cash only,10.0,31,-0.006193278835409154,-0.000542217590550262,0.004702225965904416,9.561105509684928,0.0010590572423001684,0.0029389802231964035,91.2388127773944,-0.12369650048643777
buyer_cash_only,Buyer cash only,10.0,32,-0.030956716228139666,0.001242177742451217,0.019964606019720166,2.2137740791586866,0.0002053503215752055,0.0031426487285862027,103.61764480924992,-0.0609320110108158
buyer_cash_only,Buyer cash only,10.0,33,-0.008240540866251443,-0.000182720920146746,0.00437793321368829,5.930818784614143,0.0006193198578917543,0.0031020795791138396,98.96888040287848,-0.09998652558997856
buyer_cash_only,Buyer cash only,10.0,34,-0.006984023141741791,0.0002410809920311156,0.0030437464641310807,7.414778673095549,0.0006867913388992374,0.0033108490172285092,99.15168016613589,-0.10630813597130717
buyer_cash_only,Buyer cash only,10.0,35,-0.0039597747196763325,-0.0001577063775097287,0.0015222447618901125,8.279933373359944,0.0008505167961007104,0.0029585336407079764,95.14509800437281,-0.10825387161812927
buyer_cash_only,Buyer cash only,10.0,36,-0.009381636254486188,-0.0004345341166849755,0.0026482624074622985,2.717606370703044,0.0002916074944127992,0.00308510300819609,92.07088793098805,-0.09350261988695563
buyer_cash_only,Buyer cash only,10.0,37,-0.005396340120099486,-4.84342553424208e-05,0.0026822341970594854,9.46853037324909,0.0009865940599193765,0.0032756766723808523,100.15349284373022,-0.1013678539361208
buyer_cash_only,Buyer cash only,10.0,38,-0.017495987161660245,-0.0009302779970388284,0.013492271761648578,3.403139736212991,0.0003729788850350431,0.0029118540999669464,95.48145669341515,-0.09220866719866738
buyer_cash_only,Buyer cash only,10.0,39,-0.010136539396947641,-0.0009112763143498529,0.0077066959221989695,6.44047931993764,0.0007295584303371541,0.003113035504920282,89.303327172232,-0.12461757758894221
buyer_cash_only,Buyer cash only,10.0,40,-0.018920281098423173,-0.0004537778327033882,0.009232104379013228,2.301908175528083,0.00023638911611819263,0.0030242247762507406,95.90271246178841,-0.06500406681384652
buyer_cash_only,Buyer cash only,10.0,41,-0.008062081488129924,0.0003021521408120906,0.0048581494477770715,7.285332040435114,0.0006818044560439889,0.00302319336047586,102.71388875842948,-0.06399877216323002
buyer_cash_only,Buyer cash only,10.0,42,-0.019320367880250714,0.0010065777863904422,0.014342321282201476,3.287530484995039,0.0003029498218605036,0.0028088884498701215,106.19823406264692,-0.04045684023189511
buyer_cash_only,Buyer cash only,10.0,43,-0.008849282420336136,-4.652088941719467e-05,0.004150178414724426,4.943901090564095,0.0005030369758433487,0.003081795168028592,101.1129002243529,-0.06508754216704737
buyer_cash_only,Buyer cash only,10.0,44,-0.0031763486924670857,2.8917456816646716e-06,0.0012868896392483897,13.014468223162677,0.0012677276564410347,0.0031529742327579455,98.01802995467858,-0.11215155053455994
buyer_cash_only,Buyer cash only,10.0,45,-0.006280964627940251,0.00018183838627085504,0.0021078206136573296,5.041507041043598,0.0004936953794517771,0.003032566553467761,105.42966822293852,-0.07210978868188422
buyer_cash_only,Buyer cash only,10.0,46,-0.0034952775920486755,0.000282837745471081,0.0008898375119590352,8.221424986560068,0.0007637178654536474,0.003226639073287122,109.29997867552228,-0.05237550043369055
buyer_cash_only,Buyer cash only,10.0,47,-0.021842196721760528,0.0003604082677897668,0.011237164432955637,2.4671115647194957,0.00023819606844082908,0.0031823973873781556,102.26692610710197,-0.06146772116419619
buyer_cash_only,Buyer cash only,10.0,48,-0.011990003411471314,0.00017235084637470807,0.00594496218094287,3.937153789845077,0.0003847334981361301,0.003052030658076728,102.31273894260596,-0.04814779985405859
buyer_cash_only,Buyer cash only,10.0,49,-0.0015626798514362127,-0.0001019987444991138,0.000115947387884896,4.754305000452367,0.00047342443866494325,0.003132446388828082,94.44169676029298,-0.10191289156451533
buyer_cash_only,Buyer cash only,10.0,50,-0.007171237930792317,0.00013362640204240306,0.003431718378104631,6.519129563295809,0.0006207108871846598,0.003050014863637158,99.55094435770263,-0.09780937106543242
buyer_cash_only,Buyer cash only,10.0,51,-0.0066374302089313225,0.00012730776398158097,0.00233831806064988,4.633358923193276,0.0004649354122950438,0.0029541735742689545,104.36888463926358,-0.073526675360154
buyer_cash_only,Buyer cash only,10.0,52,-0.007245471358196293,-0.00023273286708128203,0.0022699558283825194,3.905710136439741,0.0004066819265510896,0.003054862958748378,94.16626719987303,-0.08034584461046046
buyer_cash_only,Buyer cash only,10.0,53,-0.014421984760897774,0.0008845542246490185,0.011300919794402065,6.154897071052683,0.000553506356645465,0.0031949413616191935,105.6526724695861,-0.09648158719390787
buyer_cash_only,Buyer cash only,10.0,54,-0.002938580202453887,-0.00010409169797850987,0.000939826756944262,9.061130257764809,0.0009235088407909155,0.002910974616776102,95.64446064726917,-0.1146894533832975
buyer_cash_only,Buyer cash only,10.0,55,-0.009479984345799065,-0.0005612462574162853,0.0065772953332591255,6.2074260566660815,0.0006874683909844273,0.0030666114308991123,93.88673630515842,-0.09801231645453246
buyer_cash_only,Buyer cash only,10.0,56,-0.02322693263424986,-0.0004581332615008783,0.012374506272637364,2.075469693018669,0.00021554693492267012,0.0030679697916060874,98.78112066801052,-0.0668275325505433
buyer_cash_only,Buyer cash only,10.0,57,-0.015101791391632691,0.0008601084817359637,0.00915148014728484,4.227703287199029,0.0003878064920932321,0.0031027363356967716,108.34342659001673,-0.04644019542770872
buyer_cash_only,Buyer cash only,10.0,58,-0.029030400439488464,-0.000158781178869186,0.01369392642407341,1.4489308293603198,0.00014644359784001958,0.0029990962513198414,101.09531468525768,-0.05232731893845777
buyer_cash_only,Buyer cash only,10.0,59,-0.00503180451501118,0.000332533622390914,0.0033180998563387964,12.952716720040014,0.00117922176594934,0.0030018306180915146,106.23691071840874,-0.07532886846545439
buyer_cash_only,Buyer cash only,10.0,60,-0.008092335198876878,-0.00014661194112941577,0.00401412616922614,5.527442494238634,0.0005684703420758274,0.0030463646549511478,100.09735395701004,-0.07786372422390231
buyer_cash_only,Buyer cash only,10.0,61,-0.007780656420606607,0.000528553115772848,0.005584282292906972,9.280713262551489,0.0008124259741829606,0.0029629573828234565,101.75680227857995,-0.09248568945617341
buyer_cash_only,Buyer cash only,10.0,62,-0.04416044103080255,-0.0009688392890830612,0.021731819402629915,0.941377928674286,9.76319378548828e-05,0.0029485095820412604,95.9050390831219,-0.04836116710564542
buyer_cash_only,Buyer cash only,10.0,63,-0.005136123339781088,0.000459497909753,0.0020448931233877365,7.578511614343796,0.0006838411154311212,0.0029589633842139113,111.12136169205448,-0.029526735258411763
buyer_cash_only,Buyer cash only,10.0,64,-0.010554436562287623,-0.0010237532142581406,0.012734380758336328,8.928480698943373,0.0010246781132527865,0.0029966542032736575,91.43794825882406,-0.12808398612524252
buyer_cash_only,Buyer cash only,10.0,65,-0.013522231565585586,0.0009108794182055022,0.011630797819097705,6.851546206640975,0.0006195507435221116,0.003123711705342576,105.2986878491597,-0.054865421148221905
buyer_cash_only,Buyer cash only,10.0,66,0.00126424770833964,-0.00014349259992628674,0.00015923169985343488,9.58517236033464,0.000931524409853705,0.0030409683597542726,94.05571275215001,-0.1324298764737697
buyer_cash_only,Buyer cash only,10.0,67,-0.01447039426265857,0.00021380765923623173,0.007205817124939284,3.179884357652032,0.00030644513858132174,0.002985629549992554,102.4068719782926,-0.0618880998716419
buyer_cash_only,Buyer cash only,10.0,68,-0.00778217784396593,9.403157057168981e-05,0.003851207891542696,6.090333473914671,0.0005988321057610898,0.003071239487304222,101.79364767522344,-0.09741524377862731
buyer_cash_only,Buyer cash only,10.0,69,-0.012003409606623505,-0.0012583219535276886,0.015600887167518618,8.039251204511103,0.0009307596693876141,0.0029329083393413715,89.48878348229587,-0.11692235064400047
buyer_cash_only,Buyer cash only,10.0,70,-0.018411866571169694,-0.00042267577441678354,0.00872201550470486,2.5456691101335998,0.0002627724630633691,0.0031916319322668257,95.80019210735236,-0.07248154833350651
buyer_cash_only,Buyer cash only,10.0,71,-0.01555942418272881,-0.00032015615172355694,0.007230777325875959,2.9036229418547554,0.00030022941223015333,0.003167388685676254,96.09323630523858,-0.07899463843352461
buyer_cash_only,Buyer cash only,10.0,72,-0.006620409878664117,-0.0008632367783284043,0.006805496124080657,12.627487699619374,0.0014998582647882319,0.0031054871989726137,86.92434143961916,-0.14330075066752856
buyer_cash_only,Buyer cash only,10.0,73,-0.01733759190931109,0.00026886588702907776,0.0075375177872073484,2.4280621172258425,0.00023998420653980818,0.00308708536012632,103.91431168963027,-0.06137085857157254
buyer_cash_only,Buyer cash only,10.0,74,-0.014059676199136319,6.822971649240818e-05,0.007045109331322519,3.4708015948101156,0.00034225839785718254,0.0031019074836124935,100.12977106750489,-0.06554665509573532
buyer_cash_only,Buyer cash only,10.0,75,-0.045267919606533105,-0.000201963733612207,0.02183259488378808,0.9800897603628079,9.850912150880542e-05,0.003038286635802338,98.31148335775899,-0.05048749596819346
buyer_cash_only,Buyer cash only,10.0,76,-0.015177425826913662,0.0014221537895289231,0.019738605676143828,8.57202010449462,0.0007432989535123761,0.0029474129079667803,107.28988732799814,-0.06399061916031368
buyer_cash_only,Buyer cash only,10.0,77,0.0004784086117649897,0.00024955409136471313,8.485611331132681e-05,39.266793900557815,0.0035497402680775367,0.003090034492817136,114.4772240838737,-0.060616858292153575
buyer_cash_only,Buyer cash only,10.0,78,0.0014328439673448763,0.00020725999502474644,0.0005943905359969692,28.44915554807109,0.0026184931387034822,0.0029999400781009996,113.25745429095412,-0.039217978233152095
buyer_cash_only,Buyer cash only,10.0,79,0.001051764327321113,0.00019479685811111475,0.0001084357810317016,11.008138929978514,0.0010106831771198256,0.003191922698317672,111.92324830715698,-0.05276601464841646
buyer_cash_only,Buyer cash only,10.0,80,-0.02022955816381845,2.639872697814208e-05,0.00989441134088509,2.284376469619488,0.00022912378341376953,0.003080104741335563,101.04973808229366,-0.07000895644485039
buyer_cash_only,Buyer cash only,10.0,81,-0.0012832105347605326,-1.4216739371665759e-05,0.00021318321229879533,14.827404277151398,0.001370998171652646,0.0032455026322691016,96.84873175069727,-0.13194892444457462
buyer_cash_only,Buyer cash only,10.0,82,-0.006315971819528694,-2.368270450437616e-05,0.0021425885486661134,5.1854218151026865,0.0005087282762508503,0.0030712520297892323,96.76897607827976,-0.09723675079161542
buyer_cash_only,Buyer cash only,10.0,83,-0.004727907311522713,0.0001132423396642667,0.0010591941522859472,5.025113530034909,0.0004943732478302544,0.0032146053193037685,105.58713921924371,-0.07080477246463257
buyer_cash_only,Buyer cash only,10.0,84,-0.010240219920969044,0.00027811674520055677,0.0054316091579782455,4.940688730227016,0.00047168368095648454,0.0030197008085748075,103.36466137768238,-0.03856242253844311
buyer_cash_only,Buyer cash only,10.0,85,-0.0031730180870717605,-0.00017881237173112544,0.0009265170643351084,8.638443741471281,0.0008710931137598303,0.003071844055295817,93.84287394320518,-0.11996987181752439
buyer_cash_only,Buyer cash only,10.0,86,-0.012032565261891297,-4.344730983246461e-05,0.0037999605058226527,2.370290091312876,0.00023783162999114788,0.0029922574460889135,96.27213737528491,-0.0750035636796782
buyer_cash_only,Buyer cash only,10.0,87,-0.003998610454724475,-0.00020574282323332425,0.0024311970741129896,14.535750351731993,0.001548361613029345,0.0031942379708569278,96.42943113574232,-0.12307656741222417
buyer_cash_only,Buyer cash only,10.0,88,-0.012295786269633565,0.0007264625769556912,0.007179169895040749,4.447400338499269,0.0004097146685190815,0.0029304445237641782,108.62466799513716,-0.024995617589905428
buyer_cash_only,Buyer cash only,10.0,89,-0.011763139106490872,-0.00018502707688983842,0.005420958766833461,3.663427152913958,0.0003683008911371729,0.0030652208027976947,96.84407093371517,-0.09322014125369582
buyer_cash_only,Buyer cash only,10.0,90,-0.0008453690514096763,-9.068798034836029e-05,0.00011498297818968162,17.100539020152553,0.0016627467191348531,0.0032104083334363186,95.084069983745,-0.14865980917484634
buyer_cash_only,Buyer cash only,10.0,91,-0.002655621537105342,-0.0002133888601158771,0.0010067126062437426,11.89176705796325,0.0012360633194007922,0.002941250582574231,93.22827457334941,-0.10774625428173212
buyer_cash_only,Buyer cash only,10.0,92,0.0013964321800661592,-0.00016225413416435855,0.0002509975801039399,11.537151755972591,0.0012057908229984907,0.003047647940942937,91.88762493870198,-0.12584644599578398
buyer_cash_only,Buyer cash only,10.0,93,-0.018434737851464187,-8.438740783926726e-05,0.007849241942514684,2.2669988568422834,0.00022611687463325365,0.0031213653386735025,102.11124375119533,-0.047855903846363845
buyer_cash_only,Buyer cash only,10.0,94,-0.003126056079831053,-0.0005198368704056497,0.0008905743466033345,7.771003292394396,0.0008982855406504621,0.0031185326185371254,85.89415925233283,-0.14105840747667175
buyer_cash_only,Buyer cash only,10.0,95,0.0032358224635795916,-0.0001594095797153747,0.0007005961197067423,6.085302224415418,0.0006292590914225806,0.003037338970069163,91.94150589692158,-0.11370356594381292
buyer_cash_only,Buyer cash only,10.0,96,-0.037866820026038805,0.0005687030701773477,0.01794437571277907,1.3289703070733303,0.0001297117452727095,0.003211625430234162,103.49113373099074,-0.04370010357485821
buyer_cash_only,Buyer cash only,10.0,97,-0.01273558459994003,-5.770391214408346e-06,0.004014971914683807,2.67931745777777,0.00026611965761249364,0.0032574871185850353,96.17876724446283,-0.08318149187630497
buyer_cash_only,Buyer cash only,10.0,98,-0.02138419664512757,0.00042668456339827875,0.009233466209377816,1.9920722076225041,0.00019243647985115852,0.003075850667873331,104.66499136685908,-0.044602290275387535
buyer_cash_only,Buyer cash only,10.0,99,-0.005358329515161615,0.00014847371104996436,0.0028188676024345494,9.146467689879909,0.000864118346694802,0.0029694157692068744,102.72376205644414,-0.056129775243398794
seller_inventory_only,Seller inventory only,0.5,0,0.00017327684758213332,0.009147969865443509,0.005482531445983874,9002685.358080234,2.010575026561349,0.003311828787713118,11878.689602722887,-0.0063076011486491446
seller_inventory_only,Seller inventory only,0.5,1,0.00021006083217586812,0.009195760119274615,0.007582750926231729,9757558.585093234,2.0317562647722607,0.003431577409076658,12739.167639646508,-8.74039466258747e-05
seller_inventory_only,Seller inventory only,0.5,2,0.00019359246236771527,0.0092206499763398,0.006359375109152854,9910618.879955536,2.0522632734326454,0.003470915498207518,12648.184026173922,-9.16834312463255e-05
seller_inventory_only,Seller inventory only,0.5,3,0.0003356542142022559,0.008539566101139744,0.01676413214143624,6661503.657584552,1.8857662913139324,0.0035526782299532666,10432.596130715898,-0.003892020124087736
seller_inventory_only,Seller inventory only,0.5,4,0.0003698503928164936,0.008776151657408944,0.024856723382549628,9390192.25492678,2.0368658207101578,0.003341137753663307,12374.386196179208,-0.0015907996515877043
seller_inventory_only,Seller inventory only,0.5,5,0.00018221758275877364,0.009072450475142487,0.005525669198876315,8472670.92368508,1.967792581789397,0.0034318747496755683,11542.69846181315,-0.0003386465154090468
seller_inventory_only,Seller inventory only,0.5,6,0.0001264145639168708,0.009464088866954216,0.00266461921653971,11359675.10386883,2.15853832447897,0.0035913701882306676,13219.791311428942,-0.00034666484044509893
seller_inventory_only,Seller inventory only,0.5,7,0.00016194954888184247,0.00933853346297495,0.0039782811223118,10591010.74870488,2.0760865847347065,0.003692415646948878,12940.155575998695,-0.001780087496335181
seller_inventory_only,Seller inventory only,0.5,8,0.00024203454523230578,0.00904358737202209,0.008586220876706907,9068202.086379264,2.015221598890924,0.0037005663298951973,12221.90574911498,-0.005639557950693153
seller_inventory_only,Seller inventory only,0.5,9,0.0005595097873604912,0.00826172357814632,0.04901351259603859,7939900.610469296,1.9204744113616963,0.003494411147485947,11726.625836936599,-0.0036128547040273906
seller_inventory_only,Seller inventory only,0.5,10,1.4194971591255499e-05,0.009355105283090014,2.960825019560076e-05,7620845.549234949,1.9180650234589174,0.0036060961896683683,10930.610995487234,-0.002195281374604119
seller_inventory_only,Seller inventory only,0.5,11,9.689669908908481e-05,0.00934668422914699,0.0013794598946766934,8786425.412068494,1.9836002417656113,0.0036671894773038856,12007.267810757658,-0.0014083731242447994
seller_inventory_only,Seller inventory only,0.5,12,8.154594104563288e-05,0.009376293039847996,0.0011265644644534722,9167987.01873884,2.0126684867905498,0.0034402161406546818,11967.452740252693,-0.0010783932294293752
seller_inventory_only,Seller inventory only,0.5,13,0.0001992420785789943,0.009299038105335587,0.006763839789943327,10603714.565712849,2.0563429911501663,0.003467007242983045,13272.914731981062,-0.00032002083739302023
seller_inventory_only,Seller inventory only,0.5,14,0.0002476264771440615,0.009323425728877979,0.012135410399745639,12860331.828070076,2.1801816437600103,0.0033125631477769098,14280.533985106991,0.0
seller_inventory_only,Seller inventory only,0.5,15,1.6340720932922013e-05,0.009353619767216624,4.468554316394702e-05,7428942.876121792,1.906351613379604,0.003368663478149709,10949.986771516324,-0.003026984545779099
seller_inventory_only,Seller inventory only,0.5,16,0.0006147014091320939,0.008093977867414906,0.05476709453421058,7658045.960012795,1.8984104916312303,0.003610834797249013,11391.09189411112,-0.002191631463017041
seller_inventory_only,Seller inventory only,0.5,17,0.00018615899422117524,0.00914731311895719,0.005719670440260116,9205693.29915759,2.004230123420757,0.0034778853894793242,12061.412991767218,-0.00470842670284044
seller_inventory_only,Seller inventory only,0.5,18,0.0005326489035504662,0.008334469910166696,0.04658415127159421,8413858.466049708,1.9961319943251132,0.0034792672844300974,11812.26294096205,-0.005639052344201589
seller_inventory_only,Seller inventory only,0.5,19,0.00027093554953752386,0.008984046161657811,0.011394717863707271,9290616.695119219,2.0312029219360905,0.0036101312281348456,12264.944814611063,-0.0037125615700139836
seller_inventory_only,Seller inventory only,0.5,20,0.00017638854537694367,0.009255609935244406,0.005705303716050492,10143038.57606226,2.0573191225496332,0.0033430004403638878,12613.493676103071,-0.000987574864920071
seller_inventory_only,Seller inventory only,0.5,21,0.00015853239110277982,0.00889395721501388,0.0035550254208253085,6532031.1692162035,1.8538866524374111,0.0036130776889681158,10225.340915448585,-0.0003139237426713626
seller_inventory_only,Seller inventory only,0.5,22,0.0001890421542688614,0.009375815003012626,0.006047840983095409,11322375.876985999,2.094685052567104,0.0035111693861621922,13644.600898501662,0.0
seller_inventory_only,Seller inventory only,0.5,23,0.0001964408991698137,0.008835165964681336,0.006493884390111115,6621780.572812097,1.8370432290452514,0.003297243132249736,10366.919766967318,-0.0021110786500270207
seller_inventory_only,Seller inventory only,0.5,24,0.00012605138030714026,0.009118973402152964,0.002570396817686338,8161196.389493042,1.9803155559129495,0.003492217630110725,11058.448876227854,-0.00042948641490725414
seller_inventory_only,Seller inventory only,0.5,25,0.00043705410436879457,0.008365962899838913,0.028878888947897363,7050342.085692741,1.9370041500827766,0.0035720517409438,10698.524543086318,-0.0022180583243207597
seller_inventory_only,Seller inventory only,0.5,26,0.0003134221424261004,0.008608949258909263,0.0155733524845314,6899055.971329085,1.897875442652724,0.0034529463492881016,10550.289172113313,-0.002568748624623196
seller_inventory_only,Seller inventory only,0.5,27,0.00039011623985682996,0.008483198565100367,0.02436413050366537,7309382.493194178,1.902980459977291,0.003440542442827893,10796.482980842831,-0.00162752837990765
seller_inventory_only,Seller inventory only,0.5,28,0.00030488276033932424,0.008843348562368295,0.016461166876464817,8372951.843251762,1.9888937694160267,0.00334444845731523,11853.478948221667,-0.004358961747098156
seller_inventory_only,Seller inventory only,0.5,29,4.329120703366831e-05,0.00906058755805722,0.0002953526230916603,6124406.816453903,1.8152810871668204,0.0033873907952308396,9747.151242626886,-0.004495162354034243
seller_inventory_only,Seller inventory only,0.5,30,9.318417445419403e-05,0.009253961368848686,0.001239479211845973,9145527.432914957,2.0172116132012796,0.003752310748627854,11399.327042605497,-0.0007269135445862052
seller_inventory_only,Seller inventory only,0.5,31,0.00013588689247750216,0.009235677771023854,0.0027703216696430832,8766509.78564933,2.0154223470123678,0.0036581716952070907,11884.764235268309,-0.0014033330665217392
seller_inventory_only,Seller inventory only,0.5,32,0.00026654581316402963,0.008864174878114042,0.011914473527955494,8247927.120450013,1.9021720931159722,0.0033608257464661007,11445.25712851578,-0.0016752975696299188
seller_inventory_only,Seller inventory only,0.5,33,0.0002915446229844085,0.009028481993308142,0.014927302719805136,10326375.110182248,2.058950812097688,0.0034170902618990426,12884.63936921345,0.0
seller_inventory_only,Seller inventory only,0.5,34,0.0002277357308825702,0.008749450651327716,0.008265291068000225,6549458.593646059,1.88269201228364,0.0034303003185501327,10278.528594572064,-0.0005704295377935154
seller_inventory_only,Seller inventory only,0.5,35,0.00025911706564111847,0.009240273616990745,0.010935418788542761,11963829.492997073,2.121758602602748,0.003602075295151797,13861.592822794188,-0.004621716364969997
seller_inventory_only,Seller inventory only,0.5,36,0.00034980817863800126,0.008685765818172915,0.021050316853137296,8114411.706688416,1.946736422782308,0.00335698700849043,11493.651397765521,0.0
seller_inventory_only,Seller inventory only,0.5,37,0.00017014153737577957,0.009207913471945512,0.004646497497661661,9175692.825696133,1.9946057079065023,0.0035181145468872388,12210.540183977837,-0.0035899491397747285
seller_inventory_only,Seller inventory only,0.5,38,0.00018062709250598306,0.008844505304776077,0.004806050825669206,6310699.840426178,1.8090132950463305,0.0034971349994830183,10226.549689343257,-0.0013373022294619341
seller_inventory_only,Seller inventory only,0.5,39,0.00024149740865095321,0.009114644832757037,0.009810965474814415,9775005.672873866,2.043739228077239,0.0034785507299153495,12684.113694295915,-0.005414792191402618
seller_inventory_only,Seller inventory only,0.5,40,0.0003270109055789174,0.00889124971187126,0.016215822159362903,9696090.945239348,2.037638738887063,0.003658222542480704,12498.943442675376,-0.0008867513793625603
seller_inventory_only,Seller inventory only,0.5,41,0.000246250442576196,0.008878224511588888,0.009669557321450695,7683993.603194255,1.9476137151572321,0.00348783174283198,11250.500283880148,-0.005899072815276463
seller_inventory_only,Seller inventory only,0.5,42,0.000385266497493242,0.008545006041015907,0.02418804466793556,7582789.84671677,1.917013380635096,0.00342262854736453,11106.66922675985,-0.0013146396760731482
seller_inventory_only,Seller inventory only,0.5,43,0.00034435331183649677,0.008541738942980806,0.018106374518285784,6789040.884841724,1.875639463979399,0.0034975066584106832,10555.121196136302,-0.009132722517315117
seller_inventory_only,Seller inventory only,0.5,44,0.00027621477259610937,0.008928902254497426,0.012974123396509829,8847078.267959682,2.013752692281362,0.0034343394380731275,11984.933408768033,-0.006619042246342688
seller_inventory_only,Seller inventory only,0.5,45,0.00015704097195889008,0.008987267793453624,0.003980479120642255,7445367.7967973305,1.928850652890757,0.0034503132865352708,10714.657199545034,-0.0021481625292804063
seller_inventory_only,Seller inventory only,0.5,46,0.0004312303108480985,0.008171316244289501,0.022861782553891152,5846714.046527016,1.8519211621586165,0.00387329469129317,9529.705314291738,-0.009718436943011444
seller_inventory_only,Seller inventory only,0.5,47,0.0003699984050266843,0.008410012116937343,0.02032241612374841,6154348.294529372,1.8035742242256547,0.003478095091458847,10128.135435472577,-0.00933563338844634
seller_inventory_only,Seller inventory only,0.5,48,0.00027928567192455207,0.008826220486761974,0.013234845447124277,7946027.558590128,1.9244827123611694,0.003360839416277698,11387.48944474303,-0.0022393618074724175
seller_inventory_only,Seller inventory only,0.5,49,0.0003766073097235984,0.008630238525389513,0.025733552702773,8426429.491362479,2.0109245226401566,0.0033225055832676394,11512.630623299981,-0.0015994072703097162
seller_inventory_only,Seller inventory only,0.5,50,0.0001804199440295288,0.008671460370788338,0.005052329015581947,5784735.177522564,1.8611184636409057,0.0034563196851162777,9336.942151019826,-0.0021773086001954933
seller_inventory_only,Seller inventory only,0.5,51,0.00016981983720659982,0.009015160342901363,0.00472683277036301,7530564.703584979,1.9556832726574325,0.003447586202564079,11037.116825186367,-0.003982949232930411
seller_inventory_only,Seller inventory only,0.5,52,0.00012593303969932738,0.009190580567615207,0.002751071974183783,8037369.258362924,1.9571359746282786,0.0033523697070287645,11473.690722875663,-0.0025437319793343294
seller_inventory_only,Seller inventory only,0.5,53,0.00020388776536076688,0.008645367677712337,0.005374961613397122,5961680.469448099,1.8353596399933805,0.003760301951114018,9462.200368666305,-0.006310658713509776
seller_inventory_only,Seller inventory only,0.5,54,0.0002962115449076587,0.008782463397825275,0.013987363879659154,7677569.751522867,1.8856926039211506,0.003431963123498725,11354.333662648005,-0.0009621125182720514
seller_inventory_only,Seller inventory only,0.5,55,0.00013542193595342855,0.009170298739243516,0.0027103978758332703,8172328.6915187035,1.943412954247402,0.0036190634968417605,11483.635019868027,-0.0018768518331523376
seller_inventory_only,Seller inventory only,0.5,56,0.0004611069194659155,0.008524590296591734,0.032575263241945596,9117293.500774402,2.0356609900178575,0.003637576621052092,12040.47123696966,-0.003916945702273522
seller_inventory_only,Seller inventory only,0.5,57,0.00021062484039645452,0.009116052210036163,0.007903858515978746,9350427.559790956,2.0229544375278,0.0033629883984687328,12222.65948762019,-0.00418580654823586
seller_inventory_only,Seller inventory only,0.5,58,0.00013399859862906453,0.00896395244747583,0.0029101464734233584,6693075.185082814,1.859734162739983,0.003380746597274316,10303.910385255247,-0.002181324042950794
seller_inventory_only,Seller inventory only,0.5,59,0.000135016131998418,0.009233615520692011,0.0029367989288925367,8637799.055627478,1.977483251733288,0.0034966415157568612,11860.134009605816,-0.0008198660858576012
seller_inventory_only,Seller inventory only,0.5,60,0.00023853366640186468,0.008836989523620546,0.009549530044685506,7328233.508604484,1.9143757863221484,0.0033705393406074126,10905.881831915587,-0.0008886545396676881
seller_inventory_only,Seller inventory only,0.5,61,0.0002786394343243373,0.00904569760915902,0.012737773832633636,10043787.488563308,2.0424465869450357,0.003521165437860187,12798.95818447225,-0.0035195037567835596
seller_inventory_only,Seller inventory only,0.5,62,0.00039035425821299947,0.008567163346200342,0.023925184461482063,8156160.008201538,1.934218661380984,0.0035024398163971157,11312.496771813969,-0.0020002890789088124
seller_inventory_only,Seller inventory only,0.5,63,0.0004291337803267302,0.008861243574205691,0.03205525452156577,11099495.15371022,2.0507539327767454,0.0034248408935340854,13983.7078860754,-0.0020961823758675058
seller_inventory_only,Seller inventory only,0.5,64,0.0001026313160565515,0.0093384803768164,0.0018022532696002624,9232156.865699986,2.016569383306784,0.0034264825918768204,12039.548684908561,-0.0005242788855990277
seller_inventory_only,Seller inventory only,0.5,65,0.00012911138805312322,0.009439357194931209,0.0028703066426828405,10498930.20660774,2.0834217245406745,0.003471765693619454,13096.169171926616,-0.0013431520815304632
seller_inventory_only,Seller inventory only,0.5,66,0.0003029020263949631,0.008645972053514427,0.014842909162842699,7396203.314663639,1.9139212739069866,0.003432661154129021,10629.105735100193,-0.0047085005858549245
seller_inventory_only,Seller inventory only,0.5,67,0.0004134413172761865,0.008516180916483531,0.027748648294998124,7363716.8467628,1.9038772518856348,0.0034172258132232356,11314.186733276878,-0.00481413613562931
seller_inventory_only,Seller inventory only,0.5,68,0.0003277134914469549,0.008827440751042028,0.01814909412245569,8620047.938139932,1.9801654354644806,0.003415960377418528,12085.980251030996,-0.003737165591730651
seller_inventory_only,Seller inventory only,0.5,69,0.0001973496224850343,0.009027880349071891,0.0058887181374910336,8155119.870215898,1.9267848393259606,0.003562534958216189,11483.628792627627,-0.0010213319385805608
seller_inventory_only,Seller inventory only,0.5,70,0.0005294439009631567,0.008465621828887358,0.04348848571275232,8787888.632866643,1.9466636873491117,0.0035341029329865807,12705.550766995573,-0.0009416239751603994
seller_inventory_only,Seller inventory only,0.5,71,0.0004484640586525454,0.008795071941647808,0.0327757436769438,11191164.616980644,2.127209689528448,0.003605339554750131,13798.140165406017,-0.0014918797650249616
seller_inventory_only,Seller inventory only,0.5,72,0.00036305709013709686,0.008688244946150876,0.02166455664615763,8391264.197458787,1.999755270858102,0.00348101159961442,11692.905652114601,-0.0019247593951724484
seller_inventory_only,Seller inventory only,0.5,73,0.0002922503042874859,0.008789610070028967,0.013557709392502337,7876101.854320067,1.9200094694401186,0.0034706539024009333,11341.718759910782,-0.002418392299185168
seller_inventory_only,Seller inventory only,0.5,74,0.00018162313460772994,0.009031260251627002,0.005310545267682043,7935814.933725238,1.9175558060450348,0.003444282921748814,11289.130579726974,-0.004531052315204009
seller_inventory_only,Seller inventory only,0.5,75,0.0002677507797973672,0.00837982227880353,0.010362700138911052,5090078.363812721,1.785588917655128,0.0035077828013988857,8842.423998506118,-0.0011195404799781983
seller_inventory_only,Seller inventory only,0.5,76,0.00010256785925956972,0.009174664550167945,0.0016607058160901245,8109154.364091071,1.9674938944745504,0.003523748663479284,11068.09614512053,-0.008538014906646407
seller_inventory_only,Seller inventory only,0.5,77,0.00022706936011938518,0.00909919797490665,0.008783719232528853,9409979.92202376,2.0306469721329474,0.0034456734571769333,12359.755325091075,-0.004128370573326268
seller_inventory_only,Seller inventory only,0.5,78,4.968460668234818e-05,0.009415780965308679,0.0004128111510069976,8983159.44339566,2.0082548595827423,0.003458951393178587,11753.145127705768,-0.001341674026396067
seller_inventory_only,Seller inventory only,0.5,79,0.0003709846657740496,0.008498105197640955,0.022442195321102143,6622628.126742916,1.8692108240011358,0.003378571636620713,10640.459464841273,0.0
seller_inventory_only,Seller inventory only,0.5,80,-0.0001505161346380137,0.010173205855470348,0.0037460473446720988,11487616.10530987,2.1044180836238167,0.0035610993796257747,13431.815824355079,-0.0009584670937983208
seller_inventory_only,Seller inventory only,0.5,81,0.00015430688614881697,0.008894985261495483,0.0035679374442062484,6557641.529795051,1.8807299932328025,0.0035359032207986875,10180.07281702915,-0.0019036615975963622
seller_inventory_only,Seller inventory only,0.5,82,0.0002266417015510688,0.008928134984408215,0.007243784411068321,7781073.286316151,1.9310034870835733,0.003692928062770109,11284.474175154097,-0.006794278604851378
seller_inventory_only,Seller inventory only,0.5,83,0.00010199238671346806,0.008959489915979764,0.0017150421135257998,6027214.832031576,1.7968683529612617,0.003294714832561898,9905.251341747336,-0.0005413291334056547
seller_inventory_only,Seller inventory only,0.5,84,0.0001997907090677088,0.009093604536306511,0.006746240935324166,8917019.857217632,1.9859485912402346,0.0034210776424470402,11921.636777260244,-0.005320514735205006
seller_inventory_only,Seller inventory only,0.5,85,0.00032408846869927556,0.008862224065197504,0.01804586969233135,9251775.470218472,2.0137378008066835,0.0034165351768755373,12260.110664096257,-0.003636088237529145
seller_inventory_only,Seller inventory only,0.5,86,0.00022233713791947372,0.009174184699705138,0.008101172223168307,9816710.289314894,2.0190458191344973,0.0035028762807972997,12786.951392984305,-0.0035530516017295843
seller_inventory_only,Seller inventory only,0.5,87,0.00018502946059171415,0.00880127047663611,0.00500576751346915,6303648.686129969,1.8493940707956613,0.003549441293760939,10048.192810572134,-0.0015615490909649532
seller_inventory_only,Seller inventory only,0.5,88,0.00023825806663788435,0.008929071474496737,0.008760378478460673,8286312.753436147,1.9417386907885443,0.0035399783100875117,11448.900995905697,-0.0016354627826202783
seller_inventory_only,Seller inventory only,0.5,89,0.00022761178473462696,0.00873980031624443,0.008477648836270002,6445469.918864532,1.8719590138226063,0.003375525038399218,10224.874874503872,-0.0013936502061688838
seller_inventory_only,Seller inventory only,0.5,90,0.00031308112999888855,0.008743957059371019,0.01649956894299387,7898093.682338919,1.9172688188650122,0.003367853493611213,11347.939901532132,-0.0031610491027492804
seller_inventory_only,Seller inventory only,0.5,91,0.00017295253149095615,0.009213020130440282,0.004819209238157485,8936834.522267215,2.013090009287677,0.00352786875544531,12284.751491643823,-0.003184534356465707
seller_inventory_only,Seller inventory only,0.5,92,0.0002055428319380345,0.00909558045850688,0.006990098842025505,9109922.763404895,2.0086714122630767,0.0034774307879114966,12017.04361976291,-0.0021251117591483126
seller_inventory_only,Seller inventory only,0.5,93,0.00032996397934195347,0.008587778323789525,0.01635043786433088,7046042.007161822,1.9044473984974313,0.003553856407616203,10637.27188421314,-0.002960312716177471
seller_inventory_only,Seller inventory only,0.5,94,0.0004056168569269528,0.008773489965016134,0.028730013382614605,10320674.305134349,2.0681584529194432,0.003434296804612612,12917.781488405719,-0.0002488951803278905
seller_inventory_only,Seller inventory only,0.5,95,0.0005524736502403942,0.008268544360161686,0.04823344165769339,8308208.743884272,2.0296107460414388,0.00357633607448537,11645.686087603755,-0.001854039981784128
seller_inventory_only,Seller inventory only,0.5,96,0.0002751754674681699,0.008891105424246261,0.012770264787271057,8875064.81252726,2.0040947664614497,0.003440381584205601,11729.328127340399,-0.0004555443504044021
seller_inventory_only,Seller inventory only,0.5,97,0.00028609670636307595,0.00846186502338389,0.011773348087796398,5718398.32312769,1.806966343233787,0.0035372065189196774,9438.166106012044,-0.0023073501364792026
seller_inventory_only,Seller inventory only,0.5,98,-7.489667955190388e-06,0.0094627475359866,1.0487461037600454e-05,8329457.5758484155,1.9460209946138716,0.0032202272920681947,11245.41052761346,-0.0007492191844741258
seller_inventory_only,Seller inventory only,0.5,99,0.0002149932629681512,0.009064169768556084,0.007798625543176119,9276263.553570442,2.0407361394332777,0.0034711455144674384,11954.813878930445,-0.001508850783850102
seller_inventory_only,Seller inventory only,1.0,0,0.0007844705383664417,0.004007152452399291,0.029717310610266612,85449.12171571686,0.5422347058590951,0.0033436084315906314,1157.1108567765496,-0.0069322140496131945
seller_inventory_only,Seller inventory only,1.0,1,0.0004119408588210299,0.004663286472941678,0.008542140453929314,116636.6656147588,0.600061094563493,0.0034456675005806164,1329.7523638589519,-0.00575810341936589
seller_inventory_only,Seller inventory only,1.0,2,0.0007932568158917561,0.0041403086877068165,0.02977625117947902,107195.44994246446,0.6215477536304088,0.003616963163952781,1258.479592969988,-0.02003952533847675
seller_inventory_only,Seller inventory only,1.0,3,0.0006088515496405772,0.004151030889950973,0.018225579334968267,86712.98898150658,0.5561365583105894,0.0033566605797845164,1126.7438952999257,-0.007704255339919808
seller_inventory_only,Seller inventory only,1.0,4,0.0007635807062354964,0.004007342279488088,0.025128931144872135,81653.78118939417,0.5264748485723114,0.00348728790553583,1142.7043756713806,-0.007666154441131723
seller_inventory_only,Seller inventory only,1.0,5,0.0006267665422060283,0.004640812597426141,0.022876275758185294,146877.95414158597,0.6581743022505095,0.0033546578718742703,1521.3396147031149,-0.0046983059806857685
seller_inventory_only,Seller inventory only,1.0,6,0.001013421602141981,0.003768474864655432,0.04940293549407382,80242.78300393757,0.5364295687113274,0.003331620407911567,1154.5232598051748,-0.012171893507049614
seller_inventory_only,Seller inventory only,1.0,7,0.0007100743993424648,0.004254750236765581,0.026388333143848808,107662.97805649592,0.600033457204571,0.0033789180337222974,1279.5545144510545,-0.0074682289171981164
seller_inventory_only,Seller inventory only,1.0,8,0.0009265030412457618,0.0039536002222950945,0.04163125262954914,97184.1282901063,0.5809583984374056,0.0034534482591319334,1225.7617700916496,-0.015057413512452378
seller_inventory_only,Seller inventory only,1.0,9,0.0007050668320773099,0.004413865384790912,0.02794304011238391,129911.19993325532,0.6280302903909428,0.0033353858384198645,1404.0759276825308,-0.004841867734379779
seller_inventory_only,Seller inventory only,1.0,10,0.0010401906445264269,0.003726460804651863,0.05201230692972025,77618.35994041289,0.5172275051862275,0.00327222162550388,1145.6425217251176,-0.009963526766308739
seller_inventory_only,Seller inventory only,1.0,11,0.0005967007776912906,0.004323740879653997,0.019226331590325607,96939.1339210079,0.5506085853171535,0.0031862095200900385,1239.0564254086946,-0.004202986236998885
seller_inventory_only,Seller inventory only,1.0,12,0.0010531586749765445,0.0038454007164562235,0.05305581156868677,94398.80250494274,0.5657405755068916,0.0034308454244525587,1247.086184236364,-0.010686690166242907
seller_inventory_only,Seller inventory only,1.0,13,0.0004721945696428702,0.004559590768546747,0.013241791643202827,116255.60330988783,0.6255305844632193,0.0032392863968279946,1304.8610565519048,-0.00816602426122881
seller_inventory_only,Seller inventory only,1.0,14,0.0006199291713423432,0.004462148984521033,0.023062273306922565,120823.4786533955,0.6206513511759856,0.003209298141105896,1362.7651696860994,-0.005539248087435444
seller_inventory_only,Seller inventory only,1.0,15,0.0009325874665776429,0.004043732644014795,0.04784134272699725,111291.04535954434,0.6079929139736382,0.0033172316154698334,1303.5239806656998,-0.005221096643101331
seller_inventory_only,Seller inventory only,1.0,16,0.00040303308682694035,0.004609866782635137,0.009385675133281812,109017.013837504,0.6061696310636561,0.0032327857363549863,1282.9284282558194,-0.005625843503665906
seller_inventory_only,Seller inventory only,1.0,17,0.0010695457156440458,0.003880984894078922,0.06280986077823614,100193.36315838664,0.5747402258894906,0.0032275111482438124,1292.3455413499178,-0.00622579473674123
seller_inventory_only,Seller inventory only,1.0,18,0.0004953885547862538,0.0045380933418331364,0.013550359984538018,110905.24001946593,0.610444231018676,0.0033184393236033232,1309.5062998271944,-0.004742858110205361
seller_inventory_only,Seller inventory only,1.0,19,0.0006514646097229504,0.004263975990759825,0.020864796201807256,99729.14097900897,0.5818879969087976,0.003433233021668611,1238.1535130249447,-0.008043747131442736
seller_inventory_only,Seller inventory only,1.0,20,0.0008815067717994816,0.004038767126810279,0.041309364242611335,100721.3179690045,0.5988114796422249,0.003348992904019406,1254.7630878583145,-0.007353496191837561
seller_inventory_only,Seller inventory only,1.0,21,0.0009214704841780138,0.0038762788195854598,0.03711916941286986,81473.04830089209,0.5086188821187747,0.003402555598364079,1169.8333968403113,-0.005093887324790547
seller_inventory_only,Seller inventory only,1.0,22,0.0008493913282981449,0.004060362855211908,0.033906081078947214,99925.60756267393,0.5862723218480496,0.003524320400071145,1246.1011043821745,-0.010277253960429444
seller_inventory_only,Seller inventory only,1.0,23,0.0004712540050184712,0.004392984407057221,0.01069223087770832,93295.8217521685,0.5654376161991397,0.003420264864673156,1187.6432586727444,-0.006447215025117581
seller_inventory_only,Seller inventory only,1.0,24,0.0007531070718150374,0.003990835608098596,0.02421201635612824,78381.30638015842,0.5170292545389595,0.003472375852530282,1123.9813531334974,-0.004837815195675832
seller_inventory_only,Seller inventory only,1.0,25,0.0004866121086919924,0.0044108462793521945,0.013783453354518138,94094.50863556848,0.5593737440564944,0.0030936117124452153,1212.0569961296699,-0.004052583005306198
seller_inventory_only,Seller inventory only,1.0,26,0.00043204331430793326,0.004564464132340387,0.010991903531763936,105147.13714167931,0.579996842421049,0.003131999602120898,1275.4592237390032,-0.005583454180319025
seller_inventory_only,Seller inventory only,1.0,27,0.0007379828124618851,0.004265793019642584,0.03059651020410148,108825.79868438141,0.586945767620794,0.003225099593413988,1314.46451720391,-0.006684152514274344
seller_inventory_only,Seller inventory only,1.0,28,0.0004090787984643704,0.004564227538098059,0.008909243671198719,102382.51001168422,0.5709214107906327,0.0032680821549087675,1256.389186711766,-0.005286837376325404
seller_inventory_only,Seller inventory only,1.0,29,0.0007009718936280184,0.004102217710109666,0.025021333674142276,88990.1849294447,0.5561251030555215,0.003297826863592996,1160.9660170538475,-0.009513803198892945
seller_inventory_only,Seller inventory only,1.0,30,0.0007532275077795866,0.003950146738419472,0.026057597604845828,78577.20025040477,0.5414180161252945,0.0034263776803468747,1093.8524369321615,-0.0058241397627266656
seller_inventory_only,Seller inventory only,1.0,31,0.0009691879941494762,0.004031528688177599,0.047354790416613946,117632.12747767716,0.6135190978032152,0.003480685832888822,1326.1651461808983,-0.005538177704666025
seller_inventory_only,Seller inventory only,1.0,32,0.0009867201556629161,0.00365623808031461,0.04332459858171189,66898.3908814157,0.48758747790166124,0.0033023074354861636,1057.0749550192784,-0.0054357026335726255
seller_inventory_only,Seller inventory only,1.0,33,0.0004970540464951198,0.004558992192774509,0.013957332787117194,114721.29009669292,0.6126445438886928,0.0032865399994380295,1326.732575123733,-0.0048969189614745945
seller_inventory_only,Seller inventory only,1.0,34,0.0006462958173507096,0.004304244457482027,0.022983637957116332,102652.68773300784,0.589982216818353,0.003267682381094111,1263.774230710909,-0.004874405248498581
seller_inventory_only,Seller inventory only,1.0,35,0.0007671028549249393,0.004282693582535788,0.03162805232256405,118954.13914592497,0.6317055476375922,0.003421087153658956,1351.488462043826,-0.004677889635616106
seller_inventory_only,Seller inventory only,1.0,36,0.0006091199801203393,0.004395509899777529,0.02132393361232554,108407.9335121373,0.5783588430220218,0.0031653522547578925,1302.3787628461077,-0.004483321075040458
seller_inventory_only,Seller inventory only,1.0,37,0.0005539071989616745,0.004471882510165103,0.01561246214277312,109606.13813568324,0.5757706125635645,0.003356445360669822,1312.3048621325931,-0.00608921911237037
seller_inventory_only,Seller inventory only,1.0,38,0.0009203174785514362,0.0040260225530936436,0.044011564137282244,104448.74479117006,0.5877908504852741,0.003355705802464449,1279.9294716809545,-0.01658236779113631
seller_inventory_only,Seller inventory only,1.0,39,0.0006052781755881785,0.004241980238316852,0.020718599310219132,92236.16316610914,0.5658464957110608,0.0031567661711561714,1186.2490927515234,-0.005451254242167192
seller_inventory_only,Seller inventory only,1.0,40,0.0009148431013271873,0.004045695339407267,0.04263145127959522,105329.8580445566,0.5865955244043173,0.003385782822675095,1291.9255323048765,-0.012222110011470444
seller_inventory_only,Seller inventory only,1.0,41,0.00046458780801351604,0.004428816331997478,0.010341850535737218,94487.87508793155,0.5692941865671778,0.0034401534891123596,1206.808904324046,-0.0072573974652778706
seller_inventory_only,Seller inventory only,1.0,42,0.0006708346134627967,0.0044006778806698526,0.02500459738823524,118199.24800704772,0.6043612636216715,0.003290832503715675,1361.4766431536816,-0.007602201280425325
seller_inventory_only,Seller inventory only,1.0,43,0.0008449778993258949,0.00421049960703647,0.039873023096936966,118366.56557659694,0.6034281547054925,0.003279626674175325,1367.0690333443094,-0.004323333772697113
seller_inventory_only,Seller inventory only,1.0,44,0.0007783565528660657,0.004249867407571512,0.032601399853199986,113262.43358195401,0.598011053108117,0.003326180517087068,1337.6144007025669,-0.013735303467257487
seller_inventory_only,Seller inventory only,1.0,45,0.0006684399109759771,0.0038839307121063408,0.01926394157813638,62983.534450020015,0.4946255815811602,0.0033801996252139197,998.9455386721481,-0.011108196289452366
seller_inventory_only,Seller inventory only,1.0,46,0.0006767700901447201,0.0043652219079394605,0.026356152428427815,126967.62013532355,0.6467975606730324,0.003346053904338169,1334.851093607147,-0.011927700581224498
seller_inventory_only,Seller inventory only,1.0,47,0.000871640218567303,0.0039808707626123275,0.03546964137880726,89945.71766917103,0.5514168510738502,0.0034289283102046176,1205.5691042109372,-0.0047798562434270275
seller_inventory_only,Seller inventory only,1.0,48,0.0005711848939166768,0.004409216576638569,0.0163244126284533,99581.23743828523,0.5626792759436264,0.0033460555942510057,1280.4314728307393,-0.004034998339979667
seller_inventory_only,Seller inventory only,1.0,49,0.0009559718365903852,0.003912906368370129,0.04481980656094153,92631.08614181161,0.565169881921214,0.0033869438890422134,1219.700287772205,-0.007233147341134671
seller_inventory_only,Seller inventory only,1.0,50,0.0004938458116029475,0.004388832140803233,0.01352986773685494,96705.17569217236,0.5499871168872874,0.003142077142813855,1202.7983216405742,-0.006362647955865164
seller_inventory_only,Seller inventory only,1.0,51,0.0007853404545417358,0.004140784923093932,0.030918014428788165,102091.42593881495,0.5872509537411174,0.0034153146154392924,1255.52567446709,-0.00959761905517409
seller_inventory_only,Seller inventory only,1.0,52,0.0005824987806850768,0.004266494133287942,0.015920529339711664,90544.2532364113,0.5482414479874113,0.003411041957293814,1186.673680135164,-0.011659483554764982
seller_inventory_only,Seller inventory only,1.0,53,0.000674181337805289,0.0041747426550049396,0.025024949444344968,91463.85510230357,0.5579106851980694,0.003176531164055273,1192.3567808642333,-0.006161160137478694
seller_inventory_only,Seller inventory only,1.0,54,0.0007565332229053909,0.004049358596734789,0.03178419315340175,84000.4329458392,0.5616062493508088,0.0031734393727183073,1164.870042755859,-0.016429010037273928
seller_inventory_only,Seller inventory only,1.0,55,0.000769118932892117,0.004068501519074855,0.03163793047881647,91851.44769088096,0.5572906548011985,0.003220996162912899,1189.2180704964428,-0.00504252054673926
seller_inventory_only,Seller inventory only,1.0,56,0.0007047964388151696,0.004279446400324677,0.02310800800228452,105235.61578513315,0.5736095483061235,0.0035036160615914405,1296.4858115665731,-0.009106442847173102
seller_inventory_only,Seller inventory only,1.0,57,0.0008898719225181847,0.003948353260936981,0.03885850315633588,90587.41030190048,0.5757590682006003,0.0034180038852004505,1191.9250014267595,-0.007192389828079793
seller_inventory_only,Seller inventory only,1.0,58,0.0005788127369975509,0.0046911829564702185,0.01815346658673389,152897.08967654884,0.6791281605214893,0.0035330697817318067,1513.1695040518957,-0.009501953663342944
seller_inventory_only,Seller inventory only,1.0,59,0.0006786143067443746,0.0040532199839076665,0.02121600367946974,79783.3997474195,0.5396185816149733,0.003415407196268165,1111.5321406287374,-0.007482448937462527
seller_inventory_only,Seller inventory only,1.0,60,-4.133329120499692e-05,0.005223724067408506,8.529640335208644e-05,114871.28890861789,0.6164809047113758,0.0035079501894457452,1326.495720987362,-0.011429970602377715
seller_inventory_only,Seller inventory only,1.0,61,0.0004989813682882553,0.0047317974093886,0.013587742892796961,133617.1295855063,0.6398499434105267,0.0034169788920905618,1466.0852493621053,-0.011224443475079782
seller_inventory_only,Seller inventory only,1.0,62,0.0006623687920172723,0.0042510196281678415,0.022248528231336162,99096.99211184436,0.5907254421434822,0.003406105758522345,1236.8913091647698,-0.013988152877673299
seller_inventory_only,Seller inventory only,1.0,63,0.0008301271300132621,0.0042917702680575,0.041985580021354996,134321.2341234489,0.6520134828956287,0.003264308136651702,1419.429251101464,-0.010172416439510501
seller_inventory_only,Seller inventory only,1.0,64,0.0009545555438768927,0.003750572041016858,0.04183819775411557,75943.26269349808,0.5201998453943377,0.003358239794317501,1098.253456338687,-0.004901604813632221
seller_inventory_only,Seller inventory only,1.0,65,0.0006401903060054348,0.004358043548476565,0.022417173713230154,107325.4134499698,0.5999053095253016,0.0033048650594134825,1299.3877724142253,-0.006001694875995223
seller_inventory_only,Seller inventory only,1.0,66,0.0005192804752302754,0.004339069788504402,0.014766902113024338,92328.25650949955,0.5551168879240617,0.003177335658608085,1188.0394327983622,-0.009073145702644503
seller_inventory_only,Seller inventory only,1.0,67,0.0007824313360575484,0.003901665183068408,0.028202557008407125,75143.25665306233,0.5253957064853518,0.0033699517336089097,1082.4142825656495,-0.006809773330161861
seller_inventory_only,Seller inventory only,1.0,68,0.000465541612717357,0.004643851480468016,0.011675085483710879,118126.34521551743,0.6115057092648205,0.0033623315648564807,1363.336726722444,-0.005270054207341168
seller_inventory_only,Seller inventory only,1.0,69,0.0010950835600288236,0.0036188696221828775,0.05131386605151156,72417.4028826257,0.5203750727081939,0.0034790713893979664,1102.1811427220657,-0.02037070877694247
seller_inventory_only,Seller inventory only,1.0,70,0.00047861966355377807,0.00436790558395426,0.010690191092748491,92232.4328302025,0.5778233023747708,0.0035121632396317576,1175.8997324637855,-0.00911066553141704
seller_inventory_only,Seller inventory only,1.0,71,0.0005845722061036532,0.0042074345741415,0.015281690088592703,82124.88094743913,0.5305289989139355,0.0034370338498300574,1148.3626168973876,-0.009625038999522051
seller_inventory_only,Seller inventory only,1.0,72,0.0006328080265769584,0.00414627619257947,0.018264923525363463,82062.89082454881,0.545399285335158,0.003450844366448786,1141.4681804997115,-0.009977575261233218
seller_inventory_only,Seller inventory only,1.0,73,0.00046531858174110455,0.004508699289909561,0.010970877150162539,102559.30984564929,0.5815242407875637,0.003380931029693964,1263.152846524484,-0.01161602722123356
seller_inventory_only,Seller inventory only,1.0,74,0.0007714412667575565,0.004389526440429882,0.03314071959392151,141822.97333468054,0.6779269657794288,0.003481967154484446,1445.247588741081,-0.0051720494888256585
seller_inventory_only,Seller inventory only,1.0,75,0.0006924516238392586,0.004403329135935995,0.028394790382763713,125162.13511963974,0.6317838503884515,0.003259425271007659,1382.4127111815292,-0.003517466212116571
seller_inventory_only,Seller inventory only,1.0,76,0.0005084915419140806,0.00438086752606142,0.013481542625111476,92757.80592380407,0.5528458140104181,0.0032494515933162225,1208.639021511924,-0.006073178165730386
seller_inventory_only,Seller inventory only,1.0,77,0.0009096797746376645,0.0037934758855254847,0.040123251105595226,79196.52254746335,0.546654415552519,0.0033506682643119523,1093.7082987284741,-0.006613982987487277
seller_inventory_only,Seller inventory only,1.0,78,0.0006231400765236609,0.004431194440563771,0.023112542907613554,115998.79147633456,0.6123774210372926,0.003200843394547451,1341.225450408884,-0.005210046691505377
seller_inventory_only,Seller inventory only,1.0,79,0.0007946186638344213,0.00439162888103107,0.03556026672020318,148914.9721610968,0.6874776106939996,0.0034866846969823554,1470.514581626295,-0.009976816519099208
seller_inventory_only,Seller inventory only,1.0,80,0.0006722784557344062,0.004316626089504309,0.023739030444895892,113651.53467526512,0.608433935602238,0.0033964936001249727,1294.5934538132674,-0.009290741046511175
seller_inventory_only,Seller inventory only,1.0,81,0.0006517680229105232,0.004508409889696231,0.02692729507482472,133334.4783561792,0.6423013044593502,0.0031765123704117315,1431.3062090055967,-0.010855119365994703
seller_inventory_only,Seller inventory only,1.0,82,0.0003067933762545008,0.004971574944585448,0.006021787112703292,148735.64588535286,0.6815894115759736,0.0032580381077175658,1466.1697058899254,-0.0048793970024217925
seller_inventory_only,Seller inventory only,1.0,83,0.0010748492911577348,0.003990645658099619,0.06572767458600037,123111.70302041284,0.6329999919860602,0.003327897685929121,1389.349049658749,-0.004536530156789453
seller_inventory_only,Seller inventory only,1.0,84,0.0007212451307329618,0.004153862074428645,0.026393034025530726,93153.19986052107,0.5484240933065692,0.003280397581947696,1215.3533697707933,-0.006940757800587005
seller_inventory_only,Seller inventory only,1.0,85,0.0009089174545591761,0.0039007982788789135,0.040142014033002105,85073.71730324921,0.5464910087039808,0.003346050723236001,1173.847216226369,-0.007101106225711029
seller_inventory_only,Seller inventory only,1.0,86,0.0005275418251406152,0.004290924854296106,0.01604983284851136,88678.86535998157,0.5450400325714423,0.003067943180131571,1161.9290779510598,-0.006408637569727871
seller_inventory_only,Seller inventory only,1.0,87,0.0007979574918129365,0.0041221189729971335,0.03315396167166529,103372.76518713954,0.585698531245114,0.003346668340257188,1251.6807377088385,-0.009411260735698757
seller_inventory_only,Seller inventory only,1.0,88,0.00043835463114212967,0.004764849123404542,0.009934928653982045,133685.2017003754,0.6290692902306664,0.0034809598497685086,1432.5462783726314,-0.008012897750005354
seller_inventory_only,Seller inventory only,1.0,89,0.0007414440215203244,0.004232251953016683,0.029881981089482035,104258.64580735644,0.5790789261864291,0.0032566879913016747,1291.0539061229365,-0.008136181043084667
seller_inventory_only,Seller inventory only,1.0,90,0.0008458112048680539,0.0039038106557291712,0.033308752867442615,78585.94406336166,0.5352458550693627,0.0033831038854576913,1128.6604331025428,-0.012231548212285115
seller_inventory_only,Seller inventory only,1.0,91,0.0004873622971549216,0.004392808844612355,0.011750069230177185,92672.7311714009,0.5468127167577134,0.0033177446286364663,1200.5485901240627,-0.006148273770814949
seller_inventory_only,Seller inventory only,1.0,92,0.0009933198706662863,0.004015595011939218,0.0529140146455408,107104.38143370899,0.5874284036601012,0.0033017050535954157,1339.556618454683,-0.015159205307621382
seller_inventory_only,Seller inventory only,1.0,93,0.0006434362287541408,0.004411388639641805,0.025783359169560316,113921.91697702775,0.6028441651393043,0.003104597893597401,1344.6656463495328,-0.005071659080845836
seller_inventory_only,Seller inventory only,1.0,94,0.0007564780983438631,0.004393948832801088,0.036679502028873046,136439.54951400476,0.644898377001786,0.003165131415159796,1437.179240860724,-0.00384050039737327
seller_inventory_only,Seller inventory only,1.0,95,0.0006727733758782351,0.004176836213116251,0.022582935405312088,92775.23102217728,0.5767080676943838,0.003392947913915292,1191.4529019393758,-0.009635563268707292
seller_inventory_only,Seller inventory only,1.0,96,0.0009984910656628452,0.003835020323006799,0.049454431993131376,91558.33519768933,0.5741787138134434,0.003394732732008175,1189.9000787876853,-0.011610990110324515
seller_inventory_only,Seller inventory only,1.0,97,0.0006571939724368558,0.00421266124189442,0.021552601621279033,95638.25828415288,0.574273619358538,0.003385411443504387,1205.379052224545,-0.010298676951917218
seller_inventory_only,Seller inventory only,1.0,98,0.0003903309682524205,0.0045146227402165446,0.00861007882298448,97688.37808071372,0.5704846251514828,0.0031711101749420383,1207.3814853807223,-0.007169297217295867
seller_inventory_only,Seller inventory only,1.0,99,0.00019175309424008204,0.0048589051915661945,0.0018259863322687142,111941.09331927025,0.5793114521447735,0.0034089165181709407,1279.721971660043,-0.0036021620322634895
seller_inventory_only,Seller inventory only,2.0,0,0.001601104156946455,0.0015778198047207551,0.03726197832674971,4509.273139955577,0.1403778190294259,0.003100238831614795,327.22864041842143,-0.016850498824245386
seller_inventory_only,Seller inventory only,2.0,1,0.0017454558338290927,0.0012926836104687539,0.026054755938940022,2620.652327680708,0.09964294669445731,0.0034047506687827924,274.04135673553316,-0.03396805550156734
seller_inventory_only,Seller inventory only,2.0,2,0.0014017389479335752,0.001772539340417632,0.02992292548237785,5669.865898835022,0.15898468148625544,0.0032236199497516676,354.8503662303415,-0.020822580377261812
seller_inventory_only,Seller inventory only,2.0,3,0.0013657780540753334,0.0014841743850870248,0.019471238932081025,3204.0712118220763,0.11235200223359319,0.003273514914373428,285.0955205129812,-0.017838241360275564
seller_inventory_only,Seller inventory only,2.0,4,0.001803008457989399,0.0014024601749209361,0.03942316929113643,3682.596213887956,0.12055439908165995,0.003144805964659501,304.03315837537025,-0.01878102931599035
seller_inventory_only,Seller inventory only,2.0,5,0.0010411142790651064,0.0017599983443787773,0.016071633459943335,4510.465551173487,0.14135908368770617,0.003081851394248654,313.39692029367257,-0.014676505108267679
seller_inventory_only,Seller inventory only,2.0,6,0.0019260151253586502,0.0012853924552836819,0.041375370402899625,2907.5179452941125,0.10331096701848634,0.003034890133556306,288.8249565790297,-0.01920038111517708
seller_inventory_only,Seller inventory only,2.0,7,0.0013510300127166379,0.0015728591903119977,0.022424677087249822,3779.3317963049926,0.12343094274661266,0.003162578438969955,302.7752098695041,-0.01338363875831916
seller_inventory_only,Seller inventory only,2.0,8,0.0016907725456956656,0.0013813791642668263,0.030436158056698637,3246.6317832216328,0.11258385863715005,0.0032438713068038733,288.84854629260565,-0.016071834909768712
seller_inventory_only,Seller inventory only,2.0,9,0.002079180139766972,0.0012127822032204619,0.04092712911084362,2899.350753609034,0.1075850376871104,0.003362268894456124,276.921842992856,-0.031196122417969985
seller_inventory_only,Seller inventory only,2.0,10,0.000999735598316634,0.0017176689945671108,0.012407410874701208,3952.0997840002965,0.12983973107242516,0.0032279129866768026,301.54402409280146,-0.014374826169970323
seller_inventory_only,Seller inventory only,2.0,11,0.001068709369658656,0.0014545244168924164,0.010337181266655948,2402.848659197903,0.09002700309991497,0.0031471787245663085,259.4148899862483,-0.011411811076747824
seller_inventory_only,Seller inventory only,2.0,12,0.0010710519674861784,0.0018851860479860095,0.013347302772658387,5084.172543377059,0.1419360094096632,0.0034846477168298854,345.5789628251932,-0.01690330165318943
seller_inventory_only,Seller inventory only,2.0,13,0.001425403752561147,0.0015404838071839458,0.02490511514051752,3656.7956085495484,0.12362205448474409,0.003168524711840139,301.9992091268743,-0.0399036830227778
seller_inventory_only,Seller inventory only,2.0,14,0.0009181690797938763,0.002057886648426955,0.013875931699822486,6321.550392997652,0.16584800797944144,0.0031677914878949897,366.5105536388635,-0.012095866578998193
seller_inventory_only,Seller inventory only,2.0,15,0.0012428937610304016,0.0016613776246083684,0.01641605275822322,3740.696785588851,0.1169321401256765,0.003308886790476042,314.2960065517773,-0.013468486303342964
seller_inventory_only,Seller inventory only,2.0,16,0.0014165910907396907,0.0014605152230065138,0.017031920948998414,2834.321534141035,0.09879899628131764,0.003402948783269019,286.98373985996915,-0.013749923351403459
seller_inventory_only,Seller inventory only,2.0,17,0.0016344345977434504,0.001541624377354469,0.03337444664426703,4192.897701582097,0.1293002524393392,0.0032087648389768886,323.9454788484046,-0.01650942610226136
seller_inventory_only,Seller inventory only,2.0,18,0.001974465082378736,0.00128166773242438,0.04111153285827096,2910.2487882390656,0.10462587452245237,0.0031408247594381087,292.31445575915916,-0.01242036323879181
seller_inventory_only,Seller inventory only,2.0,19,0.001857632162637345,0.0013846329387827657,0.04002731945589311,3679.5792967702987,0.126388678973194,0.003292816549517635,301.376200652069,-0.02507774845768429
seller_inventory_only,Seller inventory only,2.0,20,0.0013389357934459575,0.0016697830186003832,0.024626082889041,4541.670775474058,0.1352635941157399,0.003130807290128129,323.6935475561756,-0.01342408512705906
seller_inventory_only,Seller inventory only,2.0,21,0.0019106045921354097,0.0012974969378960715,0.042152872075485126,3200.447137058101,0.11866199319157698,0.0031980886221873533,282.0757687402522,-0.030989046997808245
seller_inventory_only,Seller inventory only,2.0,22,0.0013331346591089518,0.0013606127455769545,0.014877275547576785,2347.645019880197,0.09054105555187773,0.003281338548757416,259.5457018467175,-0.02431479704237527
seller_inventory_only,Seller inventory only,2.0,23,0.0010563271456577432,0.001776299059494308,0.014724440971613184,4469.119901940497,0.13412104331374275,0.0031813827749980848,319.2944540641771,-0.011137699710634719
seller_inventory_only,Seller inventory only,2.0,24,0.0013889913624273908,0.0014480919400905515,0.020688226005147525,2987.041915421498,0.10726191145612123,0.003155620616464372,279.8363919193185,-0.029142514113203233
seller_inventory_only,Seller inventory only,2.0,25,0.0015436558244217933,0.0014394821799566372,0.02861190264733804,3160.7548671736727,0.10772419046355185,0.0029877011549062477,291.895213897677,-0.013586186875408801
seller_inventory_only,Seller inventory only,2.0,26,0.0018231013755352448,0.0013899461131020962,0.04072171475918751,3477.6906826363656,0.11592060760835853,0.00306765197486944,304.6148873211822,-0.013316065841712077
seller_inventory_only,Seller inventory only,2.0,27,0.001359224075838827,0.0015415286988901438,0.02301677868355856,3563.855556486083,0.11554812233247282,0.0030383528783244833,297.5915277895802,-0.01674492599337385
seller_inventory_only,Seller inventory only,2.0,28,0.0014283475395300107,0.0015032114793129127,0.022676390207386432,3215.7741249051214,0.10740584607352065,0.003100653782766814,296.71877298280174,-0.012296762961374053
seller_inventory_only,Seller inventory only,2.0,29,0.001444395350430344,0.0014359969541393772,0.02088948261514767,2938.2554847065117,0.10642360322399341,0.003252572135583639,281.9299719201252,-0.02341830952561319
seller_inventory_only,Seller inventory only,2.0,30,0.001852194380529496,0.0012771135091447193,0.033201080555219864,2784.207900586334,0.09915027629675585,0.0031920822961448423,280.297012367162,-0.019221167993787147
seller_inventory_only,Seller inventory only,2.0,31,0.0010674022455888724,0.001817263529008444,0.016153053502960146,4964.028030445479,0.14477346506005956,0.0031890450715967604,328.6931472486343,-0.011738693799715039
seller_inventory_only,Seller inventory only,2.0,32,0.0019482777353333424,0.0012920274139081147,0.04694329969773969,3108.2568353262573,0.10888179879797319,0.0029591435585846143,290.36384762449313,-0.02073005470867073
seller_inventory_only,Seller inventory only,2.0,33,0.0015987015795316767,0.0015491463048169533,0.032250389392304624,4237.952079964204,0.13168521388614177,0.0032224996314472775,321.0465119834747,-0.018649137158251894
seller_inventory_only,Seller inventory only,2.0,34,0.0014242485717462449,0.001564771821126377,0.0239014058225272,3920.7738537714454,0.12581953325274206,0.0032602228960486273,307.5719378170677,-0.013990118653902539
seller_inventory_only,Seller inventory only,2.0,35,0.0014742979996755362,0.0014486200886047501,0.022003747871227164,3108.261707999764,0.10423416571458774,0.0032007326620421307,288.32940120032663,-0.01317417679883437
seller_inventory_only,Seller inventory only,2.0,36,0.0021932850593154815,0.0012613778826078821,0.05242670045475706,3468.3749572179,0.12231949674622948,0.003341171800307482,297.7870139048797,-0.047465794973553965
seller_inventory_only,Seller inventory only,2.0,37,0.0009682009235822249,0.0016377463433677167,0.00910798598132645,2929.4629540335914,0.0994837370332355,0.0031924706335768657,285.4887775552949,-0.011555500906839877
seller_inventory_only,Seller inventory only,2.0,38,0.0016648208716387722,0.0014743223966841763,0.036715213519462386,4131.637371696398,0.1385422556262448,0.0032269713433155777,303.639341447856,-0.03305006721563586
seller_inventory_only,Seller inventory only,2.0,39,0.0007506112102200026,0.0018588780568858441,0.0073537509882768415,3674.074728923154,0.11932863473577118,0.0030174104614636237,307.8364411170391,-0.01062544153455125
seller_inventory_only,Seller inventory only,2.0,40,0.0019003559188113014,0.0014015025747248003,0.04021828204316824,3946.2484012889877,0.12971657300884215,0.003404189891042175,310.4180813969891,-0.025298331758192516
seller_inventory_only,Seller inventory only,2.0,41,0.0014388710036185965,0.001427051547231956,0.022471479068096878,2984.837172720706,0.10706791769193487,0.003133647851328997,279.2163629749449,-0.014372555177398105
seller_inventory_only,Seller inventory only,2.0,42,0.0019256128988869336,0.0012862434621790221,0.04061535634167612,3035.0848987709433,0.10650693997321352,0.00310985864231307,287.1238455063853,-0.017042074787897765
seller_inventory_only,Seller inventory only,2.0,43,0.0018479948490568916,0.0013941800836848853,0.039565395303630235,3665.565457370465,0.12000931849888903,0.0032099308015836685,306.86030784841165,-0.014936994476917764
seller_inventory_only,Seller inventory only,2.0,44,0.002167839919775693,0.0012694676140013893,0.05179048847476064,3326.245364795859,0.11656947059163202,0.003242992794746521,303.5351608266117,-0.03360071013427812
seller_inventory_only,Seller inventory only,2.0,45,0.0015849237861135315,0.001445355933500536,0.028932295178693,3257.658088540568,0.1097273599382478,0.0030785868136761108,297.00226205322787,-0.016513036653769575
seller_inventory_only,Seller inventory only,2.0,46,0.0018042150609600628,0.0014765945760919503,0.03892963078745493,4284.186115439312,0.13095458064836862,0.003300332093428983,323.8833586418372,-0.027386367769908104
seller_inventory_only,Seller inventory only,2.0,47,0.0014747709893481844,0.0015631404088367652,0.02521406853048469,3727.8724770977874,0.11941177054242931,0.0032011944503105264,314.2060007138099,-0.012919213866719348
seller_inventory_only,Seller inventory only,2.0,48,0.0020694765337101687,0.0011457990577164968,0.035021958821848664,2308.2853599622053,0.0921275993236222,0.0033473189921467174,263.6744618385957,-0.01797417228033793
seller_inventory_only,Seller inventory only,2.0,49,0.0015566818340750786,0.001646109866883219,0.03413644129482807,5089.955484028339,0.14520604647853083,0.0032026971116595354,340.9680145813748,-0.014629559047361074
seller_inventory_only,Seller inventory only,2.0,50,0.001846838781665067,0.0014318521862169316,0.044267880094016165,4057.0021364464965,0.13128817201116305,0.003172474852094776,313.8393367185032,-0.03037658218350725
seller_inventory_only,Seller inventory only,2.0,51,0.0014078786502718873,0.0015458760543627303,0.02322487758434577,3632.7017648957494,0.12123244988469153,0.0032091907716315167,302.14572088665216,-0.018354577360393698
seller_inventory_only,Seller inventory only,2.0,52,0.0008941985137647389,0.001854796931569702,0.01111764766423251,4588.181190215527,0.1404991367420459,0.0031727822466175826,319.48261674935503,-0.018024636429707086
seller_inventory_only,Seller inventory only,2.0,53,0.0012403645283823104,0.0016629506227612677,0.021104849642692547,4389.434430304626,0.13849609607317762,0.003171044161376973,310.974788128395,-0.01926201328533761
seller_inventory_only,Seller inventory only,2.0,54,0.0014773586013129031,0.0016640062134444258,0.032509913346527086,5408.728085640747,0.15672049579958533,0.0032367842412413536,333.1173124252359,-0.008846327692037081
seller_inventory_only,Seller inventory only,2.0,55,0.001669461536627507,0.0014355345686647765,0.027033367867396074,3468.174288325793,0.11691998173806016,0.0034631552614487367,300.498666210056,-0.02220824037121394
seller_inventory_only,Seller inventory only,2.0,56,0.0017384460019404802,0.0013070753195620198,0.027394722165687613,2597.1318466160483,0.09592148697903764,0.0032441552063290444,279.11247382947977,-0.01889031162220911
seller_inventory_only,Seller inventory only,2.0,57,0.0019808601044364487,0.0013884166588216808,0.047385624071376475,4144.752857220965,0.13041030324428973,0.0032774337778331115,315.68642395061954,-0.015061925554383127
seller_inventory_only,Seller inventory only,2.0,58,0.0018098771680814712,0.0014193519944132253,0.03901542512717715,3758.71554660858,0.11885042631723884,0.0031502674765124324,311.19148930340486,-0.012375408279937217
seller_inventory_only,Seller inventory only,2.0,59,0.0011850075290886003,0.0016276934731784618,0.01837578981476673,3624.7815970913252,0.12022711851278836,0.003024515231036677,300.2887621154651,-0.010922287336594838
seller_inventory_only,Seller inventory only,2.0,60,0.002346863013263754,0.0012620220947925703,0.06489002570303026,3831.9792113228523,0.12741745033429527,0.003278964810287653,316.1379863308514,-0.02060172227481849
seller_inventory_only,Seller inventory only,2.0,61,0.0012822196448595744,0.0014725079431325732,0.013044256641811303,2455.8020303368367,0.0885659256326773,0.00333203564540277,279.6548104094579,-0.017682333080410784
seller_inventory_only,Seller inventory only,2.0,62,0.001539941412126549,0.001832329069410807,0.03922125636638252,7192.821028998074,0.1843175900791279,0.003330485953413855,387.7439556234866,-0.015537304256062034
seller_inventory_only,Seller inventory only,2.0,63,0.000990365822763494,0.00161391114585618,0.010139595253817468,2847.760851099163,0.10377739396965549,0.003161569324808233,282.3139944760154,-0.018094117894024375
seller_inventory_only,Seller inventory only,2.0,64,0.001961470931419823,0.0012990883950923992,0.04267831511914988,3112.040253354721,0.10689316809485501,0.0030953900413384383,295.4781926168578,-0.011833631147368129
seller_inventory_only,Seller inventory only,2.0,65,0.001085368916008291,0.0018612940761581027,0.019483076282343914,5399.755449775029,0.15171285308352264,0.003022454994797675,340.47334327865644,-0.013879761626742093
seller_inventory_only,Seller inventory only,2.0,66,0.0008480668355216789,0.0018146472497406363,0.010132518100941068,4437.822994918911,0.1408655308865641,0.0031567076541808,306.8344661956062,-0.01353843975817215
seller_inventory_only,Seller inventory only,2.0,67,0.0015891862392145319,0.0015448196395887988,0.029464019258762297,4172.64844736414,0.12963229094078013,0.0033251011048234524,319.2263339841223,-0.01952600623542744
seller_inventory_only,Seller inventory only,2.0,68,0.001246766903903276,0.0016481458626710422,0.020450495224691112,4219.271063490083,0.13444015835511744,0.003190099855965737,308.71859615808074,-0.018500569004104794
seller_inventory_only,Seller inventory only,2.0,69,0.0017803937593216979,0.0014673034913336369,0.04022237066127898,4194.17240642129,0.13438560506537692,0.0032462894629565284,316.1475431609335,-0.022333639770653613
seller_inventory_only,Seller inventory only,2.0,70,0.0014893900405074647,0.0014500789255316524,0.023395022482425643,3291.0362774432497,0.11281790712749962,0.003263103095557153,287.8488442993214,-0.013218404544734219
seller_inventory_only,Seller inventory only,2.0,71,0.0018966480085151572,0.0012158961833047019,0.0327985094196257,2390.7095927892774,0.09522765282915661,0.003223294362620086,267.936046820693,-0.018394661101861498
seller_inventory_only,Seller inventory only,2.0,72,0.0012750307900232243,0.0015164856394851937,0.013264095171612533,2660.3250078668325,0.09307667221230555,0.003368373378249036,287.89050643303534,-0.017017980940400412
seller_inventory_only,Seller inventory only,2.0,73,0.0019053176094288504,0.001396265535996731,0.044024302730777176,3887.9732832067803,0.12575281520395665,0.003211680486177809,311.6199401828336,-0.01655540553424395
seller_inventory_only,Seller inventory only,2.0,74,0.0011675434150648155,0.0019595624532151752,0.021217261496191075,6229.37740677622,0.15741254533047094,0.003172439228615407,375.90795600081816,-0.009180023090646583
seller_inventory_only,Seller inventory only,2.0,75,0.002164517806862946,0.0012329313232771,0.04644042919597635,3125.279985850379,0.10724131802116113,0.003279469773966463,295.8486937210631,-0.01906915944051346
seller_inventory_only,Seller inventory only,2.0,76,0.002159420343474408,0.00126024044580777,0.052734765791333627,3432.313034298908,0.11453803744160246,0.003173360973766462,300.2919780871453,-0.012834180221354186
seller_inventory_only,Seller inventory only,2.0,77,0.0012606406304155725,0.0017356896058535768,0.021777531111725867,4808.676496089267,0.1373368166249777,0.0031584662881651497,331.3978048302902,-0.012269195244733466
seller_inventory_only,Seller inventory only,2.0,78,0.0018935412716616351,0.0013641649244154632,0.041430316275513746,3425.7609407039045,0.11326209202711718,0.003121991258525936,305.9360271621427,-0.009521292350593624
seller_inventory_only,Seller inventory only,2.0,79,0.0009211200732137216,0.0018376125518951214,0.012733237344623838,4290.1186117529705,0.13233948674376517,0.0029634615278221737,319.19575189304874,-0.006221083771544844
seller_inventory_only,Seller inventory only,2.0,80,0.001211179990040223,0.0016814761308054289,0.018853555487128637,4124.29505854638,0.1308366841181815,0.0031837147716674325,313.6572636068876,-0.02541580274838262
seller_inventory_only,Seller inventory only,2.0,81,0.0019072555492792441,0.0013725543438205827,0.0466880873744997,3677.5636515348165,0.12200601028904691,0.0030750556946164,305.69897644318934,-0.025432192978059653
seller_inventory_only,Seller inventory only,2.0,82,0.0014692517374424157,0.0016009131040327484,0.026617231622735327,4177.960457252748,0.1311028581753976,0.00325292001893934,320.88882890287346,-0.014717328012964104
seller_inventory_only,Seller inventory only,2.0,83,0.0019497432811724294,0.0012936119897217061,0.041260397605604404,3195.727235065518,0.1100758738365032,0.0031760902189598202,290.1357996079341,-0.012873928069488283
seller_inventory_only,Seller inventory only,2.0,84,0.0017124540214416577,0.0013465676558420303,0.028301675014919092,2716.3936362460395,0.09722859050294971,0.003165073709926228,287.1759429411662,-0.019522794766733242
seller_inventory_only,Seller inventory only,2.0,85,0.0015500322029302674,0.0016014256827397814,0.032283407023824706,4646.970434060466,0.1417454874381811,0.003240300525562504,327.6088744907735,-0.015945186306750014
seller_inventory_only,Seller inventory only,2.0,86,0.0018829907563044591,0.0013502155521721722,0.04073088223113486,3425.5077143910753,0.12009665086454989,0.0032252108123854662,296.05750619179577,-0.031322350469460525
seller_inventory_only,Seller inventory only,2.0,87,0.0006324879021811395,0.0018462225806699234,0.005098180708183131,3752.3619118698825,0.12356129171324567,0.0031083997151804404,294.98424476670067,-0.015364451292370074
seller_inventory_only,Seller inventory only,2.0,88,0.001649487345533302,0.0014766193902026033,0.031815310599341284,3453.918712672325,0.11144592029893334,0.0030784548023962285,312.54353035436054,-0.009693093839413192
seller_inventory_only,Seller inventory only,2.0,89,0.001751475580979591,0.001257095842284126,0.024609475535094405,2409.9601935520946,0.09215362180159084,0.003380394166809208,267.9019011732256,-0.016912740356996192
seller_inventory_only,Seller inventory only,2.0,90,0.002234967844263627,0.0012401781204852658,0.05400066638479284,3366.2385695454404,0.11852977768940735,0.0033019797369784176,297.74844141994015,-0.02042217322494011
seller_inventory_only,Seller inventory only,2.0,91,0.0010656167134985598,0.0015726786274308747,0.011566981997775838,3208.234563373441,0.10998639212904887,0.0032793769401873404,279.5760240043679,-0.015440868261372809
seller_inventory_only,Seller inventory only,2.0,92,0.0015531754333899994,0.0014857816451635422,0.030523914550358855,3664.552862657951,0.12486724915011717,0.0031342302474094675,300.0985114085988,-0.01951815187478334
seller_inventory_only,Seller inventory only,2.0,93,0.0010214995092292152,0.0017250611371457459,0.013661235054301724,4028.233135960207,0.12379034296890123,0.0030685197847447293,305.7407656914918,-0.0076108953098777965
seller_inventory_only,Seller inventory only,2.0,94,0.0015258902042048028,0.0015058428992335852,0.02751663861891418,3920.975035714202,0.12902425328275904,0.0032968441850298787,301.4900502805919,-0.010813409235397975
seller_inventory_only,Seller inventory only,2.0,95,0.0018716634714861867,0.0013094603837646977,0.03534398699690178,3059.6784933464933,0.11347790458511284,0.003345411269415029,284.8444676616836,-0.03347952978889457
seller_inventory_only,Seller inventory only,2.0,96,0.001781840354075286,0.001388628270574016,0.036213116697832226,3528.9357945395836,0.1191833960227907,0.003224458796203642,297.7979774270962,-0.01719553979448052
seller_inventory_only,Seller inventory only,2.0,97,0.001622773875116274,0.0014545059894108562,0.028229093696605312,3434.5493420589346,0.11465041472623858,0.003261974232389464,301.8526380798775,-0.013231865733454251
seller_inventory_only,Seller inventory only,2.0,98,0.0023325949457902754,0.0011517926325289192,0.05558112252005132,2788.223535774847,0.10174737160147157,0.0031462367633103986,289.20682359146565,-0.0273051538728023
seller_inventory_only,Seller inventory only,2.0,99,0.001830461506315236,0.0013479475208769602,0.03935052490231461,3214.5684546984294,0.1121827039318646,0.003082560200220605,293.7152153219471,-0.020884348490213034
seller_inventory_only,Seller inventory only,5.0,0,0.0052253451656488386,0.00017877142866302637,0.012428633064891503,48.10425081936168,0.004107524155626845,0.0029863910676436347,124.10555301359581,-0.03648028840894624
seller_inventory_only,Seller inventory only,5.0,1,0.0014709978597431,0.00024366912091495067,0.000573191218406377,31.369644070244945,0.0027108246823999327,0.0031883516847374155,117.3071174020379,-0.0453832276312488
seller_inventory_only,Seller inventory only,5.0,2,0.002699517884985272,0.00024344703590928674,0.0036768021981924415,53.927971355881475,0.004590942570642616,0.0030066489387258876,121.12176834623142,-0.031688601079409184
seller_inventory_only,Seller inventory only,5.0,3,0.002436192764522733,0.00021099230395022723,0.0016857349144508982,30.675661679413988,0.00278786006225249,0.003121878064756613,115.46152995200899,-0.06468252866239466
seller_inventory_only,Seller inventory only,5.0,4,0.0005270038933911685,0.0005129273099991132,0.00024676237325593764,122.90608809221882,0.009154712418379245,0.003203897327815538,133.656642376739,-0.03298836748325151
seller_inventory_only,Seller inventory only,5.0,5,0.0005665780608268534,0.0002431006279526042,0.0001248220424441282,40.19692844615047,0.0036295751393205402,0.0030511693126534047,114.25677900482323,-0.05369178931053775
seller_inventory_only,Seller inventory only,5.0,6,0.0037344109073231143,0.0002766899683695949,0.012728116544390766,122.83461342856748,0.00915339128080417,0.0031536488410831404,136.18673408631955,-0.039384809691161204
seller_inventory_only,Seller inventory only,5.0,7,0.00040992054247404917,0.0003800408429381921,9.240723877357304e-05,65.14112493293099,0.005448026463126345,0.003142155144872961,123.08943945394626,-0.02635086322119662
seller_inventory_only,Seller inventory only,5.0,8,0.0022506404047293433,0.00028165226222875197,0.00315462224623253,71.20591206003888,0.006189838949787275,0.0031446724663543296,122.37081487093425,-0.05840069448860763
seller_inventory_only,Seller inventory only,5.0,9,0.0029093795679403954,0.00019138136357660474,0.002194498950855661,27.093820292856268,0.002387903898143373,0.003020668018586442,117.57572423871675,-0.029638497918273
seller_inventory_only,Seller inventory only,5.0,10,0.004034362837757624,0.00022561487391238794,0.006624009621748028,41.85476826352312,0.0037802343954890984,0.0030340748073796214,119.02579369453375,-0.059109423822251816
seller_inventory_only,Seller inventory only,5.0,11,-0.019972750717257272,-0.0012518963940737632,0.01662107453986672,3.432398775641074,0.0003781262589180984,0.0030117664440799516,96.34309277635828,-0.0885025185412377
seller_inventory_only,Seller inventory only,5.0,12,0.003601186366425595,0.0001585424781741343,0.0020176096799758847,15.252030676028847,0.0014008603798574657,0.0029818838703266665,113.62729255843236,-0.040630087013536986
seller_inventory_only,Seller inventory only,5.0,13,-0.000591360335645865,0.0004063518801868072,9.922949501295353e-05,31.919694751187144,0.002680654860815519,0.003065576141969361,119.63695662622922,-0.02675075266141569
seller_inventory_only,Seller inventory only,5.0,14,-0.00035160171378725895,0.0003357272721889097,6.143890707799304e-05,51.080023668715995,0.004351035996798357,0.002956665555893927,116.85894074687201,-0.028588518272159247
seller_inventory_only,Seller inventory only,5.0,15,0.0004024861015000547,0.0002018004044280882,2.533356971745615e-05,17.530801226966368,0.0016008591706159207,0.0031898455505545023,111.19768578008475,-0.046529496098926426
seller_inventory_only,Seller inventory only,5.0,16,0.004481327262999635,0.00018557870737205803,0.005661791235948566,29.58046472229606,0.00266747731950367,0.0030587625238539338,117.86916770874727,-0.04719758290143994
seller_inventory_only,Seller inventory only,5.0,17,0.003129133533017012,0.00019207310924184071,0.0017406927147387563,21.71080857333164,0.0019310421798931154,0.0032787285465734383,114.13809261141235,-0.04065634471287327
seller_inventory_only,Seller inventory only,5.0,18,-0.005189754733435917,0.00042658578324348536,0.0022569978394548773,8.585641741461487,0.0007692178617451815,0.0030223704112469444,110.12264026376333,-0.03483777905437857
seller_inventory_only,Seller inventory only,5.0,19,0.0025806368403582416,0.00020838360561360313,0.001719961139566406,24.053712389134674,0.002344671887656893,0.003002519935793594,110.23389607092668,-0.07695951234462606
seller_inventory_only,Seller inventory only,5.0,20,0.003086406304247731,0.0002030516784807264,0.0025804112236541554,32.99223017306157,0.0028496713494320365,0.0032282005604914914,119.10647079857114,-0.04269601539823864
seller_inventory_only,Seller inventory only,5.0,21,0.002885888602353563,0.0002090542316514553,0.0017580583921220638,21.752237766985893,0.0020848452381942227,0.0031294240142958627,110.90928873258419,-0.061750138142625755
seller_inventory_only,Seller inventory only,5.0,22,-0.0016815642588507206,4.9461690839285544e-05,0.0001510384124320252,5.025171067029272,0.0005111559872342697,0.0030700579697009378,104.45829884130262,-0.06574743780506664
seller_inventory_only,Seller inventory only,5.0,23,0.001806707007913725,0.00021432797213503225,0.0009807574551493614,31.428859943174583,0.0028340459732377117,0.0030625460381149628,114.58656118983305,-0.06183377416261471
seller_inventory_only,Seller inventory only,5.0,24,0.0003391991052781245,0.0001121179702598805,1.5054164541061787e-05,12.281466428945947,0.0012724890213660655,0.003107297971880765,105.32428609315501,-0.10147793454138254
seller_inventory_only,Seller inventory only,5.0,25,0.0021976666269955705,0.0003240446325863337,0.003325613323860499,77.43098087797304,0.005861427358643434,0.0029055719904261196,133.2099034373622,-0.028285658486653764
seller_inventory_only,Seller inventory only,5.0,26,0.0022671370256578042,0.0002747476633572009,0.0031755290402020186,68.09095412924772,0.005803577927876838,0.0030568777119561333,122.31975458404872,-0.07588684787174271
seller_inventory_only,Seller inventory only,5.0,27,0.004650227223904269,0.00012712142484719142,0.004766285617070154,26.47948260717591,0.0022562624933347318,0.003176532482117344,120.91719899492078,-0.037641556565490175
seller_inventory_only,Seller inventory only,5.0,28,-0.002218765485381222,0.0003436352701191986,0.0014405145062033053,37.59231543060304,0.0032587344164744345,0.0033384604827985374,111.06517008874337,-0.061896713173558715
seller_inventory_only,Seller inventory only,5.0,29,-0.0005010432717326718,0.00024291113584920524,3.965414529427669e-05,17.77749333441026,0.0016381519025343001,0.0032123838019344634,111.88019647871924,-0.042055694584730685
seller_inventory_only,Seller inventory only,5.0,30,-0.008994452848015175,0.0005893559380402186,0.004224479437108242,5.281394834037084,0.00048283098977545307,0.003029275242577081,109.73591076544706,-0.0335945532756895
seller_inventory_only,Seller inventory only,5.0,31,-0.0010907528187822835,0.0005759626187957684,0.0008005600621932007,78.96663685900808,0.006223944836294075,0.003038712265880688,125.14648991552595,-0.030701895700757098
seller_inventory_only,Seller inventory only,5.0,32,0.00029478498305942984,0.0005039675739507435,7.706563490816887e-05,107.60036429326989,0.008282293943236966,0.003050918769218991,130.9838102605114,-0.022066012327168205
seller_inventory_only,Seller inventory only,5.0,33,0.001943897321364105,0.0002841278361747492,0.0025204503038257497,68.52621222312801,0.0056864676023049635,0.002912638834772122,122.90791159223966,-0.03515842651404755
seller_inventory_only,Seller inventory only,5.0,34,0.008652487005742435,0.00023285567207303898,0.01851348250272067,25.603488407743697,0.0023521264339573253,0.00305453653761392,118.50406957870621,-0.05443327832593792
seller_inventory_only,Seller inventory only,5.0,35,0.001571729178344075,0.00037805669634800225,0.0015987129849905912,85.13633828765438,0.006665072806332822,0.0031991589698329463,131.5847611702267,-0.032955455230399666
seller_inventory_only,Seller inventory only,5.0,36,0.003955486198897666,0.0002194302242273235,0.006088512232176657,39.471542208792805,0.0035381720222698093,0.0030018778498722993,118.3759532920356,-0.04891103977394895
seller_inventory_only,Seller inventory only,5.0,37,0.0020848316121132326,0.00019561783912482527,0.0011000320761173077,24.616477901238166,0.002298858593473143,0.003004096692240339,112.77191021340336,-0.06942713304964154
seller_inventory_only,Seller inventory only,5.0,38,0.0038668821076727413,0.00023902878250368068,0.012130502826444456,99.37716862910264,0.007522745647389405,0.0030312515139068953,134.38017878512517,-0.03698183732095084
seller_inventory_only,Seller inventory only,5.0,39,-0.0002655648939230644,0.0004547815535262944,5.69530301935961e-05,97.54702084636439,0.007719960427265258,0.003089789076977108,123.86868782443682,-0.04671441211732841
seller_inventory_only,Seller inventory only,5.0,40,0.005006681188659614,0.00018671005223316577,0.016171236885155427,74.7391899354214,0.006036693800948573,0.003041986838893678,130.8501381645849,-0.03882494653444368
seller_inventory_only,Seller inventory only,5.0,41,0.0008271861761989043,0.00019915638659858716,0.0003057549912324209,44.98857212455624,0.004143200413141169,0.003041951545620587,111.14549290582649,-0.06335250045105623
seller_inventory_only,Seller inventory only,5.0,42,0.002420194870417547,0.00034140512375915324,0.005750910154670219,112.52641886395799,0.00868108693475162,0.00296359071808113,135.58105536688763,-0.038870170059959186
seller_inventory_only,Seller inventory only,5.0,43,-0.0007244782125784559,0.00039533941742596167,0.00012874651503613777,28.288042177868824,0.002378089139844232,0.0031051079904314853,118.5546868265148,-0.06214449035395031
seller_inventory_only,Seller inventory only,5.0,44,0.0032349329354846206,0.0002029913489055681,0.003971404183731542,41.487371614698894,0.0034912069830508982,0.003018763757256445,122.78893984612915,-0.02637986274497206
seller_inventory_only,Seller inventory only,5.0,45,0.00467164266298787,0.00014660728534474795,0.004291655765298552,20.628821168495968,0.0018573999858916101,0.003052385471389701,116.82785718685466,-0.05102521981056285
seller_inventory_only,Seller inventory only,5.0,46,0.002397089225034837,0.00022719041211590282,0.002426336382259975,41.23632944455608,0.0036891666542675575,0.0029468828798538006,117.58804860522324,-0.051956982891547376
seller_inventory_only,Seller inventory only,5.0,47,0.0008136431359460318,0.00017693424671883363,6.35706527645219e-05,10.885911676133704,0.0010315271904870785,0.0032605380542125926,109.90219487418693,-0.0640106455400049
seller_inventory_only,Seller inventory only,5.0,48,-0.0012509457956966113,0.00039186241831715173,0.0004149316044697038,29.92125081538645,0.002567605317701945,0.0031068981602467294,116.40086534490985,-0.03341906305870923
seller_inventory_only,Seller inventory only,5.0,49,0.0003674721288608966,0.0002015374607608774,1.750600605321395e-05,12.679458099832146,0.0011992855319810532,0.0030295908262128273,111.20008968180326,-0.04824792919606369
seller_inventory_only,Seller inventory only,5.0,50,-0.0024433256367685638,2.580542054564462e-06,0.00036163885327689105,5.920741257052867,0.0006218091584424673,0.003184191698257868,103.78669056274417,-0.08140721836443976
seller_inventory_only,Seller inventory only,5.0,51,-0.0015045202408433868,0.00035998772451535963,0.0004156304216645923,18.895155442022894,0.0016646333175440718,0.003003764373629328,114.44812086908087,-0.029548445914625576
seller_inventory_only,Seller inventory only,5.0,52,0.003557392345289896,0.00016578582313171445,0.0010621134750401495,8.809712642812407,0.000836621119269525,0.0031305495768364023,110.12038018562805,-0.048194532713308535
seller_inventory_only,Seller inventory only,5.0,53,0.0014538096399631126,0.00029034451065060155,0.0012224192754093366,66.65523267843159,0.005657508075824225,0.003121525078995684,120.7210222146756,-0.045134767105405094
seller_inventory_only,Seller inventory only,5.0,54,0.0009466528455332982,0.00031791625422364475,0.0003878814207357584,55.10462847687221,0.004720278662595979,0.003295262315864108,121.19374406023402,-0.04398465077224678
seller_inventory_only,Seller inventory only,5.0,55,-0.0022939607439853614,0.0007439736966894132,0.0026089230496952887,61.389974251656575,0.004770541892270453,0.00309856703092417,125.45274350993037,-0.032637392157944034
seller_inventory_only,Seller inventory only,5.0,56,0.003955037026034099,0.0002572689409772182,0.004233283490183037,26.026214577900276,0.0025200303934241226,0.003036917650802728,111.8962084465858,-0.06790125650777457
seller_inventory_only,Seller inventory only,5.0,57,0.0032878890976914535,0.0002482259605890578,0.003560433350847547,41.932060120872734,0.003838633935527128,0.0034006864494221852,116.92990619238222,-0.0526950371844761
seller_inventory_only,Seller inventory only,5.0,58,0.005843487760639914,0.0002791492176438183,0.010420345481585769,32.37952886681792,0.003017641192373681,0.003124424979012035,116.70771359510195,-0.060580792635265945
seller_inventory_only,Seller inventory only,5.0,59,0.004176585046965976,0.00028217705915899584,0.008913366545070689,53.387783698382144,0.004977519353701453,0.003108030668428343,119.53547714793787,-0.09328905420157496
seller_inventory_only,Seller inventory only,5.0,60,0.00334133802235212,0.00024639961951878714,0.0072990660439573585,75.45657194475311,0.006143971182960474,0.0030526537304621268,129.93244951628856,-0.030420771255419088
seller_inventory_only,Seller inventory only,5.0,61,0.0029210801081206435,0.00019728996592628531,0.0014948187296451865,19.030541533051565,0.0018061121073488485,0.0031955803917556474,111.51470077308014,-0.06847367012581118
seller_inventory_only,Seller inventory only,5.0,62,0.0008249252782364807,0.0003039881077597201,0.0002268016715963883,35.025810460119665,0.0029317001128234947,0.0029566594305752343,119.92826701305036,-0.03537668140412564
seller_inventory_only,Seller inventory only,5.0,63,0.00018159652966014632,0.0003607747167066198,1.0180897183076354e-05,32.873632644258,0.002772842001585742,0.0029874941044536673,120.64635624832687,-0.03570217655606689
seller_inventory_only,Seller inventory only,5.0,64,0.0021440977059484154,0.00019281137864939846,0.0007715160186027026,17.620699068277368,0.0016272657653958256,0.003098099395878093,114.91352107420988,-0.06158679943550294
seller_inventory_only,Seller inventory only,5.0,65,0.0010387630510997913,0.00029759712074571744,0.0005811184006154768,54.24760699491297,0.004509229957611577,0.002887813127250688,120.20899142392918,-0.023160830052728953
seller_inventory_only,Seller inventory only,5.0,66,0.006940379231315864,0.00018269555655458258,0.007388257374475793,14.97548566033646,0.0014085416919813595,0.0030026528646592988,113.95801053335131,-0.04414387734633951
seller_inventory_only,Seller inventory only,5.0,67,0.005439126416889777,0.00018528965881885453,0.003972135466862703,15.505368177170851,0.0014199829695825516,0.003225534606551957,113.4458864233394,-0.054939985630717
seller_inventory_only,Seller inventory only,5.0,68,0.002516758237431506,0.0002177737149701104,0.0015377541923613514,20.26601216028699,0.002089073597456582,0.0029218803270565996,107.55335493820368,-0.10132652181407664
seller_inventory_only,Seller inventory only,5.0,69,-0.0041205690119674124,3.0480654809777465e-05,0.0008014696309391889,4.582487845534405,0.0004660432693049436,0.0031239516936525874,104.37438811683954,-0.0792272300188499
seller_inventory_only,Seller inventory only,5.0,70,0.0030104596764144167,0.00024757833985399643,0.0023053317145846908,26.19458325545451,0.0025817956355037664,0.003172884781812751,110.04877730777254,-0.08303157004166639
seller_inventory_only,Seller inventory only,5.0,71,0.00033872321439722803,0.00034662734444255435,4.148960713290517e-05,42.57251387838545,0.003611132479573609,0.0031526632344502543,120.47187478128316,-0.035310182068798324
seller_inventory_only,Seller inventory only,5.0,72,0.0039693198870471335,0.00025238405367454596,0.008762360418331783,69.53356396886755,0.005915610041262822,0.003247427021028121,125.61613751066696,-0.07827753216227873
seller_inventory_only,Seller inventory only,5.0,73,0.004282281420870716,0.00030136556062876623,0.01219091883002199,84.20309683630929,0.007233722921965424,0.0032848027633259505,126.07161572129687,-0.06407866655435057
seller_inventory_only,Seller inventory only,5.0,74,0.0027189629743680534,0.00018428092745345262,0.00132987470612711,20.452674896121604,0.0017878541662510075,0.003136065435696298,115.3205854644434,-0.0478028794226274
seller_inventory_only,Seller inventory only,5.0,75,0.006362613040275122,0.0001751413231657326,0.016046305161897756,48.26708400065626,0.004120625735420835,0.003201694751316298,125.13686423305705,-0.04087314451707735
seller_inventory_only,Seller inventory only,5.0,76,0.0030373020330868297,0.0001902475122630551,0.001967593946959112,23.36296669875749,0.002123322391874312,0.0031401799441835663,115.05567122179922,-0.06137464156681649
seller_inventory_only,Seller inventory only,5.0,77,-2.7936038757901875e-05,0.0003274105270528189,3.3688857836722264e-07,50.93638654854576,0.004417722455684389,0.0031954631863090528,117.67824602007997,-0.05586456828368547
seller_inventory_only,Seller inventory only,5.0,78,-0.0034200838293176957,0.0004188716594685627,0.001517440470010567,13.431746769274348,0.001228863994256995,0.0030718129952684095,112.20208638506357,-0.061798719891286824
seller_inventory_only,Seller inventory only,5.0,79,0.0012442220375216402,0.00037298906174800873,0.0008624800632097696,72.82085589922609,0.005752791996810609,0.0032041915650788517,128.1761575862345,-0.028560904384791863
seller_inventory_only,Seller inventory only,5.0,80,-0.0004648924702791058,0.0002407906200856901,3.610190081082543e-05,17.386506627863948,0.0015865056030349995,0.0030743376339326094,111.80651593331699,-0.04509211205171548
seller_inventory_only,Seller inventory only,5.0,81,0.0038207270376096826,0.0001838813816005375,0.0030651560659586963,23.309424638107277,0.002106348739206609,0.0031498005637074,115.55564090595306,-0.06490077220454693
seller_inventory_only,Seller inventory only,5.0,82,0.0018121798269856734,0.00018977188927098753,0.0004409748653596557,12.312912061659794,0.0010922156647903717,0.0028334107191578402,114.72078882649332,-0.06378634305154929
seller_inventory_only,Seller inventory only,5.0,83,0.005041901520161981,0.00021020120647628215,0.008738883110774198,35.45499028682016,0.003172672401731965,0.0030207372326035028,118.72247893293093,-0.06566424501993595
seller_inventory_only,Seller inventory only,5.0,84,0.00016671384298082444,0.0004914690453015423,1.8149972600411957e-05,84.18340864247143,0.006488983761259223,0.0031459290582815567,129.09461527116193,-0.027789502755217743
seller_inventory_only,Seller inventory only,5.0,85,-0.00016517064953838076,0.00019525644355502275,5.32786269924479e-06,17.504620174387252,0.0016604717107380144,0.0029105677538371973,110.01075756343738,-0.05935387630114919
seller_inventory_only,Seller inventory only,5.0,86,0.005331552578578438,0.0002197078186081903,0.009975386852353219,41.89931738528241,0.0037573756785757393,0.003252653313334423,121.21974539851288,-0.07962647443294324
seller_inventory_only,Seller inventory only,5.0,87,-0.006311924679225339,0.0005208551015419302,0.003762052281971018,10.933058457968192,0.0009759625148189051,0.003212228805177179,109.93816137511098,-0.031342519798618795
seller_inventory_only,Seller inventory only,5.0,88,-0.000503229421678232,0.00048065848430252974,7.15213393676084e-05,33.52136117260064,0.0027009552707752457,0.003080220589791464,124.02089863876604,-0.03615856765426739
seller_inventory_only,Seller inventory only,5.0,89,0.0033133872487426464,0.00024354331098927197,0.004179810561946606,42.04047796527968,0.003846816162744898,0.0031669172556264367,116.58476180547747,-0.06411079912020701
seller_inventory_only,Seller inventory only,5.0,90,0.0007203822396391989,0.0004957516383795887,0.000503185102103676,122.4074066613626,0.009082593523446284,0.0030543337715487036,134.15865033079143,-0.04286122733337028
seller_inventory_only,Seller inventory only,5.0,91,0.004732494263783337,0.0002676327586546281,0.010417651386595339,47.978566970076756,0.004326984645720563,0.003035219031138597,119.38468629144427,-0.06425495885876631
seller_inventory_only,Seller inventory only,5.0,92,0.0011306434602244575,0.00029170975033024506,0.0005035255630763125,45.71247478527698,0.003884549104611333,0.0031324569554421738,120.11510617534528,-0.02678134774458385
seller_inventory_only,Seller inventory only,5.0,93,-0.0011375417771003777,0.00013991439471358911,0.00010125713104336409,7.472142108105241,0.000745752554439802,0.0030739989839808045,106.95702360328936,-0.07266884452176192
seller_inventory_only,Seller inventory only,5.0,94,0.003948561353096745,0.00024761162153242173,0.012381849140751688,102.75440773843582,0.007797743805339989,0.0031194505561099807,133.87359062037459,-0.04407333362568955
seller_inventory_only,Seller inventory only,5.0,95,0.0010595657762160293,0.0002887513478815036,0.0005391858358946289,54.84019337190756,0.0047433782151352286,0.003136876800353036,119.24233067406445,-0.050186550528756424
seller_inventory_only,Seller inventory only,5.0,96,0.0033049293382401393,0.00017910197926536553,0.002333070167564566,24.027486143745097,0.002123720950210854,0.0031360625896207574,117.15050671811483,-0.06113337286120024
seller_inventory_only,Seller inventory only,5.0,97,0.0026215810521754835,0.0002564048809239873,0.004237952984116555,62.5249182633011,0.005269509060914769,0.0029143433224847934,122.62336470347849,-0.027030197005321388
seller_inventory_only,Seller inventory only,5.0,98,0.002876173394837517,0.0002689817802799352,0.005336679076905271,78.9600257844789,0.006003525533734064,0.0030375534698486445,131.857000118386,-0.04381802403349455
seller_inventory_only,Seller inventory only,5.0,99,0.002596539175476149,0.00031518542789232785,0.004777164386990829,98.51842952230608,0.007352298383212777,0.0032085778525950447,134.92986374673362,-0.02494678034014075
seller_inventory_only,Seller inventory only,10.0,0,-0.004920259759188423,0.0003359932226360647,0.0034592562154420747,14.721732919726394,0.0013629624622233506,0.003091247395686052,105.81094867786445,-0.04447140376737002
seller_inventory_only,Seller inventory only,10.0,1,-0.0029258448704117053,-0.0004360307546010814,0.002355647594739274,23.01209879897505,0.0026221334507603553,0.0030875918219955487,89.10247682759399,-0.1641838043058188
seller_inventory_only,Seller inventory only,10.0,2,-0.005745286470576827,0.0008156745194237767,0.007548793769414086,27.636105121482625,0.0023065538436603476,0.003177404773726767,113.94061336224568,-0.06263376374954066
seller_inventory_only,Seller inventory only,10.0,3,-0.017468774430680824,-0.0003641371189993957,0.009425855128332716,2.6024265051782813,0.0002686161213805027,0.0029518907239134288,98.03644441958957,-0.06852628157722829
seller_inventory_only,Seller inventory only,10.0,4,-0.010930664233063589,0.0005503989364146098,0.0061715864344912275,4.922552294781583,0.0004550460887789825,0.002965290295859031,107.00384319265727,-0.058004909143345995
seller_inventory_only,Seller inventory only,10.0,5,-0.023536914236290674,-0.000950242864650389,0.013221452465642214,1.9334154497268081,0.00020420310537695323,0.0029177652715203185,93.999903551384,-0.06603899167682603
seller_inventory_only,Seller inventory only,10.0,6,-0.0008747718947414281,0.00013255848136287552,9.778277163441373e-05,11.875240347996012,0.0011683045634547366,0.003017537112289356,106.63699002682382,-0.06786208571152719
seller_inventory_only,Seller inventory only,10.0,7,-0.00029727575939802054,-0.00015091009059202342,3.7642091774259256e-05,40.25284197125158,0.004085213773305913,0.00309718790492506,92.9038683050376,-0.18184976569531874
seller_inventory_only,Seller inventory only,10.0,8,-0.015750047821657183,-0.00020608364211890294,0.006153504815438637,2.3080016232878213,0.00023331061412255728,0.003055617292415493,95.99942815248454,-0.06777268121020386
seller_inventory_only,Seller inventory only,10.0,9,-0.01708643120821436,-0.0008254903433595773,0.011395557695594638,3.2538281936681406,0.00035330942636457396,0.0030096129558697944,94.46915632934645,-0.08034320993100819
seller_inventory_only,Seller inventory only,10.0,10,0.0002640916124544854,0.00023186831906705938,6.074483238860395e-06,9.383734937532237,0.000859197314550236,0.0031195430039491047,112.87926163564727,-0.046987608805541425
seller_inventory_only,Seller inventory only,10.0,11,-0.0139613917548563,-0.0002408128575479426,0.007325338941788773,3.4234165636751235,0.0003520539294688134,0.0030637416919774493,98.6133629740253,-0.07782475969398439
seller_inventory_only,Seller inventory only,10.0,12,-0.005002939845433776,0.0005673499066520068,0.0038994458253504005,15.219522011781097,0.0013314340758711187,0.002921438280125165,112.14530633951826,-0.039122205887113015
seller_inventory_only,Seller inventory only,10.0,13,-0.011227384609464066,-0.0004777249295280499,0.00711422571930187,5.2622351158573,0.0005644233423831397,0.003165436207163539,96.85467440061768,-0.08616376563375672
seller_inventory_only,Seller inventory only,10.0,14,-0.010200622675848536,-0.00025548819866861406,0.005097447604081928,4.529723233836709,0.00047051181430243327,0.003100042957220358,96.45552963978292,-0.0824754561737634
seller_inventory_only,Seller inventory only,10.0,15,-0.0018553191484087853,0.0001475983787290123,0.00030641115693197385,8.279112965091697,0.0008121331166650367,0.003011895263461292,106.73628912236109,-0.07731403210446897
seller_inventory_only,Seller inventory only,10.0,16,-0.002997585701233839,-0.0003479481027144415,0.0009100014718487204,8.85773132102026,0.0009784056513972767,0.0030989251236924753,89.84614645885246,-0.11580897510291321
seller_inventory_only,Seller inventory only,10.0,17,-0.019885142542534883,0.00044506317465340783,0.010245006631352305,2.4295065926763146,0.0002358393946182846,0.0030171961570302896,103.45156242560483,-0.04617651112897392
seller_inventory_only,Seller inventory only,10.0,18,-0.006557562451762665,-0.0006253460913325272,0.004920277735690259,9.130760326431377,0.0010129016992955569,0.0029729891734536855,89.97766139647862,-0.11290027605371156
seller_inventory_only,Seller inventory only,10.0,19,0.0013510792482903102,0.00018635589778444602,0.0002132179335940787,12.312860573187601,0.0011191142455990392,0.0030788761561456796,111.88838036109354,-0.03894188574792978
seller_inventory_only,Seller inventory only,10.0,20,-0.008328196372947788,0.0004782842135181653,0.005743590056443537,8.462642932321739,0.0007719967631904077,0.003055701698644172,105.81895385049776,-0.04636572953705542
seller_inventory_only,Seller inventory only,10.0,21,-0.01022449888696489,0.0006610810096864639,0.004985492558808979,4.424748866290016,0.00040152923919590264,0.0028881759873976517,109.8422257681851,-0.042841068138528504
seller_inventory_only,Seller inventory only,10.0,22,-0.0014621410337945027,0.00014445957404240467,0.00013084967568333106,5.3834099321651285,0.0005243042273006844,0.002909973961480059,106.91106078240416,-0.05130425246854797
seller_inventory_only,Seller inventory only,10.0,23,-0.007220041802323118,0.00017319653608008687,0.0033710997387655928,7.248537110131591,0.0007010487101872456,0.0032932388144610394,103.78260860613716,-0.04576661605562493
seller_inventory_only,Seller inventory only,10.0,24,-0.013046837372729603,-0.0009343191911749734,0.011738767996764432,6.012276687434473,0.0006736458154798919,0.0031285151222185136,94.23413767286696,-0.1094940846179282
seller_inventory_only,Seller inventory only,10.0,25,-0.041273112466921405,0.0002436312545481385,0.019127924541554986,1.0333376990773433,0.00010250763102408418,0.0030139724469433397,102.38851028499114,-0.046830197254517536
seller_inventory_only,Seller inventory only,10.0,26,-0.023437616409500463,0.0002948819461854948,0.01085180652698381,1.9744287840416102,0.0001946363019968417,0.0031345569504689034,103.19110055272347,-0.06001448564768863
seller_inventory_only,Seller inventory only,10.0,27,-0.00762891300371033,0.0002396097241218365,0.0043394957722093785,7.4281047456389695,0.0007019067589471403,0.003071159361849641,102.1185675660887,-0.09534222071663734
seller_inventory_only,Seller inventory only,10.0,28,-0.00818574137677834,0.00012632379464510402,0.002888614893446273,4.17003009731378,0.0004127984105023648,0.0030868314024722196,104.3693148785003,-0.055981120501757076
seller_inventory_only,Seller inventory only,10.0,29,-0.005007259548357862,-0.00028977839869938067,0.003413955597888485,12.599169740190792,0.0013559851364422712,0.003158819694566667,96.30369591680926,-0.1287301264734103
seller_inventory_only,Seller inventory only,10.0,30,-0.007943379754866742,-0.0002200997957276079,0.003577277395157452,5.128512747284794,0.0005358766500156982,0.0030698158320498882,100.70967267514374,-0.07419789065553783
seller_inventory_only,Seller inventory only,10.0,31,-0.009770996351685357,-0.000894296883207324,0.008747775177592843,7.66572411015636,0.0008642157429379791,0.0030699193862551003,90.04347001764958,-0.10897266694420016
seller_inventory_only,Seller inventory only,10.0,32,-0.0064146615077904515,-0.00035840244146786163,0.003293254007744162,7.331210651948079,0.0007795803114577713,0.003119759180356553,93.45158495884237,-0.1035370863989935
seller_inventory_only,Seller inventory only,10.0,33,-0.004652628767382087,0.0002909459138779432,0.0028321989144705073,12.402142778440448,0.0011639629411490354,0.0029845348975431067,106.0155771719873,-0.05301524361378851
seller_inventory_only,Seller inventory only,10.0,34,-0.006415652439528778,0.0005998536173976145,0.0037952104564279443,9.209850704932315,0.0008438412156595097,0.0030186386761655143,111.70442255879588,-0.05333608419618907
seller_inventory_only,Seller inventory only,10.0,35,-0.01039696626970982,8.206079352564012e-05,0.00333616172386908,3.04059798562203,0.000298063273243382,0.0030929008461671723,104.22016893236176,-0.031895077324581744
seller_inventory_only,Seller inventory only,10.0,36,-0.02253977043402099,0.00022103590834704237,0.01060582396989218,1.8650347236821136,0.0001843896442950158,0.002969834314015512,102.57032535600513,-0.0540782736365959
seller_inventory_only,Seller inventory only,10.0,37,-0.0061200545765445254,8.086615639750871e-05,0.0025312446717548065,6.162996990128615,0.0006122123008338313,0.003008934205676997,103.16578192865892,-0.04600311018704295
seller_inventory_only,Seller inventory only,10.0,38,-0.0036476424648206433,0.0004288044068252865,0.00241828767081409,21.11649240785234,0.0018731645624057167,0.003210144135706841,111.02632391460558,-0.03293147608031044
seller_inventory_only,Seller inventory only,10.0,39,-0.005648293971256742,-0.000943084596281505,0.010184191583504254,24.89052874437927,0.0029786454110238454,0.0030566311264411212,86.29367211200827,-0.1935289807375502
seller_inventory_only,Seller inventory only,10.0,40,-0.007236181610696494,9.889956527519314e-05,0.0027198862438256866,4.840442775802554,0.00048666382458212667,0.003056594867149132,103.8231141714403,-0.08160443441453824
seller_inventory_only,Seller inventory only,10.0,41,-0.0066653699450711194,0.00030005373432566765,0.0037591743880753814,9.047605738862854,0.0008449788070579308,0.0031621333256750665,104.91877444001969,-0.054681090022138945
seller_inventory_only,Seller inventory only,10.0,42,-0.005495547064241141,-0.0003961540362639125,0.0036220708588742268,11.534587107737178,0.0012698247252351438,0.003255838769636398,93.28544701937341,-0.1198297440674474
seller_inventory_only,Seller inventory only,10.0,43,-0.0009506501466010486,-0.000147490112923758,4.063706737944539e-05,4.185031671273749,0.0004369519416014656,0.0030889586534055265,93.11518156667628,-0.09822098881072727
seller_inventory_only,Seller inventory only,10.0,44,-0.0017496066976036959,-0.0002654411263520188,0.0008905207820072425,27.00251173005535,0.002924183077721944,0.0031713657469970634,91.20214592449565,-0.15637834174089138
seller_inventory_only,Seller inventory only,10.0,45,-0.00531902753875226,0.0003361958408806089,0.00372533350125559,14.212333855199315,0.0012702518521808448,0.003106391372939899,102.21541411412944,-0.09441779301027209
seller_inventory_only,Seller inventory only,10.0,46,-0.01522603069715624,-0.0002152728745167604,0.006935022254919598,2.648890356670906,0.00027298345883447283,0.0030167702351106213,100.9966910063934,-0.059961907632317124
seller_inventory_only,Seller inventory only,10.0,47,-0.006818564763162162,0.00010210786255130873,0.0019387013551714904,3.7796858574362484,0.00036207985695165456,0.002930423777234467,97.43485149409504,-0.0921076635032606
seller_inventory_only,Seller inventory only,10.0,48,-0.005709799673837006,0.00034056170207902493,0.003464361799421334,11.361309758974384,0.0010734536540854447,0.003180245751440765,106.13962691561375,-0.05637743788692384
seller_inventory_only,Seller inventory only,10.0,49,-0.007879697503876648,0.0001275348996663811,0.003229798267838646,4.828129838462297,0.0004707139070307103,0.003005650752942653,103.70143357881705,-0.056293954897255305
seller_inventory_only,Seller inventory only,10.0,50,-0.009799923003592687,0.0003621117398721662,0.005874989171190337,6.224314869478781,0.0005848359332647817,0.0030950695605004405,103.04831505829483,-0.07185550553205411
seller_inventory_only,Seller inventory only,10.0,51,-0.011696767948439286,0.00030327540097834887,0.005656749019124385,3.9390912378681784,0.0003776829568588644,0.003021322153212423,104.22591050608686,-0.036606587852811456
seller_inventory_only,Seller inventory only,10.0,52,-0.0019171448403163171,-0.0007005763488138431,0.0014610696348245078,30.432926480095986,0.0038277101106674073,0.003096056744879576,79.17837493142322,-0.2288042967691829
seller_inventory_only,Seller inventory only,10.0,53,-0.024666206497661165,-0.0007661495509037093,0.013297993166938027,2.1097518993774664,0.00022413510872067695,0.0032005090820274936,95.49825217623355,-0.06592343903251452
seller_inventory_only,Seller inventory only,10.0,54,-0.013235905687477314,0.0001015124340614294,0.006513349252738165,3.5923180708078957,0.0003530638544300539,0.003083454201998554,99.6289481326165,-0.081650871884556
seller_inventory_only,Seller inventory only,10.0,55,-0.0038660437533150015,-0.00014340469995281402,0.0007895789116344476,4.953122362078551,0.0005064856454985826,0.0030820143944831784,94.21130746276586,-0.09515994884779289
seller_inventory_only,Seller inventory only,10.0,56,-0.011397164083176054,-0.00024062581589594107,0.004789888759610728,3.5854746525210675,0.0003697900563500007,0.0031615446386420772,95.64377189544614,-0.07611884267590208
seller_inventory_only,Seller inventory only,10.0,57,-0.013075357641762642,-0.00041544574891184656,0.006693186942671403,3.5172151108340386,0.00037125885443643856,0.00307842901922849,95.41872266789551,-0.0760668967657101
seller_inventory_only,Seller inventory only,10.0,58,-0.005964600820193373,-0.00016282532433665043,0.0016029503262124933,4.3710326230568795,0.0004549871144709481,0.0031642614987751326,94.45835056628614,-0.08180936024155927
seller_inventory_only,Seller inventory only,10.0,59,-0.014070818870543235,-0.00017344471377995908,0.00694501672766179,3.3119746619693506,0.0003395949062272475,0.003112536280942632,100.22574960795922,-0.07149967899276444
seller_inventory_only,Seller inventory only,10.0,60,-0.011773914487563862,0.0007537503512519576,0.008615956114557566,6.074675247284388,0.0005621518304940365,0.0030074941899935707,107.7671942194035,-0.04315762276988433
seller_inventory_only,Seller inventory only,10.0,61,-0.011984015307372189,0.0005650868506203397,0.00810475912277353,5.68283369453454,0.0005232364433252808,0.0030471854426818907,103.0681364925737,-0.07071161746537002
seller_inventory_only,Seller inventory only,10.0,62,-0.003737454213767577,8.929003235772568e-06,0.0011060019037644198,7.0970340516799135,0.000691792789985582,0.0029499496664220108,97.22510995515816,-0.09156546574204227
seller_inventory_only,Seller inventory only,10.0,63,-0.0030788072719033855,-0.0003049670617558019,0.0014481643684131074,13.813091747834404,0.001466962893606419,0.0030974515102933785,91.60835530440391,-0.11579943053517916
seller_inventory_only,Seller inventory only,10.0,64,-0.025513533835408324,0.00020662685309624982,0.012710479258224772,2.084249552822007,0.0002065059739150779,0.0032542366651595682,101.52392438932567,-0.04019312710261491
seller_inventory_only,Seller inventory only,10.0,65,-0.023068430319124346,-0.0003249142532399768,0.011526323398112437,1.8367343091070667,0.0001885958801719143,0.0029505952632445,100.010506417226,-0.0446981338058553
seller_inventory_only,Seller inventory only,10.0,66,-0.006371082155104861,-0.00012685041425086312,0.0023441036630786893,5.813823850157889,0.0005911708546753219,0.003195182254254633,95.74197947664301,-0.0919855795322122
seller_inventory_only,Seller inventory only,10.0,67,-0.0002349257848910734,0.00011345431559830015,5.46578378923801e-06,8.706874468878095,0.0008764816641884794,0.0029634862810459313,105.93019447163302,-0.08389028666177745
seller_inventory_only,Seller inventory only,10.0,68,-0.028586261387547617,0.0009462275711994533,0.017034322112204348,2.1693549410492174,0.00020684715363268044,0.0031531912941761106,103.27721009463491,-0.04622109137542918
seller_inventory_only,Seller inventory only,10.0,69,-0.007988733390440256,0.00036170075223987386,0.004005291549135426,6.719761639260884,0.0006188114348450085,0.0031328959903902404,100.0148305807948,-0.09873768113822445
seller_inventory_only,Seller inventory only,10.0,70,-0.0030322143418041246,0.00016127690978444444,0.0012480030987009894,12.654913497878393,0.0012358395253347417,0.003017609268829005,105.39145246718644,-0.04825080379573121
seller_inventory_only,Seller inventory only,10.0,71,-0.0080456072195422,0.001216938019980571,0.014467565135538263,26.84269464802946,0.0022179916001867,0.0031524645368420723,115.19324416214612,-0.050590954383841646
seller_inventory_only,Seller inventory only,10.0,72,-0.003618349017271735,0.000337215753602659,0.0007799563726912373,6.225186130052263,0.0005664045774855796,0.003064299324984182,110.64323146270364,-0.04448146392227814
seller_inventory_only,Seller inventory only,10.0,73,-0.015895434907142757,-0.00039028477318181194,0.008228321512485537,2.9900504782497657,0.0003142719374390876,0.003105551921345243,99.61731134177465,-0.07520972669439163
seller_inventory_only,Seller inventory only,10.0,74,-0.0011662939214176445,-0.0001478499610313212,0.00021823047502034232,16.318513144749975,0.001689463990011842,0.0032418150422587567,93.41301834501922,-0.1499655826417533
seller_inventory_only,Seller inventory only,10.0,75,-0.0031192527170540493,0.0003769857609470408,0.0015877606077930873,16.88587346212781,0.0014815549734995734,0.0030105253721602675,111.1444231392585,-0.03840986101047783
seller_inventory_only,Seller inventory only,10.0,76,-0.010034570100436464,0.0005114160202004002,0.0061671849794258105,6.661661070625152,0.0006136780184097192,0.003166506790104081,106.08690445746021,-0.0694002532843947
seller_inventory_only,Seller inventory only,10.0,77,-0.012170299712304372,0.00018063448684727494,0.005716373837210353,3.687008462029254,0.00035767936897914716,0.003042785831448552,99.28771672048751,-0.07422099677829153
seller_inventory_only,Seller inventory only,10.0,78,-0.00969686956747939,-0.0007318107943361652,0.007684177420215321,6.950273131783692,0.0007717679179952851,0.0030736028202492864,91.97637590543249,-0.09903123632638067
seller_inventory_only,Seller inventory only,10.0,79,-0.0009389321714889405,0.0002007447926099157,0.00014719177527622307,16.025660932398022,0.0014750327257023787,0.0029677354407447523,109.18273303524042,-0.06856940235376852
seller_inventory_only,Seller inventory only,10.0,80,-0.0032315336922600175,2.346115020762886e-05,0.0016003207841583933,13.624154375264776,0.001324461647478891,0.0029425371237432347,99.78626602632615,-0.12785545307386292
seller_inventory_only,Seller inventory only,10.0,81,-0.014634208614236243,-0.00048336862843024954,0.008122214374565173,3.383791213286255,0.00036262577755344784,0.0030933630790396173,95.87173359188921,-0.08398175801637642
seller_inventory_only,Seller inventory only,10.0,82,-0.03808226518838616,-0.0009061596773092459,0.020652992607773868,1.2858131713981031,0.00013300444441272203,0.003056922555958068,96.85646494363579,-0.06007464676319629
seller_inventory_only,Seller inventory only,10.0,83,-0.012061627273866482,-9.116095532771608e-05,0.005916992098221052,4.0780255569688535,0.0004143249316217846,0.0031939953479622743,98.42157788416729,-0.068557899243606
seller_inventory_only,Seller inventory only,10.0,84,-0.008683252462862208,0.0003430055871763784,0.005303350303200283,7.296277266557465,0.000678033622809807,0.003107631373958767,102.61672069832291,-0.0718030993044736
seller_inventory_only,Seller inventory only,10.0,85,-0.006268412392378769,-0.0005165886447839904,0.0050154767825374424,9.760566215352977,0.0010813056288716768,0.002911729660950402,92.14969310343199,-0.1032966239274421
seller_inventory_only,Seller inventory only,10.0,86,-0.010176722091189104,-0.00048935612023699,0.006810849047498957,5.790274712766767,0.0006273311874319767,0.0030916505715019673,96.03855680269642,-0.10124144657011336
seller_inventory_only,Seller inventory only,10.0,87,-0.010959870041226153,-0.00037590701474363305,0.005587464039851886,3.879162263605517,0.00041362887630823055,0.0029809181143758724,95.21553505894917,-0.08459939389634019
seller_inventory_only,Seller inventory only,10.0,88,-0.004613969442019576,-0.00022441597627214342,0.0018793274704193008,8.28764402301611,0.0008601859801520089,0.0031195340106180683,94.1593561349243,-0.09842467606369931
seller_inventory_only,Seller inventory only,10.0,89,-0.00550734980978709,-0.0001621618794882839,0.0014176064626881812,4.057679529690325,0.00041681651372927253,0.0029733261515738716,94.53226979125054,-0.08610731193223764
seller_inventory_only,Seller inventory only,10.0,90,-0.017421533693420543,-0.0005050186131701185,0.008927599069530556,2.669363044926832,0.00027935181731306293,0.0030798192038196215,95.5902579566332,-0.08490849211694873
seller_inventory_only,Seller inventory only,10.0,91,-0.005608078448182276,-0.0009839376133731947,0.011678066850541069,27.693651916251255,0.003367814259064879,0.0030140388353849116,86.1860751653553,-0.17073253637383634
seller_inventory_only,Seller inventory only,10.0,92,-0.003268843669693654,-0.00020082472092936585,0.0011606316342587242,10.75824835935141,0.0011190234827034508,0.0032073313528924855,93.6573413998049,-0.12009214995618689
seller_inventory_only,Seller inventory only,10.0,93,-0.016513687273962054,0.0001511155330332065,0.008161782680558782,2.8802153421301813,0.00027891901966165005,0.003054239094164601,99.74996493855197,-0.07683677611844286
seller_inventory_only,Seller inventory only,10.0,94,-0.010256221598883938,-0.00043256851270646933,0.006019037791142101,5.246797344661922,0.0005531147551119016,0.003110845754454527,95.29017882920647,-0.08259741108397034
seller_inventory_only,Seller inventory only,10.0,95,-0.010400922150285626,9.398377838287081e-06,0.005053348836204563,4.673036725376869,0.00046790146965487787,0.003167097650188391,101.0852871926802,-0.08228036012304529
seller_inventory_only,Seller inventory only,10.0,96,0.0011842176648616282,-0.00014907010485013428,8.955647535957567e-05,6.026635554980041,0.0006206077232538389,0.003092758195093577,92.77343662376143,-0.11209843184527035
seller_inventory_only,Seller inventory only,10.0,97,0.002091291055430465,0.0001803890513659605,0.0006145100729421094,14.316441901743532,0.0012762922205148829,0.0029969323018625834,113.61787246819624,-0.031146006721064046
seller_inventory_only,Seller inventory only,10.0,98,-0.014037802212960684,0.000541110519771649,0.008780887606805399,4.294430673753408,0.00040175154606426954,0.003005677649370876,103.51941756694266,-0.043842357000868803
seller_inventory_only,Seller inventory only,10.0,99,-0.004735999147736249,0.00041345905075530683,0.003920251993146495,17.4224385193103,0.0015957866137867374,0.003024204721369912,107.49824145443444,-0.056002862853667845
both_constraints,Both constraints,0.5,0,-0.016524500320562272,-0.00020853341998741505,0.007755282985941081,3.5399669847298894,0.000361446999066748,0.003566328093384987,96.98519318654009,-0.06183433467409072
both_constraints,Both constraints,0.5,1,-0.012547432878589379,5.087648378078926e-05,0.006256075688405693,4.652830720565319,0.00045823604178455655,0.0033990712381114425,100.77776312086894,-0.08574417678531854
both_constraints,Both constraints,0.5,2,-0.013203687455533767,0.0001295982631034417,0.004596365694361171,3.552812806457607,0.0003526420350695157,0.0036399300486565722,104.87020992609321,-0.06779360828382264
both_constraints,Both constraints,0.5,3,-0.021360747699117704,-0.0001183799541179013,0.010308559048465171,2.769815677683787,0.0002794933537925067,0.0035178807738018045,98.12460553466524,-0.0721979169054422
both_constraints,Both constraints,0.5,4,-0.008209562175109618,-8.650130848614447e-05,0.003659829703725803,5.825579028156717,0.0006124075784696621,0.0033571642281513617,101.44755355622611,-0.11146765673810488
both_constraints,Both constraints,0.5,5,-0.007554786662000355,1.0119229916433476e-05,0.0035763296924214982,6.997424440767898,0.0006889094703576389,0.003317574266673758,98.70988283352051,-0.1058676190576775
both_constraints,Both constraints,0.5,6,-0.031966634624116766,-0.00011604593542558731,0.015907334650444027,1.688648434436898,0.00017098025845295472,0.00331667778384413,100.25746393570978,-0.05474754055059183
both_constraints,Both constraints,0.5,7,-0.011816740449760135,-0.00013686919087102484,0.004889157034255298,4.36972594863556,0.0004370518003193638,0.0035276709250279376,96.24492473237737,-0.08732519697298602
both_constraints,Both constraints,0.5,8,-0.02528091983786903,-0.0004049407601004612,0.012912255524566874,2.0321427755760757,0.00020778570319117016,0.0032081185443889816,99.59735348186462,-0.06627092978776505
both_constraints,Both constraints,0.5,9,-0.014315907646837293,-4.974989429168239e-05,0.006199464941557431,3.22682799106656,0.00032505688700845583,0.0032737291719796596,102.13367743822224,-0.08609907347208146
both_constraints,Both constraints,0.5,10,-0.012849398988923814,-4.575015958072596e-05,0.006372867277066985,3.7295338981045894,0.000375083513645019,0.0031199631395973488,100.33957955077636,-0.07656420617448068
both_constraints,Both constraints,0.5,11,-0.018379537660830236,-0.00032982734435366796,0.009354872323991015,2.87728061678392,0.00029741044361585587,0.003278054398927702,99.70183054665875,-0.07025757846574188
both_constraints,Both constraints,0.5,12,-0.009662680961282867,2.4665496840647467e-07,0.0040954165978743795,4.5816297361568,0.0004614903363169062,0.0032410799373456885,102.40834644447337,-0.07690507938730617
both_constraints,Both constraints,0.5,13,-0.03959190274410382,4.4251997667762985e-05,0.019067644404146322,1.45819859862161,0.0001463040833413604,0.0034662877145367993,101.53369032216929,-0.05667678726165104
both_constraints,Both constraints,0.5,14,-0.03177364734784514,-0.00017098169895598406,0.01524566337610378,1.8151994290653157,0.00018293668266919233,0.003479034714605996,97.99303641249821,-0.06250502379398859
both_constraints,Both constraints,0.5,15,-0.02948774331953428,-9.931428887648574e-05,0.014760102055042856,1.9133416921665682,0.00019376614120083363,0.0033819233660168833,99.5228212975282,-0.049384679192762126
both_constraints,Both constraints,0.5,16,-0.02465870317712785,-0.0004783466096720022,0.01199669172100215,2.240221128271777,0.0002304580206181717,0.003414781598446771,96.35910354281664,-0.06441178183544238
both_constraints,Both constraints,0.5,17,-0.0063371908650825225,-0.00011063810550096606,0.0029425324690300902,7.647135105973839,0.0007973155348166458,0.003298810686537375,100.80949804488993,-0.07462488595123773
both_constraints,Both constraints,0.5,18,-0.008509427255258288,-9.0996570838882e-05,0.0038316679356162897,5.861834940140407,0.0005855001731915954,0.00332647346138259,97.24380686174459,-0.10340637222323767
both_constraints,Both constraints,0.5,19,-0.007463699619878658,2.3458646776911098e-06,0.0035327847712931515,6.978511345777519,0.0007056914114380527,0.003337686284618335,98.63931627537508,-0.09711364991029392
both_constraints,Both constraints,0.5,20,-0.015778466025003227,2.6770276733823888e-05,0.007461484804576535,3.3790057353799856,0.00034274432251806377,0.003382044249058095,101.72866558757063,-0.07658575733826212
both_constraints,Both constraints,0.5,21,-0.019888713752464423,-0.00038862411963848923,0.009705207354098744,2.6291030970704767,0.00027384315853175013,0.003337742570588905,100.31267713121666,-0.05881308155159326
both_constraints,Both constraints,0.5,22,-0.03147615762404322,0.00018115873340222665,0.015820135376018007,1.760194458914585,0.00017595283044398165,0.003322834954515974,100.59308292313597,-0.06416447864994124
both_constraints,Both constraints,0.5,23,-0.003849782904351845,3.816393426822935e-05,0.0011579509695884838,8.23362489219902,0.0008410442270799226,0.0032755470004661833,103.83063386862244,-0.09953414207489475
both_constraints,Both constraints,0.5,24,-0.028864727428153512,0.0003479107609509002,0.014616911497974394,2.1955677744555793,0.0002139543431932933,0.003494714557458569,100.39872058022502,-0.07046273763654831
both_constraints,Both constraints,0.5,25,-0.01694651258691177,0.00013605882793120788,0.008487577675474589,3.086887231983446,0.00030563216268192193,0.0032186490777516875,101.2520847144886,-0.08457562496587134
both_constraints,Both constraints,0.5,26,-0.024853211003662237,-0.0001887051370990903,0.012540665005121743,2.151516488471896,0.0002198631212689678,0.003294071101117338,99.32739320086056,-0.05439892606434682
both_constraints,Both constraints,0.5,27,-0.023921315747488837,-0.0001311167251053823,0.01197947151627976,2.6526645151722232,0.0002681687725398122,0.0035824018467254643,99.89684107016767,-0.05622994139099269
both_constraints,Both constraints,0.5,28,-0.030728352765224135,-9.686067627764995e-05,0.015378660152228218,1.760178046574329,0.00017627164231260779,0.003293025331165573,99.90189284045113,-0.04984085673430205
both_constraints,Both constraints,0.5,29,-0.01363921652993302,4.609168946416835e-05,0.006811030266545615,4.136301293835123,0.0004074586286718313,0.0033392230554185366,100.61385584415802,-0.06174721879269707
both_constraints,Both constraints,0.5,30,-0.010498473969089888,0.00017870813177635182,0.004093482481035582,4.465419984622305,0.0004275158251871987,0.0033827202503052783,97.99284703833042,-0.08443443336441891
both_constraints,Both constraints,0.5,31,-0.015104052449039358,-4.637939852978511e-05,0.006809265505843931,2.9802504955928697,0.00030397368126801766,0.0031888982912522635,101.77520793774704,-0.062334442774448884
both_constraints,Both constraints,0.5,32,-0.024667711234627687,-0.0002655366880262559,0.012026737826036249,2.0766491206701327,0.00021066544844699088,0.0032647464461836168,97.68430087784682,-0.06776198822135615
both_constraints,Both constraints,0.5,33,-0.03929028013680965,-0.0008820350330399018,0.021334421225256084,1.3995551333229699,0.0001472040728670546,0.003266921330263416,97.93053551283987,-0.06351684447697936
both_constraints,Both constraints,0.5,34,-0.007054561896295265,3.42693689010029e-05,0.0027791705474817796,6.731054043472603,0.0006754489873057232,0.003474637300909756,103.23581272466285,-0.07128622425168918
both_constraints,Both constraints,0.5,35,-0.03592982582889884,1.9706361650659233e-05,0.017349566413190187,1.5881031987823255,0.00016034758652058918,0.0034531845089166555,98.70158117128582,-0.07455102508547051
both_constraints,Both constraints,0.5,36,-0.022819600398413357,-0.00019846570330863121,0.011019882353901056,2.4912994281172574,0.00025218893172573355,0.003452138112735304,97.7734186797717,-0.06505107146398748
both_constraints,Both constraints,0.5,37,-0.012904120218700518,9.598723249786073e-05,0.0064932351182105386,5.195106230660398,0.0005058747171168362,0.0036054049056561785,100.65416065841109,-0.06134669297088291
both_constraints,Both constraints,0.5,38,-0.017890464044622318,-0.000120723599041545,0.007394916138919072,2.6615904008445996,0.00027121934474932653,0.003416752566260285,96.58000930514044,-0.08307953522796196
both_constraints,Both constraints,0.5,39,-0.02359968687835052,0.0006253183057981633,0.013023383478594885,2.8171542362424766,0.0002694076232244316,0.0033976916660202407,102.48588572886666,-0.06531084821769084
both_constraints,Both constraints,0.5,40,-0.03601670500868384,-0.000534878376302127,0.0185410190045322,1.534324870855264,0.00015846314783652865,0.003332078573399357,99.2256130844502,-0.06417435913566849
both_constraints,Both constraints,0.5,41,-0.01433429253146529,-5.75149145410809e-05,0.00561909503712299,3.220266285611934,0.0003232758471428556,0.003428114427689409,96.58065077743491,-0.0760388969750222
both_constraints,Both constraints,0.5,42,-0.02072924069456191,-3.2356328211496806e-05,0.009710953963490976,2.434590239992536,0.00024302459924151982,0.0032778625336517334,101.57121659344415,-0.05480744915662439
both_constraints,Both constraints,0.5,43,-0.029789159155134103,-0.00012263119382018643,0.01366973299582741,1.7283913473830825,0.00017523805407980363,0.0033666936731382782,101.71000476950704,-0.04840279777513412
both_constraints,Both constraints,0.5,44,-0.0173345968441432,6.666581354777395e-05,0.008620770357990915,3.3959516157395484,0.0003353937311706573,0.003422173493772071,100.9114822815946,-0.06553552118774075
both_constraints,Both constraints,0.5,45,-0.040658819496034705,0.0002094267797880728,0.020417131181998838,1.3613500549965947,0.00013487815208216208,0.0033079723002573886,100.54753169586678,-0.0508612405551091
both_constraints,Both constraints,0.5,46,-0.01488709950941227,-0.00022222207029183025,0.007004432002678751,3.3726499752287684,0.00034353348116675995,0.003296037248918982,96.8926193169006,-0.08263970035923063
both_constraints,Both constraints,0.5,47,-0.05782669616625527,0.00011256810065814054,0.02865241448032607,0.8858577597618493,8.809456582422026e-05,0.0032077946851982843,99.49993010095358,-0.04091913538201941
both_constraints,Both constraints,0.5,48,-0.022858086005483138,-2.19215682208655e-05,0.011235073599880518,2.367133339163313,0.00023684519919778404,0.0033207989988555285,100.81759467801312,-0.06225389886517696
both_constraints,Both constraints,0.5,49,-0.022643069492326244,0.0005165658917770736,0.012091393120578164,2.9423507015171606,0.00028243296705142564,0.0034633659969186036,101.39775291677876,-0.04164741247409798
both_constraints,Both constraints,0.5,50,-0.010189275398185019,0.00011129090401500297,0.0049472628593477674,5.2404674011176455,0.0005030919582679185,0.0032506079345409017,99.47770774133436,-0.09872383329253409
both_constraints,Both constraints,0.5,51,-0.007351901281798973,-0.00028269596650873,0.0033245546948070803,6.048661025437242,0.0006315608114435005,0.003202288868645035,94.5938290921145,-0.08538075181566485
both_constraints,Both constraints,0.5,52,-0.017283499750443305,-0.00039239736940682447,0.009085571056482666,3.222548267133013,0.00033474399580620483,0.0033199046690061914,97.14017518640598,-0.06970487202417941
both_constraints,Both constraints,0.5,53,-0.021984402769439436,-0.0005212361891275167,0.011817990655038746,2.682894729283767,0.0002800137835667551,0.0033870985027805852,97.39843783770266,-0.0624920196815284
both_constraints,Both constraints,0.5,54,-0.018673447931632416,9.52660548936851e-05,0.008690797427927444,2.676434093179881,0.0002669438854162744,0.00327133511394022,102.24136772691286,-0.07426577596483963
both_constraints,Both constraints,0.5,55,-0.01013868752065434,0.00013571514394351405,0.005086626363346558,5.815633430714955,0.0005712112734880256,0.003400496142903147,101.86314569860556,-0.05417776348591519
both_constraints,Both constraints,0.5,56,-0.013845411933573686,4.0764966760781934e-05,0.006442296496312561,4.025080395627987,0.0004067174629079774,0.003478714061716891,102.068873532818,-0.07899211012621843
both_constraints,Both constraints,0.5,57,-0.0208752890281097,5.8402930432288826e-05,0.010368949107449899,2.91532119340284,0.0002903033203856171,0.0034958343534087478,99.6092930171925,-0.06641926694998468
both_constraints,Both constraints,0.5,58,-0.027546344690979746,-0.0005012154045827488,0.014417756292582684,1.8995818498994506,0.00019595718988854612,0.0032135504086089036,99.06368873660045,-0.06411392188736875
both_constraints,Both constraints,0.5,59,-0.015158356724859054,-0.00017161262367410324,0.00749973462417286,3.4452875213734138,0.0003507423584331315,0.0032801574319086015,98.00456193228705,-0.0733174018305851
both_constraints,Both constraints,0.5,60,-0.01126666149460088,0.00010117081023534402,0.005142156315558255,4.71900086990598,0.00046350392472950275,0.00338139663273507,98.64387644271713,-0.08598866151441453
both_constraints,Both constraints,0.5,61,-0.00863640609847156,5.47633020751914e-05,0.0023362429067103063,3.1448990674153734,0.0003171076828184548,0.0031617941175131267,104.51516098849079,-0.06980522151269508
both_constraints,Both constraints,0.5,62,-0.015011937759874151,-7.218636393645625e-05,0.007400426493661572,3.5476660781830023,0.0003586735014971766,0.003307406973968803,98.7604919060761,-0.08044277660863042
both_constraints,Both constraints,0.5,63,-0.017119204874838354,-0.00020806408447187428,0.007119697887805976,2.659932659512941,0.00026737773505220575,0.0033086888907108525,96.18365832269137,-0.07235471156157636
both_constraints,Both constraints,0.5,64,-0.013505417034407809,-4.853807848278205e-06,0.00631231732547366,4.006559146157157,0.00040454775837773024,0.00341913187453724,101.70131230348107,-0.07890838530519673
both_constraints,Both constraints,0.5,65,-0.01970431013209881,-0.00025549142973774316,0.009464277782111674,2.5137984064245185,0.0002575387788397478,0.0032487203813024116,100.62289740202048,-0.059350017923991305
both_constraints,Both constraints,0.5,66,-0.039760270227405525,0.00038840881084016717,0.02021831068372748,1.27028367947523,0.0001246226023795021,0.0031245642781660026,100.70100220555696,-0.050007341513764514
both_constraints,Both constraints,0.5,67,-0.019113258336602292,-7.269457038228264e-05,0.009545544947964002,2.873225945227269,0.00029056435222095996,0.0033378474281033576,99.29673433372565,-0.07767945911112217
both_constraints,Both constraints,0.5,68,-0.005337692700013892,-0.000206276150310163,0.0013043652200671607,4.98249494816517,0.0005178485810811823,0.0033468182936945536,93.40659052536094,-0.10473578281680951
both_constraints,Both constraints,0.5,69,-0.02792187375715875,-0.0003662271064931216,0.013447158412550841,1.8820722063401665,0.0001912757474505872,0.0033277624947542863,97.13122746566285,-0.06237487380408124
both_constraints,Both constraints,0.5,70,-0.010786540460700501,0.00015044933669475032,0.005070799671108461,4.933730700874052,0.0004769343754635719,0.0033074449852375756,99.17236460331445,-0.09902458863902552
both_constraints,Both constraints,0.5,71,-0.021875909230476043,8.193957517959964e-05,0.010644192661370733,2.4264720105100697,0.00024014139324556017,0.0032868472917261245,99.16884351986201,-0.05669729665962442
both_constraints,Both constraints,0.5,72,-0.010410892006025093,9.631605390730025e-05,0.0052011446522066684,4.597927740573509,0.0004541192197166246,0.00307901623147818,101.36873194371489,-0.10148071466232622
both_constraints,Both constraints,0.5,73,-0.014273735799930796,0.0001230048924329742,0.00720784919974804,4.112376700180886,0.00041043857155779263,0.0034095222773076624,100.73311053528475,-0.10198329934069728
both_constraints,Both constraints,0.5,74,-0.010935929742237114,-0.00024644366783290746,0.00566851316083361,5.711478582213765,0.0005829913207100981,0.0035101265523449867,97.34563915079457,-0.10760334573242791
both_constraints,Both constraints,0.5,75,-0.01722374090665928,-9.029405542524954e-06,0.008430660504775922,2.7871626078048575,0.00028001992179391946,0.0031409539018098505,100.87983699589269,-0.05838734431597281
both_constraints,Both constraints,0.5,76,-0.01750960931430952,0.0002477535105935014,0.006224651874402465,2.423453820951661,0.00023483838762428083,0.0033761731817734115,97.35093219415833,-0.0720043109158579
both_constraints,Both constraints,0.5,77,-0.010453734115476728,-3.0700421287766544e-06,0.0048598061791563785,4.793609982904472,0.00048442250873628853,0.003301078635668562,101.65550403752637,-0.10006197155970786
both_constraints,Both constraints,0.5,78,-0.00836026205714189,0.00014025638465829765,0.002550324337436183,4.540392067687849,0.00044325223558486167,0.0034702174442980535,105.42051757245638,-0.06110408726476868
both_constraints,Both constraints,0.5,79,-0.02300092474979097,6.0197744802076255e-05,0.010986666100417541,2.585283287213055,0.0002580090244251385,0.003524486112926008,101.7925674757325,-0.0613239552872592
both_constraints,Both constraints,0.5,80,-0.007950862880321834,-0.0001863061702407525,0.0040379501446943245,7.234106918583777,0.0007631726636359024,0.0034580834785279046,99.7851758017506,-0.11463718097951725
both_constraints,Both constraints,0.5,81,-0.01906309921053868,2.1821978547919615e-05,0.008330252292106488,2.45753253314944,0.00024405713158270016,0.00325724873599191,102.47727273973817,-0.04811851135835721
both_constraints,Both constraints,0.5,82,-0.007387348139722024,-0.00019218337131273865,0.0034641528778793784,5.999215771905265,0.0006232742045269536,0.003133886984541411,96.18614048242512,-0.10311324804388122
both_constraints,Both constraints,0.5,83,-0.01851149270387015,1.4920523998330318e-05,0.00915661286072722,3.179699375572167,0.00031601840197159457,0.0034417141997251286,99.34339490279721,-0.07007634834755128
both_constraints,Both constraints,0.5,84,-0.03897019014078067,-0.0008149332744371712,0.020855730483450463,1.4289927984864619,0.000149565558682472,0.003302975364664694,98.47319068094126,-0.057782315553467356
both_constraints,Both constraints,0.5,85,-0.028564431404053042,-0.00019308998353391666,0.014255329613043988,1.867956769769208,0.0001889574405489208,0.0032909701315515343,100.07103268278094,-0.05798202559385779
both_constraints,Both constraints,0.5,86,-0.011089380842507088,-0.00021948123259475622,0.005737587881388562,4.992665860415633,0.0005075655569953798,0.0033012285965426063,97.7157128156513,-0.0976155271147553
both_constraints,Both constraints,0.5,87,-0.02701524078273063,-0.0002866415592572822,0.013504455561584416,2.0895888816992776,0.00021236773301120478,0.003389350338132379,100.00630785101957,-0.04595254445843666
both_constraints,Both constraints,0.5,88,-0.03098623605465492,-0.00015924520989142658,0.015523504463898052,1.7120574046501702,0.00017176551580523614,0.003262485817474429,99.20734946412412,-0.05597430408077564
both_constraints,Both constraints,0.5,89,-0.014743649617601688,-3.633816847836995e-05,0.005679803632610003,2.863519982366064,0.00028823224453753527,0.0033096593967060655,102.99981255121908,-0.05701656806310074
both_constraints,Both constraints,0.5,90,-0.03075210014609597,-0.0001828468346973373,0.015130749457693882,1.5325600775598804,0.00015565755416127784,0.003120171827819545,98.50199168663221,-0.06256067955384037
both_constraints,Both constraints,0.5,91,-0.020732396883329153,3.607568954715892e-05,0.009522128980138378,2.48071797608233,0.0002443239871270336,0.0033180476769491,98.21860263972812,-0.05856636413050087
both_constraints,Both constraints,0.5,92,-0.017039747151692673,-0.000218225349661813,0.008315037294151506,2.9457083917319524,0.0003025164068013297,0.0032509972610170676,97.54002820713606,-0.07856712088961015
both_constraints,Both constraints,0.5,93,-0.013352785763562275,-0.00013012458100346912,0.005556199115198557,3.370954280559522,0.0003415249994102466,0.0033047344807298254,96.55105650973236,-0.08511631294023958
both_constraints,Both constraints,0.5,94,-0.017778596245765957,-0.0003642270403046911,0.007190505099189948,2.2014320307909823,0.00022862860880926484,0.0031569802415340005,95.19199091470747,-0.06684606484164735
both_constraints,Both constraints,0.5,95,-0.025280101832027453,-6.517099738608896e-05,0.012332760461704173,2.139992819106427,0.00021430322291620104,0.0033336459116461714,98.68319295426778,-0.050215614381473817
both_constraints,Both constraints,0.5,96,-0.008029180118479634,-0.0001480328067141954,0.004135994635326212,7.962800276576216,0.0008226878238168394,0.003584505141411505,98.31040094659838,-0.10242486120635985
both_constraints,Both constraints,0.5,97,-0.008738259343753357,-0.00010354659300725573,0.002080993831706457,2.793231162360955,0.0002843229502279386,0.0032025584415131376,94.95054444991851,-0.08373070579986108
both_constraints,Both constraints,0.5,98,-0.010551168594198891,-7.084731482671699e-06,0.005260548447122759,4.8084894531221485,0.000481692629298993,0.0031958795013852974,100.28004946846238,-0.05803807547540207
both_constraints,Both constraints,0.5,99,-0.017680819099398025,-0.000534953849824382,0.009208653856984994,3.233257252373619,0.0003414086773909082,0.003403868318586382,95.59369079448003,-0.08537545795210788
both_constraints,Both constraints,1.0,0,-0.0053048497087765465,-0.00010177324145211948,0.0022625194657220904,9.195134062635407,0.0009429173436373644,0.0034248084319098426,96.49604358884842,-0.11440811808793772
both_constraints,Both constraints,1.0,1,-0.02154087216102801,0.0002667299547158449,0.010868853737157957,2.4010269572966005,0.00023444869583551402,0.003165480107104758,100.20468717361325,-0.054265570273231645
both_constraints,Both constraints,1.0,2,-0.009696557886711756,-0.00013398548501086913,0.004674691005626785,5.02421478752279,0.0005073615142341957,0.0031960450035100354,97.54972002609088,-0.09252762173815432
both_constraints,Both constraints,1.0,3,-0.016852393301555444,0.0005210669924957589,0.009260149183215383,3.5817430267786823,0.00034044603345236864,0.0032328701635594907,104.0261730553936,-0.066302630029075
both_constraints,Both constraints,1.0,4,-0.00588877459984008,-0.00023913434271600377,0.003357489797821911,8.913485406509261,0.0009588326757390021,0.0031479170301500427,98.89859241343981,-0.10104632752112563
both_constraints,Both constraints,1.0,5,-0.007380068030552488,7.671119270175214e-05,0.0033433183553632784,7.0095668347280835,0.0006905531345101467,0.0033547943405074832,102.6805615147732,-0.05126099261837691
both_constraints,Both constraints,1.0,6,-0.010041499045108353,-0.0002449818600584489,0.0053834108576155115,5.8286648218345825,0.0006093355914692835,0.003381681468431092,97.95651966524764,-0.08953142279518278
both_constraints,Both constraints,1.0,7,-0.004011335524034918,-8.481323955309688e-05,0.001583181589562499,9.370310202645197,0.0009823413673135091,0.0031569562502808657,101.4756617943225,-0.08204185238171191
both_constraints,Both constraints,1.0,8,-0.025039232477813114,-0.0002928419660738428,0.012766138646314595,2.3504952595633797,0.00024028410115400212,0.003438585295504124,99.12396517091298,-0.07190249214854527
both_constraints,Both constraints,1.0,9,-0.016434277213501738,-0.00012690104967713384,0.008284876242622752,2.9572260481556896,0.0003009085293613296,0.0031351161388333748,99.13432560462452,-0.0758537618550047
both_constraints,Both constraints,1.0,10,-0.004323710440247988,4.960913053993683e-05,0.0021511290945244177,12.351300472206251,0.0012080182162520344,0.00324290475282415,99.89571599621041,-0.12566402439470448
both_constraints,Both constraints,1.0,11,-0.015079764155097063,0.00016035225074738187,0.006349510466262642,3.286414843491846,0.000329021410333005,0.0034261162398196267,103.74366758220229,-0.07093760092776513
both_constraints,Both constraints,1.0,12,-0.012865917945017007,-0.0004086269048476586,0.006941510362142189,4.151477455206232,0.0004343252558554601,0.0032197091647181825,95.99356046818563,-0.0784471202334146
both_constraints,Both constraints,1.0,13,-0.01118294449049613,-0.00013946942045365256,0.004961829027641862,3.66472643970606,0.0003723634831446084,0.0030618302303882503,96.9521435299001,-0.06902187980829577
both_constraints,Both constraints,1.0,14,-3.912226066656159e-05,0.0001848254125752917,2.1595768506799118e-07,15.414289231127045,0.0014616998463251294,0.0032098535948751946,109.64244453570377,-0.0750390679336097
both_constraints,Both constraints,1.0,15,-0.021695643407700815,-0.0004631269829853717,0.01132901426617039,2.5069659634792556,0.0002600286523665768,0.003288801775135094,97.12558726580126,-0.06267438005945669
both_constraints,Both constraints,1.0,16,-0.009841996134547297,-6.774968321640608e-05,0.0035340559736148913,4.043131617416673,0.00040232085919812775,0.0033112784547838802,96.2329855880421,-0.0924396979258364
both_constraints,Both constraints,1.0,17,-0.01448486438176106,3.8571913760602306e-05,0.00723673445535189,3.733827228350631,0.0003709145831903551,0.003282471554073683,99.9317531530167,-0.05207438122659902
both_constraints,Both constraints,1.0,18,-0.006288515935058289,-4.611568194894424e-05,0.002793775134709242,7.392714091563662,0.0007510787358127795,0.003260642320982431,101.51719073636468,-0.08012489486685725
both_constraints,Both constraints,1.0,19,-0.024948674759626508,-0.00020526347121975507,0.011083779573665131,1.7152129827454412,0.00017423777842114085,0.003120814190563868,97.05756186556762,-0.06528977857148754
both_constraints,Both constraints,1.0,20,-0.008194759972121799,0.00012074682761608448,0.003305098045931709,5.123694126951969,0.00051008324276962,0.0032160369927032037,103.83788380082356,-0.07188504941653406
both_constraints,Both constraints,1.0,21,-0.03608926680243035,0.000269013133538427,0.01819581318884478,1.6421692406342145,0.00016190961946557875,0.0034076612914088894,100.55504446512776,-0.05081469596737731
both_constraints,Both constraints,1.0,22,-0.02146195329798167,0.00020990807127064742,0.009441655931735404,2.246043498894642,0.00021919392028308982,0.0032619220310717515,98.37577554180385,-0.06867866686108426
both_constraints,Both constraints,1.0,23,-0.019394550177319846,-0.0002366226613712364,0.009905414996599693,2.7380863069541403,0.00028038776549685107,0.0032661164369653254,99.26824509146248,-0.07923684036142165
both_constraints,Both constraints,1.0,24,-0.003402224731965499,8.542816279879656e-05,0.0009551201006862131,8.88635098799334,0.0008743905444149138,0.0032498897867059735,104.72260355246641,-0.04976535755938993
both_constraints,Both constraints,1.0,25,-0.017612101576324538,-0.00011295599432116827,0.008512033283201492,2.8735356924407696,0.00029090030161105007,0.0032565524729670607,100.7896640995566,-0.05082469134653367
both_constraints,Both constraints,1.0,26,-0.007121402698040326,8.379591686370785e-05,0.00314624379767825,7.294729527891899,0.0007069634588552289,0.003374759611279198,98.57146836638147,-0.10774874874400386
both_constraints,Both constraints,1.0,27,-0.008914892655118165,-0.0001976006039209444,0.004698024384340194,6.048853568322588,0.0006399642961624243,0.00329304344435112,99.0457297631157,-0.09351406270169349
both_constraints,Both constraints,1.0,28,-0.008964506355623358,-0.00016424218544297255,0.004138261717958169,5.839023179624434,0.0005992508468225688,0.0034115352289779645,96.62280234324687,-0.08818453687842576
both_constraints,Both constraints,1.0,29,-0.028136662611756146,3.07475865056762e-05,0.01372186103321782,1.846210276304382,0.0001834628589264187,0.0032543119494078264,99.02790147331162,-0.05838459805908114
both_constraints,Both constraints,1.0,30,-0.005274524178540299,-1.8912683590496028e-06,0.002351668912296878,8.511602269625406,0.0008750497963469687,0.0032184289230993606,101.78055754650393,-0.06528601138229517
both_constraints,Both constraints,1.0,31,-0.012119012178856092,-3.2671444173359395e-05,0.004884379332838584,3.590209900470364,0.00035299990281397207,0.003251742617512271,97.05798215177174,-0.07980408363824665
both_constraints,Both constraints,1.0,32,-0.009155932004686763,-0.0002881274956135313,0.004208132862788649,5.560617587038891,0.0005832710994514294,0.0034069350905127633,95.09053323490755,-0.09674401415277156
both_constraints,Both constraints,1.0,33,-0.04436363774971424,-0.00021448033424669173,0.022276529861266714,1.0849114669292275,0.00010980300483080934,0.0031177648646157773,99.4730326242438,-0.03957648113042889
both_constraints,Both constraints,1.0,34,-0.007546911255911027,-0.0001582927562158998,0.0038921551129397214,6.613792434401792,0.0006689171153029653,0.003131490568669172,97.7173963581282,-0.09848535120600022
both_constraints,Both constraints,1.0,35,-0.00836844420755221,-0.00013305848842876233,0.00429241073563813,5.91398976892302,0.0006138794323311234,0.003167807838462213,98.40341862011171,-0.10159361847527515
both_constraints,Both constraints,1.0,36,-0.017753438683618464,-0.0001463701796316874,0.00888854804628969,2.819838699995572,0.00028426529083257305,0.0031776310735391364,98.70259872196031,-0.05659953651478633
both_constraints,Both constraints,1.0,37,-0.010520592098919037,0.0003312170400833963,0.005857721079733036,5.86330195155336,0.0005550855307838383,0.0032415484031950333,103.28439191613117,-0.07004063272654992
both_constraints,Both constraints,1.0,38,-0.01569762630371962,-0.00019601923034979,0.007936345965163016,3.1470225485933896,0.0003264377474531198,0.003185938303760656,99.74021977972586,-0.06571598374456111
both_constraints,Both constraints,1.0,39,-0.006914434590648119,0.00011810891799865229,0.0035844067510313327,7.917617436004107,0.0007454711606438304,0.0031564338991841895,101.20827282925802,-0.09273838556018954
both_constraints,Both constraints,1.0,40,-0.011981168049070305,-7.152045925783422e-05,0.00553153460044109,3.780792562638937,0.00038351474925390474,0.0031542513941186794,101.30881121505881,-0.0712908952404071
both_constraints,Both constraints,1.0,41,-0.010576018647789074,-0.0002902572929061594,0.0040936358194128,3.579893441836427,0.00037878120169343953,0.0032026371846674505,101.53552634070795,-0.07094333502808425
both_constraints,Both constraints,1.0,42,-0.005943118340205177,-7.797570557716028e-05,0.002092316435406305,5.459767758957673,0.0005536807637865808,0.0030526919786554043,96.30971134447307,-0.08733210326157792
both_constraints,Both constraints,1.0,43,-0.002356771689690625,0.00012849588565690354,0.00042477690293962755,8.463031892548127,0.0008316672466574946,0.003287265095378117,106.32419223340307,-0.06007706304049609
both_constraints,Both constraints,1.0,44,-0.00027072023086497927,-0.00017004202542860795,4.4234570202306145e-06,5.84261415005716,0.0006076356735145258,0.003150093810445132,92.00864870283952,-0.11024229589058909
both_constraints,Both constraints,1.0,45,-0.011454598910205104,-0.0002304951688983428,0.004114474768492027,3.1990675152700607,0.00033373804723805904,0.0032454944067652697,102.16506524159588,-0.0726258080083847
both_constraints,Both constraints,1.0,46,-0.01562708314657293,0.0002899497708415804,0.008041559561045353,3.823346195128111,0.00036998208820698266,0.003354621370787417,102.44857477954972,-0.06200087933565723
both_constraints,Both constraints,1.0,47,-0.014527534962433307,-7.752167145328856e-05,0.007156792362992048,3.2195168844104347,0.00032357344439170563,0.0030913069881161274,98.73625735136837,-0.05568498609891637
both_constraints,Both constraints,1.0,48,-0.013208195875094097,-0.0002615135758597283,0.006905295716267745,3.7193504126458476,0.00038622991906767264,0.0031265096773252705,97.72547218362988,-0.07867307009975488
both_constraints,Both constraints,1.0,49,-0.010461224188114484,0.00033847426792028927,0.005941115735458746,6.38754760003714,0.00059963766896367,0.0033267946530064225,102.62158604390439,-0.09804731347096218
both_constraints,Both constraints,1.0,50,-0.017695846562203958,0.00044700151257732405,0.00952145512204583,3.8390915383549844,0.0003666290627371473,0.0034749101044649435,101.35758447245777,-0.08409139742207872
both_constraints,Both constraints,1.0,51,-0.007679534645813104,-0.00015183007154268043,0.003914888792661442,6.2245207332925725,0.0006473143455380072,0.0031253966015560753,97.69263123650829,-0.09964433042522725
both_constraints,Both constraints,1.0,52,-0.06597985964307941,0.0003440248003401717,0.03269602410977135,0.8579833828271127,8.493405741598661e-05,0.003363278531312799,101.34866571343333,-0.04600381503205775
both_constraints,Both constraints,1.0,53,-0.01144782613505137,0.00016881519418166066,0.005005297233639072,3.9287443441527894,0.00038671088184244137,0.0031793568426843966,103.58572166361971,-0.06352790609609538
both_constraints,Both constraints,1.0,54,-0.0174358383602193,-0.0004513667702570675,0.009508464084934998,2.8010136471263123,0.0002953927806356744,0.00307549466419643,96.95769996130495,-0.07563854906033696
both_constraints,Both constraints,1.0,55,-0.0035663985446172186,-1.771075702974312e-05,0.0011231251567435097,9.50003710634307,0.0009216847442359541,0.0032266441397183617,96.79690694443073,-0.10903928635394766
both_constraints,Both constraints,1.0,56,-0.01831768152060046,0.00023296701851998271,0.009236366996773437,3.171216354281419,0.00030733081652578066,0.0033439750710258765,101.90307492273257,-0.08180120795837598
both_constraints,Both constraints,1.0,57,-0.009812952550344941,-7.240957293384584e-05,0.004475065263041866,4.98744443864896,0.0005043096459515093,0.003294334814424619,97.59060323159295,-0.08116377172256073
both_constraints,Both constraints,1.0,58,-0.02011226329682896,-4.7602623361344066e-05,0.009721670709791574,2.5680067367282073,0.0002570087747569026,0.0032711262736650863,98.57841459052787,-0.0655157271040997
both_constraints,Both constraints,1.0,59,-0.009338956415594036,-0.00023173451495761603,0.004172794608242381,4.779004050998041,0.0005181320136447396,0.0032859275030485014,100.91865336782614,-0.0918407532246831
both_constraints,Both constraints,1.0,60,-0.013806019202429798,0.0004990142061981799,0.008222242603246,4.937947276831759,0.00045683491302325453,0.0032574842146783005,102.9929830856486,-0.07837521546868698
both_constraints,Both constraints,1.0,61,-0.0031630030842473705,0.00012171142143838334,0.0014474307021337118,15.778501052602612,0.001529002753043906,0.003252804822739196,103.98493462983465,-0.05387446922961403
both_constraints,Both constraints,1.0,62,-0.012726315172861824,-8.733848535650375e-05,0.005112470809698899,3.6480921266526125,0.000362794877349115,0.0033830014024331693,96.56635043316118,-0.07876206156921373
both_constraints,Both constraints,1.0,63,-0.0022640271992846006,4.15233734636652e-05,0.0005685056517397147,10.383916201492582,0.0010531765142516754,0.0030771448576798316,103.72216276826722,-0.06168663186658674
both_constraints,Both constraints,1.0,64,-0.015534185529715465,-3.885759171012155e-05,0.007603566704216802,2.908227120516098,0.0002910314979640527,0.003041148802869465,98.90480422420069,-0.062298896325538866
both_constraints,Both constraints,1.0,65,-0.036649494718373414,0.00047719210956603087,0.01876652010943647,1.370029563267852,0.0001327053707077739,0.003084267738393878,101.78288590635941,-0.05916743939760871
both_constraints,Both constraints,1.0,66,-0.012626232343430953,0.00021348625937292985,0.005394575955164904,3.7099364100764687,0.000355505229008807,0.0032365574705702158,104.09491382059467,-0.054597502883810156
both_constraints,Both constraints,1.0,67,-0.005795388950573957,-0.00028614885202115286,0.002912289520617728,8.400997839217448,0.0008919452903362224,0.003207461502298385,94.34316050773418,-0.1239259313201575
both_constraints,Both constraints,1.0,68,-0.033309274414857135,-0.0004018522288155808,0.016580045643113883,1.4602783694324597,0.00014835888324338042,0.003150427504749415,100.08835583805616,-0.060352029169333354
both_constraints,Both constraints,1.0,69,-0.009286297864618378,-8.122808144436876e-05,0.00467223399265837,5.215835747343919,0.0005335290344128617,0.003141115453260791,98.99417496737814,-0.0893184691811062
both_constraints,Both constraints,1.0,70,-0.026252065834684035,-0.00045843579330042837,0.01375775483760422,1.9683411347115336,0.00020310232771154676,0.0031926940354426027,98.08064390659243,-0.06688462656718186
both_constraints,Both constraints,1.0,71,-0.012819181679634707,-0.0003180255194734722,0.006662708273635354,3.6714382359093025,0.0003815810061854508,0.0030692818184928183,96.68948268795975,-0.08148076105252622
both_constraints,Both constraints,1.0,72,-0.012789854137910062,-0.00014099832404131367,0.005713062855360995,3.6867757241509507,0.00037131875862178387,0.003258603096218772,96.96589938388016,-0.07283230069129809
both_constraints,Both constraints,1.0,73,-0.010622615702922838,-0.00018876723197222924,0.005520088905150655,4.473468297047327,0.0004662128383857496,0.0030896530337665954,99.26589209353885,-0.0662243175842887
both_constraints,Both constraints,1.0,74,-0.017009044684310363,0.0003545536603087764,0.008886235922616614,3.488228750621568,0.0003354257162605791,0.0033072046725205776,102.65825811910058,-0.08396405253398653
both_constraints,Both constraints,1.0,75,-0.02709195199441589,-0.0002868434165339215,0.013814039854166182,1.789594298163077,0.00018286372587256693,0.0031201047634695704,99.20148171181947,-0.06025023287644826
both_constraints,Both constraints,1.0,76,-0.013680065565217055,-3.7122439482846966e-05,0.0046950363824403984,2.7636208139059883,0.00027862757086036016,0.0033145620439093354,103.50586774009933,-0.06706340676358258
both_constraints,Both constraints,1.0,77,-0.008635861481614956,0.00017189845365009126,0.0039019334552496954,5.433247648720526,0.0005317488479952671,0.0031874665334604307,103.7094279715828,-0.07728503443623258
both_constraints,Both constraints,1.0,78,-0.014555872235540867,-0.00020931096602570793,0.00742610927448395,3.950482276684635,0.00041127967900481447,0.003428396207655577,99.45329244308604,-0.10003096315602311
both_constraints,Both constraints,1.0,79,-0.029355884792035113,0.0006474893108144401,0.015072175199197457,1.886951265548713,0.00018065148589171818,0.0032110726127573294,100.34422511396117,-0.06217484728688116
both_constraints,Both constraints,1.0,80,-0.005291605750146034,-0.0002974475734767656,0.0014913531827267512,4.771663001511579,0.0005103700638072519,0.0030818072955712834,92.40225884362178,-0.08959808344470988
both_constraints,Both constraints,1.0,81,-0.010216912054632026,-0.00015485241118973913,0.005263606297050694,5.107544369020447,0.0005256802531508376,0.003231874591094784,99.13783962934149,-0.08744505748169751
both_constraints,Both constraints,1.0,82,-0.008428409008885645,0.00014816032057869246,0.0029915366896754447,4.801635763776364,0.00048039142840017735,0.0033690127101055085,104.85528290176293,-0.08086152144494962
both_constraints,Both constraints,1.0,83,-0.01652243628365727,-0.00036266020451450646,0.008839406281081263,3.158228978430642,0.0003283955671247035,0.003187222590247651,98.75931889851029,-0.07979056491961434
both_constraints,Both constraints,1.0,84,-0.015316749416680929,-0.0002697435529260264,0.007938670872414955,3.290372231754094,0.00033724229936996065,0.0031597162266510637,97.91068584546998,-0.08362283224395295
both_constraints,Both constraints,1.0,85,-0.022944212579043718,0.0001039872578079127,0.011318282713343564,1.9312920450077304,0.00019293649612457753,0.0029973369843035794,99.57374976716322,-0.05670085257976165
both_constraints,Both constraints,1.0,86,-0.029386144335088134,0.00031827598717072263,0.01491236139714247,1.7628350637034833,0.00017420732999643142,0.003178941589403052,101.46402381974036,-0.06739105827424019
both_constraints,Both constraints,1.0,87,-0.0299335694598575,-0.00018737333400168567,0.013351536403302888,1.4704747465148538,0.00014875790165520025,0.0031502348490080063,101.70367488872664,-0.04477587181953269
both_constraints,Both constraints,1.0,88,-0.002864307743976043,6.907708795823348e-06,0.0007984789866067876,10.502711736929065,0.0010064589595460713,0.0032099935270416173,97.06075671530138,-0.11319823068226365
both_constraints,Both constraints,1.0,89,-0.009302246127162744,7.749232794418653e-06,0.004644905628344409,6.101952398832714,0.0006107045765604092,0.0033763251133315376,100.29679382109843,-0.09659899329944543
both_constraints,Both constraints,1.0,90,-0.010651215594578755,-0.00013847453266291717,0.005442825927359229,4.768793984676277,0.0004892839108454321,0.0031965327923816804,99.33650758964156,-0.06668802813311492
both_constraints,Both constraints,1.0,91,-0.00904495422149458,-0.00025297223154038145,0.0034346040478947515,4.522055520903688,0.0004856371290317941,0.003387805514224242,101.72469970167552,-0.08559827289928301
both_constraints,Both constraints,1.0,92,-0.01375589114254333,-0.00011314953254719862,0.005617210859162114,3.083108167021769,0.00031497061013976605,0.0032492590961300176,102.19628173930788,-0.07550503279295029
both_constraints,Both constraints,1.0,93,-0.03616428689741193,0.00023217136081782962,0.01802177861364007,1.5199158445737946,0.00014848895446308082,0.0032846372202238864,99.87385992866702,-0.053438631378021184
both_constraints,Both constraints,1.0,94,-0.005903619762232244,8.186211729860571e-05,0.0028244513326284304,8.228455126901514,0.0008005403116219631,0.0031443224549386212,99.43089071389751,-0.09552694780794513
both_constraints,Both constraints,1.0,95,-0.008609837256360197,0.00012087216362585752,0.0040634353541414425,5.513920698833037,0.0005399928819084374,0.003139814052183284,102.67063391770816,-0.09779883856754978
both_constraints,Both constraints,1.0,96,-0.002270978755780395,0.00011156143725798169,0.0009484106478251375,19.123511755920042,0.001849523760552622,0.0031728770032648313,104.35624704950197,-0.06569019417991173
both_constraints,Both constraints,1.0,97,-0.009899535752631637,-3.873266212518519e-06,0.0049295745534415625,5.226355760247164,0.0005182071550959949,0.0032127635754897244,99.58482342575294,-0.08588502960820199
both_constraints,Both constraints,1.0,98,-0.005307092683104303,-0.00010683357866738999,0.00205433106424302,7.240967602434964,0.0007751830251056358,0.0032553193054790557,101.71802903156842,-0.10876604692642688
both_constraints,Both constraints,1.0,99,-0.01313570122392021,-3.9470635530793376e-05,0.0060278076563671235,3.5077701245474,0.00035307360040246903,0.0031785600356324137,97.99091843917952,-0.07516801145066265
both_constraints,Both constraints,2.0,0,-0.006148826084351064,-0.00041184069604435503,0.0025665226317044265,6.2141913236693345,0.0006707676643731497,0.0031356931860905715,91.6754418902855,-0.08502375368718795
both_constraints,Both constraints,2.0,1,-0.010965277439247901,-0.00019046713646623788,0.0054254444083280395,4.186179920245081,0.00043031263560165624,0.0030897293815723287,97.35072576172466,-0.07874334582718723
both_constraints,Both constraints,2.0,2,-0.0019979478093486228,0.0002099534654453995,0.0008963344595094291,20.984164946468354,0.0020030363759567433,0.0029873996571215997,107.48363873661587,-0.05215252170820106
both_constraints,Both constraints,2.0,3,-0.020190325659730526,-0.0002982121103109093,0.01049380042415482,2.2538426604896995,0.00023210209692362015,0.003005727931004542,98.58419686963596,-0.07421409872557494
both_constraints,Both constraints,2.0,4,-0.02625782864345136,-0.0013730377636738493,0.019407942130550748,2.492942131449059,0.00027372798073776425,0.0031213313411186687,94.91667979817079,-0.07979508163054272
both_constraints,Both constraints,2.0,5,-0.00432538967709201,-1.969321494837863e-05,0.0018649491362877635,9.579613873231834,0.0009997857481998983,0.0031674896627619585,101.68533540303557,-0.09344250667433551
both_constraints,Both constraints,2.0,6,-0.004062952505608566,-0.00018747523825759095,0.0012980303605267807,7.537035367150971,0.0007915076296624529,0.0031675676490711536,94.04471612896371,-0.0900309893366743
both_constraints,Both constraints,2.0,7,-0.004814263883770051,-9.941532564225751e-05,0.0020877983023740443,7.874671929067099,0.0008403857404760917,0.003052953793268445,101.03222890100254,-0.09258573766244382
both_constraints,Both constraints,2.0,8,-0.02581119330517877,0.0002536756110045227,0.011087262942004239,1.831762449649681,0.00017950154153609934,0.003271372589719306,98.17621179079006,-0.05882863515081638
both_constraints,Both constraints,2.0,9,-0.001203353920165356,-0.000129292205979845,0.0002162129456033668,14.34166868556642,0.0014234800778176466,0.003084060520279488,94.06238698493728,-0.12660738791647674
both_constraints,Both constraints,2.0,10,-0.0012668518448680503,0.00014876985649297093,0.00020562190745276876,13.234520369160132,0.0012815398256240183,0.003157320289500135,107.07387696734942,-0.06292655683231418
both_constraints,Both constraints,2.0,11,-0.008050615661471833,-0.00027692604249284034,0.0037286182813116575,5.477101532561935,0.0005725777785295046,0.0031533100900244526,95.04358993929745,-0.08068968413337996
both_constraints,Both constraints,2.0,12,-0.017339424778985264,-0.0003835999202826241,0.009265829344036969,2.7916976593054095,0.00029330655830517766,0.0030869091954702226,98.96707147601904,-0.07591723391898109
both_constraints,Both constraints,2.0,13,-0.0034735664443585456,2.7444613046417562e-05,0.001573444746291064,12.405840085748185,0.0012415708562440095,0.003087529822278421,101.87363148883107,-0.07662224804669526
both_constraints,Both constraints,2.0,14,-0.011851033996430938,-0.0004018807069017724,0.0069457355737641,4.286739757575625,0.00045733657244702373,0.0030439341561260473,96.81498536472604,-0.08810212299885944
both_constraints,Both constraints,2.0,15,-0.006119140111404184,6.847178249389241e-05,0.0021753469417435944,6.17612998997367,0.0005969006797707686,0.003198700690940333,97.6410306979727,-0.08417227424121454
both_constraints,Both constraints,2.0,16,-0.012410337628743618,-0.0003414129473830517,0.006900224332429761,3.8950020383506745,0.00040958637146788177,0.0030256988233129493,98.6086955054088,-0.09102046814449438
both_constraints,Both constraints,2.0,17,-0.020901971166440048,-0.0005697660722980432,0.010772559368264378,2.2437642468752843,0.0002360587455187726,0.0030920770408606225,95.79449662436288,-0.07007227678832562
both_constraints,Both constraints,2.0,18,-0.003646286898155555,0.0002276386127566748,0.0009611370304436484,7.213884972110447,0.0006825194061195167,0.0030635574054168526,107.67005931397487,-0.047787265698938874
both_constraints,Both constraints,2.0,19,-0.005889640283717997,-3.142680482258571e-05,0.002118254740047232,6.287979925571674,0.0006309245762566424,0.003209999822002285,96.78404967942834,-0.0926697058392103
both_constraints,Both constraints,2.0,20,-0.009797813982792026,-0.00013340116554710235,0.004904045122973488,5.024001841813888,0.0005242748428590457,0.00320566588217264,99.9800456158214,-0.08046696116205698
both_constraints,Both constraints,2.0,21,0.0030221646744893887,0.00022052728714334904,0.0009919575293454441,9.70484445982361,0.000997465508705512,0.003007258724665639,106.07553168542412,-0.07080128826878263
both_constraints,Both constraints,2.0,22,-0.005668922535389556,0.00020584449288342678,0.003231870761466915,10.675642873310888,0.0010049647573433496,0.0031643377066887784,102.82705534205837,-0.07754226753894855
both_constraints,Both constraints,2.0,23,-0.0017829716593632655,-0.00020697708381077007,0.0005751341929339793,17.033851916643695,0.0017796189861587622,0.0031350069054571347,92.45316201835419,-0.13353668337088687
both_constraints,Both constraints,2.0,24,-0.011810880932670973,6.327553656585034e-05,0.005768704078996101,4.32415419710047,0.00042872116945315454,0.0032220695799410177,101.43966926791535,-0.049003314597954595
both_constraints,Both constraints,2.0,25,-0.028209220733173057,-0.0007095578469311858,0.014664261588544503,1.8291182714258385,0.00019145561415198886,0.0032195595318982068,99.54619569094952,-0.06454651506449827
both_constraints,Both constraints,2.0,26,-0.002489948202683187,-0.00010035819440183255,0.0008834249105598158,14.435361182818088,0.0014400282436809503,0.003178889404603015,95.71541626906247,-0.13082186906769933
both_constraints,Both constraints,2.0,27,-0.009097935390714545,-5.441820158812159e-05,0.003650153281060331,4.703630322975852,0.0004642743586022831,0.00324069343427092,96.91669734592195,-0.08520601788084947
both_constraints,Both constraints,2.0,28,-0.0002541252826764932,-7.784952061548957e-05,1.3072002585934328e-05,23.040147139054657,0.002191153034662464,0.0032844086853550075,95.765153981319,-0.14322868615224948
both_constraints,Both constraints,2.0,29,-0.012655596839447659,0.00036505239797862677,0.005819141596053901,3.3901527315509346,0.000322280094910346,0.0029738754652274754,105.06092323473618,-0.06806455088342689
both_constraints,Both constraints,2.0,30,7.439587046902571e-05,8.939275253909747e-05,6.378437459320097e-07,11.187486850470576,0.0011684718807310269,0.003169671644169053,104.42620598163074,-0.07973664475442443
both_constraints,Both constraints,2.0,31,-0.0022950715033025044,2.8183756537812842e-05,0.0006849489671371112,13.617088334614643,0.001369855941751855,0.003243286445383899,103.31619691112724,-0.08171724337983899
both_constraints,Both constraints,2.0,32,-0.0004899584693291883,0.00011552249712370736,4.29577325332664e-05,19.964184128204934,0.001983898154135987,0.003325218978592196,106.15999789319049,-0.0930228903746716
both_constraints,Both constraints,2.0,33,-0.01635968289248081,-0.0002415834082802405,0.008141389230864049,2.8000443147655414,0.00028518784693825386,0.003063231405348987,97.58045071256478,-0.08038690457286679
both_constraints,Both constraints,2.0,34,-0.006676144252254006,-6.403684102485117e-05,0.0027800272808472526,5.825216415731966,0.0006045054815707367,0.003110994062746246,101.74160396731888,-0.07550804071861672
both_constraints,Both constraints,2.0,35,-0.009004283709166306,-0.00015404296953679803,0.004131715142241199,4.620530632785586,0.00047314112007347975,0.003046989036817052,96.85195106222464,-0.09192860088541288
both_constraints,Both constraints,2.0,36,-0.012155957205627583,-0.0007553955521615387,0.00910439998636181,5.995657452407959,0.0006740152903889398,0.003308524044384361,96.57424400628189,-0.1035386240128987
both_constraints,Both constraints,2.0,37,-0.02405842464543654,3.1916667996583006e-05,0.011655323645672344,1.9517399521776824,0.0001952692250035112,0.003114665169091407,98.97670892423733,-0.06934663365421856
both_constraints,Both constraints,2.0,38,-0.014501104048354134,0.0006914827571850687,0.009235272157998686,4.998595347135253,0.00045888286883041427,0.0032342847467298637,105.56488050007437,-0.056389030085626235
both_constraints,Both constraints,2.0,39,-0.00657175262368371,-0.00020776642168794215,0.0021519554417780418,4.590509345366851,0.00047485376103612785,0.003078170637675935,94.44708288278258,-0.0853804821030476
both_constraints,Both constraints,2.0,40,-0.0006449765402949136,-0.00017184801549912965,5.7972143890250294e-05,13.371211970546735,0.001396323280046573,0.0031587418551847633,92.21798769044786,-0.13831294929585125
both_constraints,Both constraints,2.0,41,-0.019969978594615957,0.00044829594343578515,0.00933972334319555,2.097635702680899,0.00020069017425745377,0.0029213925739797622,104.37600650407018,-0.05050278015537912
both_constraints,Both constraints,2.0,42,-0.005831863091093056,1.8689006069677147e-05,0.002816849228615248,8.587225513894479,0.0008734590429336233,0.00325006415701473,101.24675618549188,-0.11889812814047973
both_constraints,Both constraints,2.0,43,-0.03807003957777594,-4.378694114962261e-05,0.018585546443330547,1.2415814199824358,0.00012389019593348207,0.0031084808506032405,98.88075418732245,-0.0572769983005037
both_constraints,Both constraints,2.0,44,-0.014913173191462067,-0.00019561931505851176,0.006551590581873823,2.9120635997019177,0.00029460408739804563,0.0031582774824703832,96.6055669137906,-0.06796433598864837
both_constraints,Both constraints,2.0,45,-0.005011254598720568,1.194842203277751e-05,0.0019419691958335594,7.72236954483409,0.0007731200693019163,0.003160211493616897,102.66954057225215,-0.06537303040612064
both_constraints,Both constraints,2.0,46,-0.028155923779424323,0.0005010251873304877,0.014001062635171757,1.6148201213227351,0.00015683267300267985,0.0029778448835205956,103.23955585148083,-0.04614579791414741
both_constraints,Both constraints,2.0,47,-0.0024880440277873363,0.00011847154387885112,0.0008770296126141552,12.682699479223833,0.0012628641185480948,0.0029852423691693764,104.83440917367014,-0.11258388115332474
both_constraints,Both constraints,2.0,48,-0.014166317895773379,0.00021449102954174527,0.007314905051207687,3.4517811284935425,0.0003343933061594433,0.0030314555239946543,100.70900642004207,-0.07145034876272216
both_constraints,Both constraints,2.0,49,-0.012739250696035558,0.00021427027004537486,0.006626844020221623,4.257150863475092,0.00041281596532853783,0.003182741061432565,101.59064658932539,-0.08991311287237136
both_constraints,Both constraints,2.0,50,-0.004236678119971771,-5.556157166752981e-05,0.0020491010623897576,11.21335344271844,0.0011356670952455549,0.0031567036232459885,98.2040502777812,-0.13718619200723348
both_constraints,Both constraints,2.0,51,-0.008512909813805676,-2.5054376921649712e-05,0.003832776252226444,5.0796438402257955,0.0005096569633051063,0.003104445845501483,98.00275662249688,-0.08077963353560946
both_constraints,Both constraints,2.0,52,-0.014089621429150764,3.462368521770003e-06,0.006468843178457417,3.0641754253682842,0.00030458629715405844,0.0030564825693873317,98.30923135551164,-0.0682718438249833
both_constraints,Both constraints,2.0,53,-0.024144802688198994,0.0006731842883719623,0.013477275530610178,2.6480220734541144,0.0002516232397026973,0.0033016100064748523,101.86443533643839,-0.07855886237114273
both_constraints,Both constraints,2.0,54,-0.006006228585950473,-0.0003117531458264686,0.0040161358584470674,9.905283724599439,0.0010688303519182523,0.003101318939349177,96.90333149186444,-0.11285305363945464
both_constraints,Both constraints,2.0,55,-0.0010592625052943394,-0.0002734220608694423,0.00012856345445722006,10.137225220087428,0.0011088281988100395,0.003098853811560546,89.15834751895527,-0.12932256047935287
both_constraints,Both constraints,2.0,56,-0.008275856114659303,-4.9265756731058805e-06,0.0040705062834651695,5.6968031987692305,0.0005783769124723856,0.0031222349930831498,100.69479175103743,-0.08066525035149319
both_constraints,Both constraints,2.0,57,-0.009292497553557894,-0.0005289611205564294,0.006702708288354509,7.114412951227518,0.0007956537041622787,0.003204485937208116,96.14573018616807,-0.10767939414339822
both_constraints,Both constraints,2.0,58,-0.0037283644873354685,1.6333255168444312e-06,0.0017572343124072631,12.30425926563362,0.0012361673771485485,0.0031294163810488018,98.86392672685989,-0.1293165653011379
both_constraints,Both constraints,2.0,59,-0.03983577070566835,-0.00013027268528372003,0.019620173848121203,1.1876348104620116,0.00011939458028785618,0.0031084287184393925,100.56685856797866,-0.05931246743818408
both_constraints,Both constraints,2.0,60,0.0006113111993569707,-0.00010950527664805839,6.847576813806544e-05,18.58038672461,0.0016800712893238771,0.003016063481072391,96.19919740664287,-0.15776994324156968
both_constraints,Both constraints,2.0,61,-0.009687301449239918,0.00015014171129529796,0.002904298859245813,2.922458024789109,0.00027926763175160197,0.002983047189583805,97.41658324606077,-0.08619847043528894
both_constraints,Both constraints,2.0,62,-0.008284510545870764,-0.00039393536917043813,0.004652221977559212,6.273966110257341,0.0006679608413111828,0.0031397496737771645,94.45432689494176,-0.09120317598775507
both_constraints,Both constraints,2.0,63,-0.007975670090704356,-0.0003245622863016145,0.004095187596081518,5.9350067086812,0.0006338144924376942,0.0031377259625126313,94.87602594069557,-0.09504619382034818
both_constraints,Both constraints,2.0,64,-0.0041935827286152996,0.0001631247074343324,0.001455771221133384,8.318953828130322,0.0008108804369264003,0.0031264929040315625,105.548999725633,-0.059118968217080736
both_constraints,Both constraints,2.0,65,-0.014774153577789124,-0.0001891718385247982,0.006692263876031168,2.8107490142510088,0.00028944134444671186,0.003068739495590338,101.11884709943152,-0.051634678387374455
both_constraints,Both constraints,2.0,66,-0.0016343495273666425,-0.0003093020026083643,0.0003779640346553981,12.561991075745652,0.0013957981214651881,0.003132960337662223,89.01028529454747,-0.11719620287036103
both_constraints,Both constraints,2.0,67,-0.007392767287756157,0.0002500986726920116,0.004193335598413062,7.835537005111061,0.0007355665108065318,0.0030992887691586707,103.04645041244231,-0.06525277739047397
both_constraints,Both constraints,2.0,68,-0.0055941339979042656,0.000305567154931738,0.001937194521951624,6.122006084406147,0.0005738415971622567,0.0030360374630028246,107.76763579222008,-0.052325822568101255
both_constraints,Both constraints,2.0,69,-0.009891482603265717,-0.00027510746666302666,0.005435263822442971,5.6980839037481,0.0006025965609311598,0.0032968495366861067,97.71885391123453,-0.07962214459222672
both_constraints,Both constraints,2.0,70,-0.0032562248131461926,2.331783777655518e-05,0.0009627799871168019,9.991570821683489,0.0009504705771671622,0.0032293290882907974,97.25283148071773,-0.10688221821052968
both_constraints,Both constraints,2.0,71,0.005356378635328353,0.00024645679051281893,0.001180256742696506,4.021378938969161,0.00040857794318505304,0.003097161534610243,106.58991397748072,-0.06230834983598743
both_constraints,Both constraints,2.0,72,-0.007378301403003434,-0.0004063949393290408,0.004824812391542421,8.114258501613183,0.0008640008827505354,0.0031248459740719258,94.81624134486009,-0.1065599000908305
both_constraints,Both constraints,2.0,73,-0.0021780180761801025,-0.00046956123636629867,0.0013146881037545688,24.666476991779803,0.002849635692256084,0.003204073978660435,86.10400311122146,-0.15229340265994473
both_constraints,Both constraints,2.0,74,-0.025039604993233964,0.0003744244099828519,0.013018729642304772,2.065420262402823,0.00020125738890451643,0.003116385981767703,101.29176758474202,-0.05353153193800664
both_constraints,Both constraints,2.0,75,-0.007383449705150687,-0.0003095057212098766,0.002743190354666636,4.817095653552564,0.0005100715409488572,0.0031753338791035784,93.52112808932415,-0.09068150535986641
both_constraints,Both constraints,2.0,76,-0.0030709970799431643,7.797617773567038e-05,0.0009488631344680698,10.961757112369977,0.0010200835442890162,0.003176744768178404,98.02807637017216,-0.11060818702020081
both_constraints,Both constraints,2.0,77,-0.021842373661989937,0.00028226915279503675,0.0097435040368955,2.199736703915225,0.00021506057799342666,0.003238336803196203,103.60177998565031,-0.04873121227488275
both_constraints,Both constraints,2.0,78,-0.007776215935210568,-0.00031642306660131493,0.004830341034535168,6.7311891161777195,0.0007161761053672464,0.0029971944633645103,97.11482321549408,-0.10563005075496357
both_constraints,Both constraints,2.0,79,-0.008095778117491592,0.00021320530855211653,0.004302387098889526,6.574199409414811,0.000629375693699741,0.003099139264570798,102.85168319670956,-0.07255614816225076
both_constraints,Both constraints,2.0,80,-0.021592600741528207,0.00013417671129574868,0.010603184686173828,2.4234886222513836,0.0002411550013874122,0.003258048579212294,101.5749954354851,-0.05353210993531543
both_constraints,Both constraints,2.0,81,-0.029751158753173804,0.0005105785631888011,0.015581726477568059,1.6621314701309993,0.00016068965399511847,0.0030237047669170545,102.15821031336742,-0.046894255118273276
both_constraints,Both constraints,2.0,82,-0.02431764276830596,9.255792305811634e-05,0.011899980117995868,1.9223608505804384,0.00019142459696689073,0.0030855687992196673,101.32465566679656,-0.04542730493109748
both_constraints,Both constraints,2.0,83,-0.006936024657109578,-0.0002662491228278464,0.0038140639122390407,7.158652624245275,0.0007687204744229665,0.00311362545259911,99.26119043776339,-0.09935326597688954
both_constraints,Both constraints,2.0,84,-0.0254689704724598,-0.0001280939444764135,0.011748516321311353,1.8914765023795364,0.00019305026933117992,0.0032604521463678975,101.51117734408696,-0.05692317953223536
both_constraints,Both constraints,2.0,85,-0.005382649832392924,8.538435263077657e-05,0.0022853089835481732,8.117987080352556,0.0007915991841478912,0.0031680130997480504,103.23594502739041,-0.05428246291628713
both_constraints,Both constraints,2.0,86,-0.03707578838727911,-0.00029295605927070134,0.018191896216640413,1.1646802438307575,0.00011858160546259416,0.0029930387728364957,98.17761029997371,-0.05163447392526199
both_constraints,Both constraints,2.0,87,-0.006069805981228191,-0.00035240679269089446,0.004324532757237209,10.119737422883311,0.001124130686592486,0.0030973946788193743,96.5651392336444,-0.12649178235184688
both_constraints,Both constraints,2.0,88,-0.00363114900508729,3.69281934737395e-05,0.001083823857824795,7.756111650662584,0.0007804303388191799,0.0030765015536989367,103.5973128229397,-0.060608317336900974
both_constraints,Both constraints,2.0,89,-0.014821066073625775,0.00014300919936721492,0.0074613463967894145,3.314825702291592,0.000327595274916685,0.003108392890939753,101.33414789151675,-0.07283064443771092
both_constraints,Both constraints,2.0,90,-0.02321743974220789,1.8013192891343962e-05,0.011354874713496943,2.1574587759865,0.00021278937232350854,0.003179821389609271,99.09717902406567,-0.0687658427141975
both_constraints,Both constraints,2.0,91,-0.02129014177291426,-0.0006895614529035474,0.012429467335532407,2.5802553679645786,0.0002726115377014418,0.003155905812391845,96.66654552742577,-0.06199594961623445
both_constraints,Both constraints,2.0,92,-0.015484789593236861,0.00047709195871638863,0.008589350647116412,3.8094721023666147,0.00036062653440449886,0.0031733442262955663,101.17909668190161,-0.08545669021840963
both_constraints,Both constraints,2.0,93,-0.023316736153472423,-0.00015268166044709144,0.011141426861571047,1.7289042554017728,0.0001765935786082941,0.002934413214952539,100.83733446741877,-0.059697187899292126
both_constraints,Both constraints,2.0,94,-0.027952863181199338,0.0004807295579717665,0.014644077716742032,1.9815539801463338,0.00019164910051777862,0.003200577255471821,101.15094535547942,-0.05710518355049565
both_constraints,Both constraints,2.0,95,-0.00824611048521162,0.00021804190255352945,0.004154244808625807,6.3895385230841395,0.0006146418364475297,0.00317355580547071,103.55410127652372,-0.05445418798752466
both_constraints,Both constraints,2.0,96,-0.015673294586490683,7.668749894376389e-05,0.007180571781189027,2.6269267062534136,0.000262186422568309,0.0029935859993328526,102.18591361624168,-0.0787736945512385
both_constraints,Both constraints,2.0,97,-0.010344475664225108,0.0006134694090915525,0.007217606592318404,6.36373504584303,0.0005836416274789247,0.002942323685999608,106.96536793632512,-0.04456016513765437
both_constraints,Both constraints,2.0,98,-0.007691573284805853,-0.0007457493070574698,0.005517932025270511,8.077141924033686,0.0009106788300589872,0.003119647893741694,89.07261625509503,-0.11312017890995396
both_constraints,Both constraints,2.0,99,-0.012072850661050323,0.0001255320437746283,0.004274356742380969,2.937145326149861,0.00029036983103207634,0.0031341142824720704,104.2424120918071,-0.0748809592848031
both_constraints,Both constraints,5.0,0,-0.0167103342735062,-0.0006187699098958855,0.01034880575994479,3.218126085415709,0.0003416582766210581,0.0030392765865957343,96.80111782487585,-0.08109312902526511
both_constraints,Both constraints,5.0,1,-0.0024661188272284864,-4.198986920970028e-05,0.00036872418933242557,5.6907595781220275,0.0005525891871309902,0.003003181966137915,95.90593750183712,-0.11053594964610547
both_constraints,Both constraints,5.0,2,-0.016492737269829784,0.00016077880645457728,0.007613939592003183,2.669043487795851,0.0002627832226890576,0.0030623589074468558,102.69516005243916,-0.039292249537749124
both_constraints,Both constraints,5.0,3,-0.026181443545880374,0.0005150975877347059,0.013130376167558189,1.9225878548426683,0.00018415966849441717,0.0030974978026557295,100.0372704158525,-0.056286087523440664
both_constraints,Both constraints,5.0,4,-0.0362170952728505,-7.462645185684414e-05,0.017373223362682544,1.317718434761785,0.00013279313632342228,0.0031645186245174203,101.18680621347649,-0.046380252045526094
both_constraints,Both constraints,5.0,5,-0.001281862162996785,-0.0004798332702009801,0.0003088186600403997,16.673870867498717,0.0019753391693298327,0.003228752273379872,83.08457901510948,-0.17354310294844533
both_constraints,Both constraints,5.0,6,-0.008961252345216284,3.787494475133975e-05,0.004009510426872476,5.394621775793589,0.0005337603963388817,0.0032694415261231118,102.31104473639303,-0.0639287983468253
both_constraints,Both constraints,5.0,7,-0.00046368143758424024,-0.00035303435211497445,6.230071230939327e-05,23.662872091606353,0.002760740216014756,0.0030804316270301563,85.17554404843055,-0.1704121072963306
both_constraints,Both constraints,5.0,8,-0.002197383243731657,8.10388332514956e-05,0.0005803409132270065,11.3767069662201,0.0011183288486172707,0.003047401137419857,104.48344037844448,-0.0570335915985668
both_constraints,Both constraints,5.0,9,-0.010118861418560289,0.0003450803632103562,0.005929258881854582,5.910307579831223,0.0005516302173289502,0.0030890757713423673,102.13038055370703,-0.08700977739485194
both_constraints,Both constraints,5.0,10,0.002034082323799357,-0.0001646748945148097,0.000424003347694768,9.47777382480125,0.0009860205451744303,0.0030835499144807946,91.35748765079742,-0.1307220102176292
both_constraints,Both constraints,5.0,11,-0.007996504898553553,-0.000312106414524251,0.003310632923590351,4.398242884139356,0.00045931101145176077,0.002972811115814035,94.13189081629181,-0.08551584658113542
both_constraints,Both constraints,5.0,12,-0.000711653878104642,8.011010041963627e-05,2.2960493736956522e-05,4.5366069033320136,0.0004670861060468646,0.0031764305945942424,104.98466470105366,-0.07244936331708451
both_constraints,Both constraints,5.0,13,-0.0019350256486848985,0.00014499459222710355,0.0004558078395003884,11.788141516650878,0.001153597342744149,0.0030744765500387034,106.39793869480857,-0.0604930805119398
both_constraints,Both constraints,5.0,14,-0.001995930328822873,0.00032953461983463856,0.0007026648466064156,19.83488882178978,0.0017808457218705489,0.0031734146188482364,112.1116609770012,-0.04226515056666147
both_constraints,Both constraints,5.0,15,0.0002928143582532289,9.268038442260073e-05,6.5381986964485606e-06,7.228757323705203,0.0007716271200766744,0.003154143495121773,104.04650359270553,-0.09751095879578608
both_constraints,Both constraints,5.0,16,-0.01851547472229732,0.0009089441690731678,0.010801639251533546,3.1455014502868552,0.0002911381239481393,0.003032874675603502,107.47965234816988,-0.04560241280928323
both_constraints,Both constraints,5.0,17,-0.014310369490725968,0.0003261931765954526,0.007767970655027656,3.7376742486655483,0.00035989343065429523,0.00308329352806221,101.85957409885766,-0.04357123042825717
both_constraints,Both constraints,5.0,18,-0.003354968104612143,-0.00019735668976126954,0.0009860455673048607,7.986521822903687,0.0008472935984264864,0.003104483247570673,93.50210990370397,-0.1145021116331868
both_constraints,Both constraints,5.0,19,-0.012138737146631075,-0.0004844030078467532,0.005490059853672569,3.2248411312880862,0.00034415992487619714,0.003030823318548775,93.69017808249009,-0.07598199832199148
both_constraints,Both constraints,5.0,20,-0.010213779431397526,-0.0005060402910528629,0.0056967413559185776,4.804077147107097,0.0005245325219291052,0.0030918061152406962,99.3940223776685,-0.10380675371602233
both_constraints,Both constraints,5.0,21,-0.003994268320599004,5.7893146879395625e-05,0.0019905617973473566,10.966405009716782,0.0010695221239255834,0.0029305779046602384,101.50819595699554,-0.10941509545224926
both_constraints,Both constraints,5.0,22,-0.005793304963565044,0.0001223820182351531,0.002481961141654554,7.568166337187233,0.0007380110118850897,0.003158871102322499,103.72447087863648,-0.06101179130738377
both_constraints,Both constraints,5.0,23,-0.010147786993500153,-0.0004592381519854485,0.006583787588284262,5.893837466682912,0.0006301040178325163,0.003142123196147516,96.98576745988866,-0.10197511827280314
both_constraints,Both constraints,5.0,24,7.178628513518225e-05,0.00014792644354762698,6.327896621138862e-07,12.294160611116741,0.0011901171507748113,0.003103437616620579,107.69210575997326,-0.05651031040334298
both_constraints,Both constraints,5.0,25,-0.012680222289659706,-0.0002893559828094123,0.00549560414846173,3.3282635917940446,0.00034488323697924714,0.003171291159826132,95.51872306157372,-0.07664105006352118
both_constraints,Both constraints,5.0,26,-0.00244401812940474,0.0003487826692227624,0.0014624648079855085,26.319436989951598,0.0023553872045586535,0.003101716790867752,111.0615926969241,-0.04514784830249108
both_constraints,Both constraints,5.0,27,-0.02266012392141832,-0.00043645751035324893,0.011470808217529993,2.09707684584164,0.00021747674919738867,0.0031201755755335308,96.93315627125361,-0.06704327341855443
both_constraints,Both constraints,5.0,28,-0.006063824901097709,1.2303040467196178e-06,0.0016739643435409457,4.691568850786869,0.0004600509558212127,0.0031655181079778124,96.4028788959128,-0.09146226869266161
both_constraints,Both constraints,5.0,29,-0.00405386763464521,4.0384260897654756e-05,0.0015028393242744187,9.246979482025147,0.000931051299997162,0.0031893945561102307,103.17125430369681,-0.05722420987567456
both_constraints,Both constraints,5.0,30,-0.009388391997218706,-3.6314698157965805e-05,0.004696915803949819,5.198760296415058,0.0005085340411986067,0.0030922545464462416,99.49648837166724,-0.08334838979502013
both_constraints,Both constraints,5.0,31,-0.0112499532994064,0.0003638892048682625,0.005648897153463395,4.060084130140729,0.0003876249141429677,0.0029456788383400755,104.86540616260041,-0.06755716607880702
both_constraints,Both constraints,5.0,32,-0.007358495352635764,-0.0002959334156586398,0.0034230252948168616,6.58826972916753,0.0007062434563509909,0.003335813710603114,100.44410758491827,-0.08771747197180335
both_constraints,Both constraints,5.0,33,-0.018728221315402187,0.00036332694082205646,0.009979615013345322,2.5957855825155787,0.0002494499692356775,0.0029638038895170777,102.0531386796921,-0.057483357838197136
both_constraints,Both constraints,5.0,34,-0.008697264862797807,-4.779968321397612e-07,0.0037982751739781273,4.656524264325482,0.00046759402091049447,0.0030506491441227124,102.02425893769876,-0.0560731408559797
both_constraints,Both constraints,5.0,35,-0.003202966624971575,-0.0004348790461056849,0.002033369361307824,17.257163165066174,0.001974294850623205,0.0031549061287130726,89.07377344703178,-0.14206628512642483
both_constraints,Both constraints,5.0,36,-0.009465272697589315,-0.00015653865658390813,0.00420440086335927,4.1416845873156936,0.0004357323719161245,0.003044099879993188,101.07502629685416,-0.08476851591929035
both_constraints,Both constraints,5.0,37,-0.010516887872893893,-0.00016509291231272505,0.004857454010893991,4.699266547943358,0.00048035655203938993,0.0033070350767681798,96.83470337129478,-0.091312879519164
both_constraints,Both constraints,5.0,38,0.0020243927387590295,0.00022759160162369856,0.0013410142376959477,34.071041573660594,0.0034407689835628504,0.0032337964028388384,109.03346744988215,-0.10912238096572968
both_constraints,Both constraints,5.0,39,-0.0015770569711015035,0.00015291496821538998,0.0002895557128980153,11.34166322319628,0.0010919776447791093,0.003056967387034926,106.95925577554434,-0.0669032192780814
both_constraints,Both constraints,5.0,40,-0.02175760207779411,-0.0009934893813684917,0.012969824765280635,2.4617078207412804,0.00026685364134371685,0.0031116600218430877,98.80249478876027,-0.07629890877892198
both_constraints,Both constraints,5.0,41,-0.01098912892513685,-0.0006280363789711997,0.006988536714860327,4.900633183259371,0.0005306017851912612,0.003026904726720888,93.13857782960778,-0.08514526748897877
both_constraints,Both constraints,5.0,42,-0.0032740945136844105,-0.0001209306296627674,0.001320247839750044,10.527809928193749,0.0010947905358740322,0.0029817679680655663,95.8484710249567,-0.13069292988600567
both_constraints,Both constraints,5.0,43,-0.008067973810908608,-0.00039533323513065636,0.0025759242979596086,3.13145399571633,0.0003353187528047018,0.0028929699054381845,92.4519353111921,-0.09086914389040701
both_constraints,Both constraints,5.0,44,-0.006116194874932492,-0.00020728181622146698,0.002525362416593069,5.9504517877756316,0.0006369080284397206,0.0030640551866654023,100.97795868940423,-0.0953407461312461
both_constraints,Both constraints,5.0,45,-0.0028614257116056866,-0.0001598737009528908,0.0010139773658331963,10.657380377447142,0.001092969567281075,0.002969518060631584,94.53837892826039,-0.1124507103999074
both_constraints,Both constraints,5.0,46,-0.013991491597019332,0.0005751873555971508,0.008813285278329919,4.789152815574426,0.00044500403650187583,0.003146360335132598,102.73234374545036,-0.09280433948456146
both_constraints,Both constraints,5.0,47,0.0011156887342423196,0.00019244100200675358,0.00028061033224258125,24.098221878718547,0.00226883724883919,0.003164647563634974,111.1743340386936,-0.049964525466744014
both_constraints,Both constraints,5.0,48,-0.011814327720628019,0.0004284671229037356,0.005428168724910587,4.2563066420333655,0.00040455279184155215,0.003219657529996979,106.13472596569088,-0.05098256580804694
both_constraints,Both constraints,5.0,49,-0.0011877355543212368,0.00015558219777710874,0.00022418300812387937,14.869929368122184,0.0014235846919671623,0.0029897224608176963,107.16493312468637,-0.08157264342592485
both_constraints,Both constraints,5.0,50,-0.020048056913236783,-0.00031926892846152977,0.00980822174059559,2.2043103849344963,0.00022760631869654424,0.0030534311756329484,97.09909323225042,-0.06451893036262846
both_constraints,Both constraints,5.0,51,-0.01057332138486447,0.0005165773862699256,0.00636698136926217,5.853519105624487,0.0005511033489433161,0.003111334158043011,106.056186975045,-0.036347099889506684
both_constraints,Both constraints,5.0,52,-0.012285964356493368,-0.0003760348824016753,0.006731118633870992,3.8676546279770445,0.00040860128778266014,0.0030288261587278873,96.32970182139077,-0.07690034661829648
both_constraints,Both constraints,5.0,53,-0.01972291614070656,0.0011150872061659097,0.015157781647933577,4.26162872909446,0.00038405703839950947,0.003141953144685996,104.43538425385375,-0.06370695265323612
both_constraints,Both constraints,5.0,54,-0.020400609473832678,-0.00023639576816511979,0.009668097451460023,2.0849428538589887,0.00021289863934660915,0.0030258076596373236,97.35121476998532,-0.05692802318179824
both_constraints,Both constraints,5.0,55,-0.00989366602043747,-0.0005668938824350838,0.006616201576720715,5.030872047762035,0.0005507871395533891,0.002854613559554516,93.50566566416904,-0.08758678155114052
both_constraints,Both constraints,5.0,56,-0.004888234332669586,0.00020215274505899826,0.0023622258074327274,10.232829087930108,0.0009592270133078358,0.003115971048292092,104.85649016826838,-0.045111663151917725
both_constraints,Both constraints,5.0,57,-0.021643764179625574,0.00015282609020609905,0.010859788812307092,2.198161848960173,0.00021726575053224162,0.003064157244086673,101.06914048414495,-0.06062890904207807
both_constraints,Both constraints,5.0,58,-0.011165205843533806,-0.00011329852606723418,0.00543175860541556,3.9803385873616355,0.00040048151804946173,0.0030334698384658428,98.05660107651417,-0.08840612384192703
both_constraints,Both constraints,5.0,59,-0.0015690214738524242,-0.00037993747349431435,0.0007288026312477491,24.959494528213675,0.0028657427909424007,0.003109101592818525,87.17720323271368,-0.1538613146527491
both_constraints,Both constraints,5.0,60,-0.008997844895283706,3.529064644006148e-05,0.003848226120118148,4.464457152114013,0.00044076692562271643,0.003043148345208733,98.12017970364192,-0.08839319253366995
both_constraints,Both constraints,5.0,61,-0.005595830349834751,0.0005192938630360343,0.0050147613088112886,17.362229069559678,0.0015178679335065934,0.0030810652690467415,108.4869648630359,-0.057963722163004494
both_constraints,Both constraints,5.0,62,-0.020125530450255003,4.383040925112231e-06,0.009666286994217455,1.9030962308081074,0.0001913789758578416,0.002832286582357913,98.876428312058,-0.06808545404770472
both_constraints,Both constraints,5.0,63,-0.00887585272226028,0.00011290155368575162,0.004540072865742095,5.205051158203603,0.0005153834641444927,0.002993489307819864,101.13044191125894,-0.049564973769171905
both_constraints,Both constraints,5.0,64,-0.019342532000989725,-0.0006300741279079155,0.010588843528803515,2.465619365281954,0.0002614357479843498,0.0030356694885594203,99.21999060107235,-0.07194051279741365
both_constraints,Both constraints,5.0,65,-0.013298019644808503,0.0004155144680000539,0.006412309836089758,3.5867285951005035,0.00034042568708597486,0.003060513891156475,105.19498242763473,-0.052698504573636895
both_constraints,Both constraints,5.0,66,-0.011062130960150017,0.0007694545317215739,0.01028894470094055,7.546802499024057,0.000676444102722159,0.0028392494760275853,106.14798314897767,-0.0477702344108446
both_constraints,Both constraints,5.0,67,-0.007133975606173292,-0.0005210465638445957,0.004763726682129099,8.358475225804385,0.0009018078040611883,0.0031038446191262387,92.22581355826098,-0.11292761911525118
both_constraints,Both constraints,5.0,68,-0.020780361156181894,0.0004555591958801402,0.010998892575637575,2.505418047314436,0.0002395330617935908,0.0030674952357435804,100.80527885859196,-0.06807777622014843
both_constraints,Both constraints,5.0,69,-0.0048550108752745,-0.00037793580548378235,0.0017548287468204249,6.759544821920351,0.0007415514653296918,0.003146710468528397,91.07445640394917,-0.12105193477890663
both_constraints,Both constraints,5.0,70,-0.0035973925394718886,-0.0001204671542772523,0.0019042210125401748,12.733303723330158,0.0013721209684919083,0.003055247196000738,99.52029247356927,-0.10926550025120685
both_constraints,Both constraints,5.0,71,-0.026527268903601964,-0.0010668769583413718,0.017402228699723854,2.0659905029322627,0.00022041892361641737,0.0029878412767847277,96.94296909239132,-0.06631044988511836
both_constraints,Both constraints,5.0,72,-0.01950380020547237,0.00010604150234703121,0.008426456035434349,2.113931687340778,0.00020892064213522965,0.0030646408524298095,102.83635889588413,-0.06673955195001768
both_constraints,Both constraints,5.0,73,-0.010059956634793792,1.1718783265242444e-05,0.004963948557684006,4.729302682942898,0.00047370496356845704,0.003110376475650373,100.76538802511283,-0.05040989205353186
both_constraints,Both constraints,5.0,74,-0.030622276740449112,1.0903664401741376e-05,0.013137660260460704,1.2936827241481479,0.00012909270974668713,0.0030232235414012587,102.45652295874461,-0.0425169950188754
both_constraints,Both constraints,5.0,75,-0.010655996418311543,0.0002905316533363848,0.004325435327186211,4.068034451322492,0.00038407806381591516,0.0031634249285543915,98.7098762263,-0.08787072238699878
both_constraints,Both constraints,5.0,76,-0.012981776317349421,-0.0004622717127312042,0.005552452328343893,3.29050850616616,0.0003478535232258786,0.0032391738468956857,93.83483189717404,-0.08228861758658368
both_constraints,Both constraints,5.0,77,-0.007565949458646292,0.00024677040624256774,0.002586505972608788,4.760423259934444,0.00045122819251030877,0.0031502860661847807,106.16933988587519,-0.0381464800009762
both_constraints,Both constraints,5.0,78,-0.004955063472857923,3.2873928415455505e-05,0.0020453523735833867,8.105758986273461,0.000774369791165356,0.003047989391731324,98.23510280234487,-0.09489264429067557
both_constraints,Both constraints,5.0,79,-0.0029637833870697185,-0.00023440912265669327,0.0009007183585341139,9.220062168938483,0.0009905728286737695,0.0031030321894217634,92.52338014481916,-0.11385513776906542
both_constraints,Both constraints,5.0,80,-0.0013138388181366488,-0.00013076858865189951,0.00016456959792288117,8.27760270009485,0.0008415006299633933,0.0029622159085244274,93.96220797465803,-0.10995494462581334
both_constraints,Both constraints,5.0,81,-0.0010000131409524384,0.000257967917170627,0.00024753945839106617,24.853375582816373,0.0022405044822961327,0.0030059828224563824,111.34540284080578,-0.03148866603419531
both_constraints,Both constraints,5.0,82,-0.014435962181037107,0.000329595339228123,0.00781758441198066,3.442672673900403,0.00033046985152295405,0.0029708954313866693,102.39931226400557,-0.06233621570304204
both_constraints,Both constraints,5.0,83,-0.01622052298773053,-1.6679082504939073e-05,0.008111567987055923,2.9958892083246456,0.0003030702765952653,0.0031384760566137357,99.89589496337413,-0.08794302189469971
both_constraints,Both constraints,5.0,84,-0.04160054695378122,-0.0019214752775250138,0.02935626021704052,1.4741519784337391,0.00015949681049606495,0.0030693593017932803,95.49963387531292,-0.06767559368449927
both_constraints,Both constraints,5.0,85,-0.00868264969204461,-0.0005128754299487619,0.005310261597380461,6.1927885583520474,0.0006634993080623839,0.0030685502952531897,93.16101368401436,-0.09322873556055644
both_constraints,Both constraints,5.0,86,-0.021618978548219023,0.0008966116281548192,0.012132642990312581,2.7227061693739745,0.00025659739087048275,0.0031387755054889627,106.3851873226001,-0.05050813156388778
both_constraints,Both constraints,5.0,87,-0.017184325862148964,0.0008812556407621147,0.01275640778039,4.100002682870458,0.0003749671216754693,0.0029491602023478426,104.79879998123766,-0.06183516307032344
both_constraints,Both constraints,5.0,88,-0.004707118034627012,0.00028533110135140047,0.0028541323730275625,14.130131034023044,0.0012961306417428027,0.003174460440694058,105.66541277407015,-0.08965380172672444
both_constraints,Both constraints,5.0,89,-0.014224370547005828,-0.0007392770947314131,0.008769449196494361,4.328282946803125,0.00047069418964761176,0.003294812025553776,93.57604925286579,-0.08315756546680964
both_constraints,Both constraints,5.0,90,-0.009445093534050894,-0.00021642194595195862,0.004801808707593502,4.469367072706873,0.00046394176042275574,0.002936038822713293,99.83404167317464,-0.07129234494498393
both_constraints,Both constraints,5.0,91,-0.00891717968610774,0.00017692268265101562,0.00382560793218667,4.568314106819122,0.0004430180665245994,0.0030322198535409177,103.97518068403747,-0.06815742024598248
both_constraints,Both constraints,5.0,92,-0.017955272005700438,8.412867555316808e-05,0.009001353922400535,2.63921239984144,0.0002603854375236936,0.0030568537235202593,100.60101849884686,-0.044130139835900306
both_constraints,Both constraints,5.0,93,0.0012346844891138224,-0.00023551572009830114,0.000687302787834132,36.81107320081418,0.004076232286757014,0.003001870556684123,86.94645356366816,-0.18039415387134627
both_constraints,Both constraints,5.0,94,0.00018999973033189085,0.00013272380577272625,6.793875661603721e-06,16.560665467511217,0.0016332245245820399,0.002940479722436634,106.8420165341163,-0.06894461123531326
both_constraints,Both constraints,5.0,95,-0.006779637652586279,0.00025166377022197735,0.002755776156964651,6.251839013987291,0.0005912126325165192,0.0031362309189282844,105.85600812648974,-0.04290579015791718
both_constraints,Both constraints,5.0,96,-0.012127619015871404,-0.0007634955045948596,0.0095153662799361,5.776996173522695,0.0006290826009415691,0.0031211572687682367,94.1555395040185,-0.0926352086921165
both_constraints,Both constraints,5.0,97,-0.00668174284309262,-0.00046905799577019866,0.004493714008503624,8.16437761970266,0.0008771221863179535,0.0029523480915497682,92.72978806779248,-0.11224452704682097
both_constraints,Both constraints,5.0,98,-0.004584120328053996,-0.00045943956381455577,0.003858835740694455,15.173067178515092,0.0017345210425047566,0.00307532954712546,91.62794668460906,-0.14132807123599245
both_constraints,Both constraints,5.0,99,-0.004595647516067979,-0.00024328319814268301,0.001554576769990712,6.874557904426078,0.00071905824396136,0.003119487848377149,93.34455685778659,-0.10328298322012097
both_constraints,Both constraints,10.0,0,-0.004418867480371172,-0.0002131225013659143,0.0024407832061899004,10.050839200943898,0.0011131986339013474,0.00298284823228408,99.46210717331628,-0.10603451004413644
both_constraints,Both constraints,10.0,1,-0.018583627813480025,0.0001607388007717105,0.008884483685620448,2.419510537052538,0.00023867081913172357,0.003045833461684664,102.21387069214835,-0.05457698205144734
both_constraints,Both constraints,10.0,2,-0.008070389040124904,0.000611835043298628,0.004387739911298927,7.691845524900742,0.0006906736737232336,0.0031948432250657383,110.35018735322713,-0.03687917449544065
both_constraints,Both constraints,10.0,3,-0.010974591603459443,0.0006607518993778734,0.008651281337341388,7.422765364283598,0.0006584581344929322,0.003030024842160198,104.12917032841582,-0.11185370934180017
both_constraints,Both constraints,10.0,4,-0.005953816302786514,-0.000192509352087845,0.0022227303235857754,5.416013912268573,0.0005771961274731983,0.0030238128812712546,101.33929237764862,-0.09432304530122348
both_constraints,Both constraints,10.0,5,-0.005233176009753534,5.755905821877169e-05,0.0026016346488074715,9.347684633736362,0.0009256507420769062,0.0031244358143449856,101.37335521324418,-0.1111444334803744
both_constraints,Both constraints,10.0,6,-0.0063221702350634,-0.00024442548444343366,0.0012994367614225233,2.7953916421360616,0.00029159771988466094,0.002968283296896112,93.23230370478208,-0.08454642605063789
both_constraints,Both constraints,10.0,7,-0.006592022462234069,-6.56635069484026e-05,0.0033309853856899885,7.416819375190083,0.0007667889214453106,0.003165950936205874,99.14933979525792,-0.09616712267829697
both_constraints,Both constraints,10.0,8,-0.015295179677364495,0.0007254942683536402,0.010097521651043051,4.659371931701542,0.0004344511209418745,0.0031752718133794427,105.06744565931027,-0.05754546247104786
both_constraints,Both constraints,10.0,9,-0.004856382713608703,-0.0002590422671449517,0.0012087098436631694,4.166990164738653,0.0004447619788691247,0.0029310568227035117,92.82634385193322,-0.0870646083394272
both_constraints,Both constraints,10.0,10,-0.007016597999195069,-0.0005671298577483826,0.006178512198282027,10.524851894905783,0.0011822273185508618,0.003072076200090167,93.16404010389837,-0.10902853033867188
both_constraints,Both constraints,10.0,11,-0.04482850201695978,-0.0002358968397667718,0.022539260646660786,0.9722883858439217,9.804752176474844e-05,0.002959582773064244,99.61695935001377,-0.046586342816010484
both_constraints,Both constraints,10.0,12,-0.009531223314716016,0.0004861597879742395,0.005367225376177287,6.531263558754855,0.0006044181949333616,0.0031976480855470434,106.71218871840317,-0.05594543045319955
both_constraints,Both constraints,10.0,13,-0.0011980458544038149,5.309098839121913e-05,0.00014448471801986607,9.089073356172864,0.0009264769017213965,0.00302370957181889,104.10843392666065,-0.0639015423627205
both_constraints,Both constraints,10.0,14,-0.00549274465284865,-2.2736528114452906e-05,0.002327335343686343,6.71499130477958,0.000690814308888378,0.0029921048359653085,101.77735252224697,-0.07474825171589139
both_constraints,Both constraints,10.0,15,-0.0056833395182094406,-0.0002758996938479001,0.0017358855606764978,4.8117521081651695,0.0005137023322483913,0.0030804015316272214,93.04626735769216,-0.1048202620871308
both_constraints,Both constraints,10.0,16,-0.008962312102316525,-0.0008066910988196155,0.006613588043443253,7.183546592456333,0.0008000856518241015,0.003112549590012244,89.56694760112869,-0.1134589062507918
both_constraints,Both constraints,10.0,17,0.0036819631638638183,-0.00018926078202858955,0.0023237323501390517,16.214806976863834,0.001674344890404282,0.00310779966359732,88.86682546962416,-0.15479310254897127
both_constraints,Both constraints,10.0,18,8.540451868671597e-05,-0.00017637777267198675,9.591857961233075e-07,11.629296127305318,0.0012369319263817896,0.0030573481832001305,91.49012481486831,-0.1165162160055887
both_constraints,Both constraints,10.0,19,-0.017456676232572764,0.0006042944792140231,0.00970851594992328,3.0660810415866444,0.0002863978978035973,0.0029976059986136006,104.90049618322666,-0.08432236293625717
both_constraints,Both constraints,10.0,20,-0.009851706972516984,-0.00029594061604732444,0.005551336557181652,5.1629678784890585,0.0005473255574315927,0.0030958904974774746,98.37594519340563,-0.09051532875399415
both_constraints,Both constraints,10.0,21,-0.0014230107775034895,0.00038119629365396414,0.0005620553773403314,30.55460463210318,0.0026368581252468088,0.0030787421103350065,115.31405142536785,-0.03612374239363936
both_constraints,Both constraints,10.0,22,-0.01144624784513293,-0.0009214501833227952,0.009597118000648774,5.473448019275824,0.0006103799309087172,0.002883757352485987,90.63990584497833,-0.09650664635889772
both_constraints,Both constraints,10.0,23,-0.007891147191536938,0.00027095532893511886,0.004557748979895915,7.596528034646226,0.0007077477762036621,0.003112115223067053,101.82568571513066,-0.11216000881975097
both_constraints,Both constraints,10.0,24,-0.029189071479739294,-0.0004012722584228078,0.012645827211877236,1.6609312874241013,0.00016943801858062293,0.0033626244978548652,101.6491005428361,-0.057809243319437376
both_constraints,Both constraints,10.0,25,-0.018434358056728203,0.000363847860949626,0.009834502326302896,2.7773480124485186,0.0002682897064454608,0.0030475370711540127,101.34310115009157,-0.05845451353804776
both_constraints,Both constraints,10.0,26,-0.008184367398157137,0.0001879079468138738,0.00391831997892611,5.679383131388844,0.000562014981465689,0.00310044147908704,103.54355036399068,-0.05663467194734417
both_constraints,Both constraints,10.0,27,-0.029810902594362483,0.0005320825032655003,0.014930664769238877,1.6165449262991756,0.00015513374715261385,0.0030356719061665834,100.02194545426983,-0.05481701426164698
both_constraints,Both constraints,10.0,28,-0.012264478983489376,0.0004944954291807699,0.007722164734984882,5.282413032694936,0.00048606805553452027,0.0030799706857508554,103.14802703144758,-0.0818372495848293
both_constraints,Both constraints,10.0,29,-0.007857253702891902,-0.0005170158706866643,0.005071362335103191,7.541818381640967,0.0008199256743773955,0.0031595790985828555,92.83006373458468,-0.10544038675934242
both_constraints,Both constraints,10.0,30,-0.010807077996960306,1.0645582087372268e-05,0.004505520195780877,3.172997277971075,0.0003206478609959591,0.0028796316987857815,102.34212085355769,-0.06308562884038549
both_constraints,Both constraints,10.0,31,-0.010237467425803528,-0.00038251687114377166,0.005663062592071055,4.671022255496522,0.0005004810967577685,0.0030445380218426404,95.49140308768015,-0.09045526476674903
both_constraints,Both constraints,10.0,32,-0.006301062252927816,-0.0003342791577314014,0.003809831967809596,8.399195942913947,0.0008931262766162473,0.0030527749995848956,94.74986272685501,-0.10988073183286051
both_constraints,Both constraints,10.0,33,-0.021421136858362375,-0.0013794315554457163,0.014782287505967329,2.9091994664876903,0.00032640905980850065,0.0031742995393946156,91.30405072769845,-0.10291557337954194
both_constraints,Both constraints,10.0,34,-0.018007224399654912,0.0005882250032554129,0.010481658034297014,2.756413152275471,0.0002628447855957903,0.0028529552738672135,104.06265295874357,-0.03972323565675606
both_constraints,Both constraints,10.0,35,-0.012660672025704645,-0.0005320430157068793,0.007306063881640346,4.1875253390920495,0.0004435031790495908,0.003119751329863222,94.81236789425564,-0.10064168546647001
both_constraints,Both constraints,10.0,36,-0.00602440075786064,-0.00018621648577848136,0.00266491226707799,6.696531889351222,0.000694263470749847,0.0030744288401397973,95.64344223345583,-0.09738424179879379
both_constraints,Both constraints,10.0,37,-0.0195384247664505,-8.370870573569318e-05,0.008308876255034958,2.1764464208763545,0.00021877951768426167,0.0031627604598010685,97.16854844585382,-0.06528646018944184
both_constraints,Both constraints,10.0,38,-0.011587767615936492,-0.001029770986748211,0.01237132384391415,7.262487187592302,0.0008361122974069133,0.0030145650907390264,91.43893758598693,-0.12226128735791542
both_constraints,Both constraints,10.0,39,-0.00997030616582823,0.00034330975185099073,0.005819256351208835,6.370264337972354,0.0005924326174688199,0.0031842284949559745,102.41234912161553,-0.07239280780173385
both_constraints,Both constraints,10.0,40,-0.01854753581230555,-0.0010199735884976332,0.013109655919193774,3.5342999949994414,0.0003875881325812885,0.0031904795244473015,93.87038747745693,-0.08009612282182643
both_constraints,Both constraints,10.0,41,-4.085089490837904e-06,-0.0002524184455237895,2.0246848642102577e-09,10.000406072836194,0.0011131482026457658,0.0030140841333411673,88.1511392471018,-0.12292539219576148
both_constraints,Both constraints,10.0,42,-0.0015100112048466053,-0.00023321287333701553,0.0004530382455687487,16.338838215293276,0.0017720753917994097,0.0029843327851576664,91.38342961471454,-0.13351812964092857
both_constraints,Both constraints,10.0,43,-0.00621078759228125,-0.00010148907172631443,0.0032014387252738974,7.528361773276237,0.0007856243388170219,0.0030795447390348776,99.32176449121218,-0.10424248307988426
both_constraints,Both constraints,10.0,44,-0.005054220504961808,0.0004229080843673696,0.002822741564914799,11.101349112399014,0.0010084491595916184,0.003018641764817185,109.44222383192749,-0.04939908784581826
both_constraints,Both constraints,10.0,45,-0.000526831372552285,0.0002925664016960647,2.519596993433293e-05,10.093685615009242,0.0008847223344480332,0.003100594664826866,114.23455193094216,-0.040650655020915694
both_constraints,Both constraints,10.0,46,-0.009681393119653903,-0.00015533908504986976,0.0050193996538890895,4.741056913153578,0.0004858917355364822,0.0030149597421825288,99.19212424568818,-0.07341145890081702
both_constraints,Both constraints,10.0,47,-0.01964201597905641,0.0004002563562623917,0.010420926350354076,2.997133914916897,0.00028800992798676283,0.003268583788669893,102.12512205648106,-0.06007651841313921
both_constraints,Both constraints,10.0,48,-0.016141947913703523,-6.3541093518975e-05,0.007915506807930961,2.588579518683471,0.00026305200212061087,0.002944416858328286,100.56238163906146,-0.05593628849417853
both_constraints,Both constraints,10.0,49,-0.00040594478672316094,0.0001351452136900661,3.268871321948641e-05,18.955632116809277,0.0018660685824936978,0.0030637007959146982,106.90607092831036,-0.08365507638665048
both_constraints,Both constraints,10.0,50,-0.015055392582807787,0.00035491731905434545,0.008082899574144209,3.586009498033346,0.00034756575941030546,0.003124693570437203,102.69910780299612,-0.058200756247939966
both_constraints,Both constraints,10.0,51,-0.025563737369830596,0.000509938992133852,0.012788485591182952,1.9959038389265402,0.000192309954266915,0.0031315396177692225,100.00636161143223,-0.059021658659066834
both_constraints,Both constraints,10.0,52,-0.007371163033404014,0.00039995705086433574,0.004554199150639704,8.288879115865285,0.0007825360966449932,0.003057045407170021,105.98997843955976,-0.05186655417577568
both_constraints,Both constraints,10.0,53,-0.009337582626720525,-0.00022922430126036001,0.004865768679977012,5.120971195618927,0.0005394712696598476,0.003110260426034529,99.51873731367323,-0.08704270192910202
both_constraints,Both constraints,10.0,54,-0.0056063143262671394,7.269105967282702e-05,0.0028502168418796936,9.072808631627987,0.0008868334319809558,0.0031301942164951553,100.45144873536763,-0.06411530703186286
both_constraints,Both constraints,10.0,55,-0.0008120933428919744,-0.00023674437078972,5.259759608311487e-05,6.8301205700256435,0.0007386042721822064,0.0030251332947377474,90.047743440141,-0.11474171571499892
both_constraints,Both constraints,10.0,56,-0.0138649327041904,-0.0008764051737333194,0.010879816420676036,5.128789519100325,0.0005735090458928684,0.0031837643841769775,96.47478035547425,-0.0990799818848267
both_constraints,Both constraints,10.0,57,-0.02024713015926224,0.0009043895859200656,0.013508783906347355,3.402666618440714,0.00031433717996173023,0.0030913837182890767,104.62784278171293,-0.05557665548081003
both_constraints,Both constraints,10.0,58,-0.0159290919138643,-0.00022319119542256455,0.008216985467901394,3.1028051039937754,0.0003169932960102095,0.003131724774787515,99.01135817984644,-0.055993466961164806
both_constraints,Both constraints,10.0,59,-0.0005730531078220429,-0.00011512230148716516,1.9680765193208494e-05,5.623934678671238,0.000566066329956616,0.00305253393346457,94.22495090784014,-0.11405415655683016
both_constraints,Both constraints,10.0,60,-0.015255399771069496,0.0006531480446782863,0.009361151960041059,4.289053385778571,0.0004018663683717922,0.00316252151272383,105.11856856103614,-0.0703846354041956
both_constraints,Both constraints,10.0,61,-0.01149357020842467,0.0001912412493183664,0.005862168258699341,4.369488524258925,0.00041325060963748875,0.0030534729844054614,100.32339104595425,-0.08239665431321386
both_constraints,Both constraints,10.0,62,-0.007919290594393657,-0.0006544062535638138,0.007631821461933752,9.779499842037232,0.0010965794510788857,0.003004788838205315,93.18792120359967,-0.12800101800275898
both_constraints,Both constraints,10.0,63,-0.013085377592087635,-0.0006466463502572071,0.007843167196166845,4.155138449226087,0.00044779970889601185,0.0031255648493927757,93.77773966156057,-0.08772887444754396
both_constraints,Both constraints,10.0,64,-0.009572669003534222,0.0004927176914532906,0.0064891226609882224,7.132818608695731,0.0006582558378617733,0.0030516542695068097,104.99688197269977,-0.0509739545515584
both_constraints,Both constraints,10.0,65,-0.013186515061352853,-0.000320177218165827,0.0071797196255776186,4.0427242342445,0.0004174532924387654,0.003182675684374793,98.31105578958795,-0.08282537939561363
both_constraints,Both constraints,10.0,66,-0.0021333098734293786,0.00023035844967282272,0.0005657532128089393,11.352316519515268,0.0010655888831677372,0.0029227280853290107,108.709864504996,-0.03845720538799402
both_constraints,Both constraints,10.0,67,-0.010329243056394532,-0.000884406366265851,0.010664944008263455,8.737218007198491,0.0009933259474415308,0.0031549380499101836,94.13302215597061,-0.11674839239408741
both_constraints,Both constraints,10.0,68,-0.0008791079520480905,0.00029484256102488895,0.00012371862025961633,17.803794715086887,0.0015673320764728247,0.0031203022821201312,113.41693252722557,-0.03758775923485125
both_constraints,Both constraints,10.0,69,-0.006717458304660251,-0.00019876633890846684,0.003261462810811744,6.834244125413249,0.000714004016871193,0.003144137357332912,96.13533646588604,-0.11602814484694224
both_constraints,Both constraints,10.0,70,-0.00922729337007663,-0.00023144552346407476,0.004357328607566213,4.665839574891373,0.0004815707735508604,0.0030672282854993693,96.11351371917816,-0.0833086586689682
both_constraints,Both constraints,10.0,71,-0.013933086367474808,0.0005868257180362388,0.006942151529586216,3.6484802021570126,0.00034213933642812764,0.0030863636565260835,106.79543372212964,-0.0527733302121981
both_constraints,Both constraints,10.0,72,-0.015938717122962208,-0.0006591860406643691,0.010026043634527415,3.3473051057605208,0.00036156113814736783,0.0030290115502611035,95.56332473244356,-0.08178398935536879
both_constraints,Both constraints,10.0,73,-0.004687292899513566,0.000427081897961246,0.002855871904236751,14.137789944450004,0.001294847264431387,0.0031554004360133015,109.64288124610721,-0.05257865397331363
both_constraints,Both constraints,10.0,74,9.259755806831821e-05,-0.00022849224933495614,1.8852595401464e-06,17.66277877865699,0.0019350774043061759,0.0029603292195657174,89.04588180674882,-0.1330909863392743
both_constraints,Both constraints,10.0,75,-0.01225911185442026,-8.016875140946663e-05,0.005282468686955144,3.221535391593098,0.00032588692116755744,0.0030419403019288933,97.29350194351866,-0.06552011344387165
both_constraints,Both constraints,10.0,76,-0.0007183686682426619,0.00032067069347443836,0.00016516212177686285,36.911605983628434,0.0031240575960536816,0.0031211770772115424,114.89471635498808,-0.04472678079806092
both_constraints,Both constraints,10.0,77,-0.005531142600084104,0.00010896423781509545,0.001073818697767126,3.1208786950745293,0.0003104521120000876,0.0029514029105312885,105.37790736204616,-0.04889403871916009
both_constraints,Both constraints,10.0,78,-0.013683066418086181,0.00024277174887435562,0.007213525360458495,3.595202816316309,0.00034504718805664113,0.002995584657815522,101.44740725353347,-0.06858697315600526
both_constraints,Both constraints,10.0,79,-0.005209750987373373,-2.6919197036060493e-05,0.002177898679136314,7.437217360202989,0.0007590323970578974,0.003074935434725999,101.83719824534695,-0.06489477852521941
both_constraints,Both constraints,10.0,80,-0.0015310411811464944,0.00015919013577117962,0.00033423845545288433,12.639509028317018,0.0012069720969370072,0.002905978248826923,106.96764268090149,-0.08182216999483627
both_constraints,Both constraints,10.0,81,-0.0049627620901156804,0.00032694457285778564,0.0023281014046830917,9.180671815676735,0.0008546587602528085,0.003004429269626646,107.79822894496436,-0.03338223374038085
both_constraints,Both constraints,10.0,82,-0.01760035314534927,-0.0001713459990878814,0.00890140858575883,2.6934139234086443,0.00027563624972678336,0.003100070552567338,98.78733273515934,-0.07875081567024078
both_constraints,Both constraints,10.0,83,-0.013250201935965508,0.0006396833952294963,0.008082496350877766,4.630240136209496,0.00043354435797298075,0.0030683434637503054,106.32309980278241,-0.059263615054825025
both_constraints,Both constraints,10.0,84,-0.029417612330266508,-0.000534978199927893,0.015633827657080546,1.6273319720049322,0.00016732588259397367,0.003046425691887711,98.3505308618415,-0.06818636776199316
both_constraints,Both constraints,10.0,85,-0.0014558925183224222,0.0004313925916595296,0.0006631735857173249,33.80575424035829,0.00284753203918444,0.003012914590202895,117.22206082036718,-0.024598593976936756
both_constraints,Both constraints,10.0,86,-0.0011883648699618707,-0.00023040921705681804,0.00014361447724176024,8.376075599781625,0.000910553612806849,0.002981006612384729,90.77221798608507,-0.11948963415791158
both_constraints,Both constraints,10.0,87,-0.006516079526678031,0.00010270970653003556,0.0028777140236916354,5.9359227549677165,0.0005824291308668335,0.002930073299786285,98.96858585927058,-0.09139505385994806
both_constraints,Both constraints,10.0,88,-0.003998797865038264,-0.0004981189405872594,0.0035798567233786827,18.16673716737225,0.0020170450600033654,0.0030024926723806987,89.74193867050677,-0.129784776678451
both_constraints,Both constraints,10.0,89,-0.008125154090577956,0.0005953308428869523,0.005121910627436055,7.975331098426387,0.0007291168266411013,0.0030626486768322737,109.32365013004089,-0.039045683683497034
both_constraints,Both constraints,10.0,90,-0.016649211824951046,0.0004700991635441065,0.009033848930386057,3.012253742989578,0.0002861532882665584,0.0029641512571879206,103.8292696622805,-0.04964662619962246
both_constraints,Both constraints,10.0,91,-0.004680326681796918,-0.00034933609807604143,0.0022351216067526547,8.758590689933152,0.0009498715052223241,0.00304841273295075,92.13207360832986,-0.11129400329875938
both_constraints,Both constraints,10.0,92,-0.002291163443981492,8.650621027948081e-05,0.0008822588101347062,18.793392240686316,0.0016924043104320741,0.003170114962483894,98.91328503713734,-0.1256098797856302
both_constraints,Both constraints,10.0,93,-0.03431381515856464,0.0010816111181154455,0.019817528234042592,1.873643985313298,0.00017714099815701966,0.003246488004879253,103.72063206613781,-0.061254471277468525
both_constraints,Both constraints,10.0,94,-0.012090082387645473,0.00029478700348851657,0.006257189411683628,4.295676206500799,0.0004077168203173203,0.0030862481921674428,100.38249886308031,-0.08934163171001519
both_constraints,Both constraints,10.0,95,-0.00941419614825714,-0.00044307555827582045,0.0047785139064008275,4.437123629610518,0.00048333848404638597,0.002983841978904249,99.92762459400852,-0.08700671314857078
both_constraints,Both constraints,10.0,96,-0.008624656225244826,-0.00012403923583120986,0.002398942576629537,3.034700734283174,0.0003087409597609075,0.0030759752937110345,95.2226491192674,-0.08206584217215729
both_constraints,Both constraints,10.0,97,-0.0029926213705171374,-0.00020503460907160824,0.0005834173514924768,5.774884974885384,0.0005949357162625932,0.003009183414293938,92.81744388343722,-0.1073652295563825
both_constraints,Both constraints,10.0,98,-0.017581949952177017,0.0006232714084754437,0.010282950617074516,3.4788882118849185,0.0003265903125221511,0.003135388843917549,104.23438860651214,-0.057714872736033374
both_constraints,Both constraints,10.0,99,-0.005466550360971148,-0.0004335939116783188,0.002686293091884062,7.338972980354389,0.0008097237200538862,0.0029962217850327977,91.19279925123773,-0.09740437418818937
