day,price,volume,return,wealth_multiplier
0,100.0,0.0,,0.5
1,100.03587201163835,4800.985712299367,0.00035865579170479833,0.5
2,100.1411999320251,4343.396488991084,0.0010523475949000272,0.5
3,100.12485569707322,4676.174104581246,-0.00016322521494505082,0.5
4,100.1337033516638,4158.490850363638,8.83623115868204e-05,0.5
5,100.29107371411757,4124.3657578585935,0.0015703686649732873,0.5
6,99.2736128793099,4020.0209587693935,-0.010196890724193608,0.5
7,99.09906586663936,4509.673858438072,-0.001759789289731195,0.5
8,99.63788037471242,4715.689556828953,0.0054224022102404845,0.5
9,99.79263818199676,3661.8520926437245,0.0015519975525117857,0.5
10,99.5735971235835,4190.582358763469,-0.0021973745575660786,0.5
11,99.44505719687886,3430.6937795283384,-0.001291737651596847,0.5
12,99.56701616183837,3250.779973936952,0.0012256440342381936,0.5
13,99.84086371046922,4279.099627782755,0.0027466088196899108,0.5
14,99.62163265001723,3696.9700308706747,-0.002198219241534183,0.5
15,99.75987820409358,4298.521267340224,0.00138674419346696,0.5
16,98.92834847784316,4096.736131196432,-0.00837024513176754,0.5
17,98.5910151003672,4029.4354956520956,-0.003415702636317519,0.5
18,98.420407039825,4200.773346939266,-0.0017319615414832512,0.5
19,98.57065756666141,3774.9820280440367,0.0015254555456394314,0.5
20,98.70169972837353,3828.0610060028275,0.0013285407320449139,0.5
21,98.5998795632699,3637.3757772534386,-0.0010321273099602735,0.5
22,99.05943645889329,3367.071872842638,0.00464999811731559,0.5
23,99.04025808304044,4014.9016674904396,-0.00019362347788653977,0.5
24,98.55063816983744,3915.6424904415994,-0.004955905607165079,0.5
25,98.7827018903433,3488.591004769458,0.0023519981713633342,0.5
26,98.91350284655361,4257.647893147053,0.0013232522644566203,0.5
27,98.95715222492245,3491.4716516127432,0.00044119103018136485,0.5
28,98.77440850362518,3867.060444068009,-0.0018484026794105546,0.5
29,98.78559913907603,3905.1434302107223,0.00011328846962843642,0.5
30,98.5440629975806,3499.4871341169714,-0.0024480482002156023,0.5
31,98.4456187045101,4057.0250458480728,-0.000999486880887801,0.5
32,98.96324901316213,3446.5520836774704,0.005244257777968997,0.5
33,98.67514377746738,3478.335952733936,-0.0029154804964957037,0.5
34,98.6183409269974,4513.478281086844,-0.0005758208602228976,0.5
35,98.80995234116418,3734.2800804565986,0.0019410741100696072,0.5
36,98.72195933867651,3651.5558351483864,-0.0008909244846533326,0.5
37,98.90029894853913,3557.524245847455,0.0018048539655399765,0.5
38,98.87921009997365,3706.5622144866393,-0.0002132561532466326,0.5
39,98.44677532011966,4089.9425622813656,-0.004382955151090329,0.5
40,98.19306871629307,4229.667729171813,-0.0025804205230812727,0.5
41,98.04726967511584,3893.3022864382997,-0.001485923528250943,0.5
42,98.14171828470324,3827.4809737703627,0.0009628330098045979,0.5
43,98.23256128949265,3745.5986997834775,0.0009252027451509548,0.5
44,98.25712266455672,3519.896039634236,0.0002500016764006574,0.5
45,98.17671674523405,3715.442487146743,-0.0008186565416110625,0.5
46,98.7018958589394,4145.129409210575,0.005335067658561954,0.5
47,98.70879404323276,3920.7001473600085,6.988663379470239e-05,0.5
48,98.46500157570728,3929.930944353439,-0.0024728700991376584,0.5
49,97.86511320208044,3801.941014079702,-0.006111036416349691,0.5
50,98.17185028716577,3847.492360677209,0.0031293826424318993,0.5
51,98.24727498857482,3712.874380013843,0.0007679975665348948,0.5
52,98.06376599226459,3500.057994101206,-0.0018695744146128845,0.5
53,98.17752953649914,4025.2546964821136,0.0011594252542206362,0.5
54,98.22993230796732,4266.90901562989,0.000533612849731746,0.5
55,98.33666766869446,3296.540532986105,0.001085997023197116,0.5
56,98.15167254995603,4067.9673573539358,-0.0018830142612493717,0.5
57,97.7938069633488,3546.916789368474,-0.0036527097781648976,0.5
58,97.62182551199503,3486.2400532380207,-0.0017601610841211368,0.5
59,97.65440208415134,3666.1507047241353,0.0003336460649565609,0.5
60,98.08624991040617,3830.6059942948896,0.004412456201805526,0.5
61,98.34783675768995,3373.6588793363762,0.0026633565115972146,0.5
62,98.42845327528849,3412.1758976606616,0.000819372314574629,0.5
63,98.84214001352703,3923.9176602461316,0.004194110614833768,0.5
64,98.65447355750263,4000.600404663926,-0.0019004529658950275,0.5
65,99.15969135034209,3701.042596223493,0.0051080153090019564,0.5
66,99.01311213050893,3973.2790223351176,-0.0014793073922261257,0.5
67,98.870841819118,3662.2848882589715,-0.0014379168504019546,0.5
68,98.30164556946279,3790.971848671436,-0.005773602984358028,0.5
69,98.5237048300146,4166.458571537729,0.0022564101048665464,0.5
70,98.76153443200592,3873.2010993124372,0.0024110239376273768,0.5
71,98.52427135518654,3797.0950552123745,-0.002405273813390174,0.5
72,98.71003821440503,3886.2612704255994,0.0018837180463693315,0.5
73,98.47706719859167,3865.728028766426,-0.0023629448155348953,0.5
74,98.5638017637976,4022.2705172830983,0.0008803713794467427,0.5
75,98.3342542506989,4047.057566768077,-0.0023316392425645205,0.5
76,98.1626258963791,3530.972740044751,-0.0017468816587458136,0.5
77,98.5566675517604,3554.576242592833,0.004006136617069167,0.5
78,98.86591845245096,4054.67883758762,0.003132885247736361,0.5
79,98.8302519621023,3540.564339271026,-0.0003608212608350314,0.5
80,98.48456189729225,3897.1984683983364,-0.003503947947312902,0.5
81,97.92198771883808,3833.8554906209506,-0.005728685912888665,0.5
82,98.3372161220769,3955.3135421746656,0.004231434905157094,0.5
83,97.90197177397182,3628.070012864813,-0.004435862851439154,0.5
84,97.63604649011587,2939.505884774844,-0.002719936001815526,0.5
85,98.17228548674427,3895.8860442635437,0.005477196315367472,0.5
86,98.09159544265997,3689.1781780621836,-0.0008222608077304017,0.5
87,97.63823471253129,3586.2261337292516,-0.004632523724558801,0.5
88,98.04958114439464,3950.9189019620703,0.004204114966754879,0.5
89,97.73057292182718,3452.8599627714902,-0.003258844150091811,0.5
90,98.16785671238307,3555.35245306696,0.004464400430972404,0.5
91,97.70760492181411,3656.7128148880865,-0.004699441510174651,0.5
92,97.98889541136012,3448.88536098022,0.002874764574623434,0.5
93,97.64799195087035,4725.572194614437,-0.0034850667492047904,0.5
94,97.10386179769161,3997.530686313535,-0.005587947519716252,0.5
95,96.96285642463889,3855.2197091575536,-0.0014531641402255602,0.5
96,97.047547153207,3742.6843450397464,0.0008730535310039755,0.5
97,96.79122622959365,3796.869739604756,-0.002644683192531083,0.5
98,96.76861620760822,3982.3381619457227,-0.00023362306771446129,0.5
99,96.98461485129438,3616.3006042491347,0.0022296271601494055,0.5
100,97.0102040439736,3877.9756326593397,0.00026381315721124565,0.5
101,96.68512511734947,4031.045851803433,-0.003356603726563101,0.5
102,96.7436133772227,3485.715407790991,0.0006047525523973363,0.5
103,97.06795526832681,3923.829503473632,0.0033469848693981064,0.5
104,96.83617957424724,3998.5042991334167,-0.002390622610006332,0.5
105,96.85341449515707,3213.8512066549306,0.00017796434587147303,0.5
106,97.2954411207058,3841.824331726091,0.0045534895161187805,0.5
107,97.39827283663864,4479.784063048738,0.0010563435604034055,0.5
108,96.99005076040775,3597.7045631342894,-0.004200074045439983,0.5
109,96.38626120801793,3558.9914411618893,-0.006244730891706851,0.5
110,96.19065989595492,3387.352070993837,-0.002031410391298394,0.5
111,95.73730582609996,3931.448415288023,-0.004724219436407218,0.5
112,95.50697117629495,3695.4687136059765,-0.002408801610049416,0.5
113,95.67133565607233,3344.8720153525082,0.0017194892349241542,0.5
114,95.75146248409052,3783.8954811036333,0.0008371712614847482,0.5
115,95.5370701633485,3815.852947433011,-0.002241560511174967,0.5
116,95.72515605338425,3624.8950558642186,0.001966786169820267,0.5
117,95.84523410703679,3582.2100027990355,0.001253618257787359,0.5
118,96.03262711793967,3423.1729457905567,0.0019532536925837007,0.5
119,95.95889218036189,4397.865089049759,-0.0007681062316970966,0.5
120,95.82900716022256,4256.594024941831,-0.001354465432312324,0.5
121,95.35022739856669,4257.5859839866425,-0.005008710948098738,0.5
122,95.56761788281506,3120.6103068012826,0.0022773206756063757,0.5
123,95.80141422847801,4031.0446539814934,0.002443409567390198,0.5
124,96.30706011500307,3618.0794312710937,0.005264182706581799,0.5
125,96.2306420675693,3685.4841766554628,-0.0007937983115011704,0.5
126,96.30713694209047,4489.643916538077,0.0007945960417679032,0.5
127,96.99497535770507,4142.363118068518,0.00711674911952187,0.5
128,96.7247885915088,4297.4098780172735,-0.0027894618069312926,0.5
129,96.93199239491072,3638.0394020585613,0.002139908361748155,0.5
130,97.24860025660871,4046.532748624008,0.003260965866251908,0.5
131,97.85472845413159,3456.3045111636375,0.006213427024300167,0.5
132,98.1995857308275,3694.7798562037033,0.003517980553477962,0.5
133,98.97397851659707,3869.5203939512803,0.007854975594037583,0.5
134,99.25740509130804,3177.1422189680734,0.002859554957296062,0.5
135,99.12524286540001,3745.3501295321817,-0.0013323972315264498,0.5
136,98.64026371096367,3582.2979902187194,-0.004904597722990012,0.5
137,99.08054025875961,3817.7347539267207,0.004453525037887651,0.5
138,98.62802423015461,4195.665054160981,-0.004577614732713897,0.5
139,98.92669807284473,3820.64719050512,0.003023709752603132,0.5
140,98.29751827719217,3667.87123294084,-0.006380371961850706,0.5
141,98.06269019296253,3851.5378730372354,-0.0023918104182989453,0.5
142,98.30916354984146,3605.4406501174117,0.002510273051966827,0.5
143,98.47765169807897,3883.631364039914,0.0017123930706084423,0.5
144,98.73475345914957,4032.40536301911,0.0026073603891276775,0.5
145,98.70297537162423,3656.574378491954,-0.000321904916430249,0.5
146,98.55509719560328,3830.6170178701404,-0.0014993374091014644,0.5
147,98.11604685984639,3783.712958713895,-0.004464824438024095,0.5
148,98.79808776961106,3564.5863987496123,0.006927320260825098,0.5
149,99.4032808537446,4048.983096056273,0.006106869686803407,0.5
150,98.79424055678669,3568.727452516135,-0.006145810599716306,0.5
151,99.09549777212382,3439.701124868951,0.0030447000497071386,0.5
152,99.2343676588289,4279.15542961221,0.0014003933204724817,0.5
153,99.42184697314144,3951.8608938171787,0.001887475509576575,0.5
154,98.7692307390935,3729.2685139205482,-0.006585751491528846,0.5
155,98.87981640002072,3473.2884439031927,0.0011190104285079272,0.5
156,97.93391309142491,3666.4578173662244,-0.009612241931550969,0.5
157,97.7802195682581,3783.8835167192588,-0.001570592298797635,0.5
158,97.41564970384212,3748.1019900764272,-0.003735430362254988,0.5
159,97.30920700517068,3242.8258829264028,-0.0010932626791699818,0.5
160,97.7087775948094,3568.1810210400135,0.004097787694669286,0.5
161,98.07279843838941,4281.2734283518275,0.0037186467740122353,0.5
162,98.02544374599779,3784.493788443113,-0.00048296907493572405,0.5
163,98.08788281522283,3832.7931718809464,0.000636765205400458,0.5
164,98.2197588221856,3746.3390604176525,0.0013435648831698899,0.5
165,97.53654627949345,3486.168230642801,-0.006980263715238522,0.5
166,97.54813947777313,4159.383718094796,0.00011885298170266623,0.5
167,97.38702149214174,4364.559971055642,-0.0016530421861125077,0.5
168,97.78435844498063,4025.085417653358,0.004071677946902774,0.5
169,97.9193600583119,3863.267639903065,0.0013796532409067197,0.5
170,97.72596431105701,3314.124169664466,-0.001977004161685336,0.5
171,97.10625159571981,3735.057211607179,-0.006361522937874398,0.5
172,97.28554762340784,3983.1928614524068,0.001844687679745327,0.5
173,97.40658945093685,4054.7652641728187,0.001243417889833509,0.5
174,97.38908028143145,3932.380709680858,-0.0001797695973078106,0.5
175,98.09371312840511,4043.6094975508113,0.007209185897807835,0.5
176,97.91251256411799,3999.161369625345,-0.0018489271477672986,0.5
177,98.05588984868434,3259.2988918775413,0.0014632696739260709,0.5
178,98.05083849703765,3434.940454782135,-5.1516352248093256e-05,0.5
179,97.79543220677476,3978.240077375704,-0.0026082338370461144,0.5
180,97.920686108764,4181.460995159652,0.001279955071328942,0.5
181,97.42750352473315,3828.313893365845,-0.005049277730924118,0.5
182,97.24307052953581,3775.855712866017,-0.0018948220733916443,0.5
183,97.58798168720803,3821.2309722377727,0.003540621621297646,0.5
184,97.35787270159844,3245.2305336807026,-0.0023607487648309444,0.5
185,97.45574234195328,4031.516823334217,0.0010047516295665915,0.5
186,97.36707231500131,4095.183377900482,-0.0009102633408790695,0.5
187,96.7852529690345,3586.2633337261345,-0.005993449594420497,0.5
188,97.08737228129239,3615.357551108746,0.0031166809282723307,0.5
189,97.05799269006461,3479.1049790883003,-0.00030265560505515765,0.5
190,96.68212003874197,3861.6048916340637,-0.0038801786332900434,0.5
191,97.41207695861256,3200.7139372400766,0.007521712371343803,0.5
192,97.30077980329418,3217.641845150974,-0.0011431927946663478,0.5
193,97.05131153603404,3382.466731657794,-0.0025671800344335693,0.5
194,97.11768986881475,3996.1021616689422,0.0006837171215412496,0.5
195,97.17678070197319,3864.281180476985,0.0006082605933839247,0.5
196,97.9193127187429,3667.3226081779712,0.007611998673016096,0.5
197,98.00706624447656,3489.61522041516,0.0008957806709437577,0.5
198,98.24745899969983,3199.691559615441,0.002449807209812249,0.5
199,97.9409919457668,3827.268149482199,-0.0031242134971147806,0.5
200,98.16954620522736,4432.233377488052,0.002330872834195752,0.5
201,97.85338867187461,4484.47718777632,-0.0032257226195842037,0.5
202,97.62068487432478,3296.7355143877485,-0.002380918382237418,0.5
203,97.83894915734285,3876.4061249027873,0.0022333447498912307,0.5
204,98.09298661555772,3775.289222786286,0.0025931209178757797,0.5
205,98.10836755194183,3590.301711344449,0.0001567872605248155,0.5
206,97.65240729100933,3704.3623545568826,-0.00465834982349822,0.5
207,97.86016201845418,3372.179025021732,0.0021252322177982563,0.5
208,98.00924632153169,4132.437439567594,0.001522282965277455,0.5
209,97.9496767620369,3886.5260997384535,-0.0006079800847276218,0.5
210,97.9696804549797,3659.3667689196964,0.0002042033344373806,0.5
211,98.1237544356055,4003.553942951107,0.0015714346828366033,0.5
212,97.95856431559163,3950.985791960368,-0.001684906218428317,0.5
213,98.23500350058953,3773.128224595756,0.0028180268192770086,0.5
214,97.25534235087943,3571.102208093242,-0.010022687783973971,0.5
215,97.16099313407703,3932.0531876528457,-0.0009705894720610786,0.5
216,97.55583846121846,4073.9736986844673,0.004055590521904406,0.5
217,97.62246584737557,4159.0393671808015,0.0006827335546457647,0.5
218,97.58593140010727,3816.3338566961274,-0.0003743122551087552,0.5
219,97.72596616704378,3396.7212455985705,0.001433960682132529,0.5
220,97.43432932230635,3697.7585806611896,-0.0029886925625728367,0.5
221,97.11348476665682,3475.09817745224,-0.003298364960099498,0.5
222,96.97010772274872,3411.493407809621,-0.0014774774946300084,0.5
223,96.98578377999473,3127.4141305239086,0.0001616455902286873,0.5
224,96.44228743771365,3086.520825393698,-0.005619636996580191,0.5
225,96.50282896332442,3530.9213908188744,0.0006275518005010028,0.5
226,96.32800652809908,3942.1136616644644,-0.0018132212379606827,0.5
227,96.57484558923372,3784.7665066895893,0.002559207322741841,0.5
228,96.29536302071973,3817.272497125058,-0.0028981434317740806,0.5
229,96.34294110647238,3745.424345870528,0.0004939628900455517,0.5
230,96.75319217453423,3567.7076917483005,0.0042491962772182035,0.5
231,96.3803432940797,4030.1770076918624,-0.003861052330904613,0.5
232,96.28196275635534,4191.557954402768,-0.0010212744598785406,0.5
233,96.30060091178427,3743.934631550609,0.0001935601555214106,0.5
234,96.23176265160303,4010.129642701875,-0.0007150825122650417,0.5
235,95.97559528490329,3710.8417481904826,-0.002665532902836887,0.5
236,95.87335296970377,3930.904596045158,-0.0010658627613979732,0.5
237,95.71693834402839,4022.2862653733714,-0.001632803618112355,0.5
238,95.43823888708789,3614.239182502203,-0.0029159519344856832,0.5
239,95.68007981422139,3653.311863180636,0.0025307993274354956,0.5
240,95.98533365642112,3768.9018228954656,0.0031852810036481216,0.5
241,96.16443929568419,4088.6797637122186,0.0018642300574462922,0.5
242,96.61349265497311,3854.7976834284846,0.00465877154027261,0.5
243,96.67967573028818,4184.314396119894,0.0006847947959487399,0.5
244,96.72597909155621,3589.694550450381,0.00047882118230102577,0.5
245,96.4949224771355,3554.6500829954334,-0.002391632816947542,0.5
246,96.36591343483181,3523.986912317016,-0.0013378461307160805,0.5
247,96.30808439929064,3760.3843268889077,-0.0006002785838017388,0.5
248,96.20025935958972,3682.5090001407584,-0.0011202117152029345,0.5
249,95.75986365463031,3815.8355155527574,-0.0045884162887803726,0.5
250,95.43593661639088,3823.556379284762,-0.0033884358098958955,0.5
251,95.41458898311913,3779.152966936425,-0.00022371050112290902,0.5
252,95.0543784586585,3607.5904294989505,-0.003782358446487777,0.5
253,94.96513228115046,3580.600542207758,-0.0009393370577877036,0.5
254,95.16942648615876,3894.314833775432,0.0021489442524424973,0.5
255,95.22541646156337,4078.9441768530523,0.0005881459408438872,0.5
256,95.26510697670665,4250.989176823584,0.00041671905773821294,0.5
257,95.80207685356976,4146.945419017313,0.005620758937271653,0.5
258,96.24981295774226,3774.05885105502,0.004662666071942212,0.5
259,96.59891275140797,3393.307450372848,0.0036204561239028266,0.5
260,96.74125965449696,3994.045997495439,0.0014725023469059906,0.5
261,97.09649436814925,4100.693034962021,0.003665282990277241,0.5
262,97.2210087890068,3649.1639868791754,0.0012815565852406507,0.5
263,97.00346739227194,3580.0024533053866,-0.0022401037395676227,0.5
264,97.28757179420649,3237.540226287922,0.0029245260678623097,0.5
265,97.68896603055545,3649.172122686438,0.004117365175178911,0.5
266,97.89958914370308,4399.888315522949,0.0021537374145035315,0.5
267,97.72474694989421,4241.016127583025,-0.001787530568597262,0.5
268,98.25874621627646,3742.8193498211904,0.005449444534789016,0.5
269,98.16800233200951,3234.786823239704,-0.0009239463707784168,0.5
270,98.06735643285799,3930.846508269341,-0.001025767309315917,0.5
271,97.84474927719086,3812.336338434463,-0.00227252165620051,0.5
272,98.35972326402441,3598.6183097017083,0.005249372378837158,0.5
273,98.40551535252955,4133.46624033058,0.0004654489751727553,0.5
274,97.94381196268749,3435.9748496845305,-0.004702885893401287,0.5
275,97.73585257197016,3430.4719243628006,-0.002125509255189506,0.5
276,98.29396496568796,4216.5632612739855,0.005694173557157178,0.5
277,98.05054125973545,3866.6456355545615,-0.002479558357403988,0.5
278,98.20904886918359,3520.2332060667,0.0016152855899482788,0.5
279,98.28220796311598,3860.077317637256,0.0007446549886491738,0.5
280,98.903443370721,3159.4069033743403,0.0063010412655968295,0.5
281,98.61737617842411,4258.481045959103,-0.002896579641200603,0.5
282,98.89686787330766,3340.970025051234,0.002830093422099722,0.5
283,98.65818973425363,3777.053924495052,-0.002416321384766995,0.5
284,98.39794816873317,4796.471833198809,-0.0026412952124861278,0.5
285,98.76967999797438,4022.0325402233916,0.0037707231470873737,0.5
286,98.76067810422909,3787.6042800499304,-9.114440775537247e-05,0.5
287,99.3602650682318,3858.652037347836,0.006052755301199753,0.5
288,99.20344733883611,3896.432338740598,-0.00157952085099744,0.5
289,99.61845276935686,3753.090168838371,0.00417465111248827,0.5
290,99.59672528584984,4459.390090395759,-0.00021813080514565542,0.5
291,99.7598798928106,3945.2950757676335,0.001636812015743061,0.5
292,99.90235391503397,3414.4660201118886,0.00142715068030963,0.5
293,100.29571263907454,3825.041868686902,0.003929700591180918,0.5
294,100.75667658371286,3658.667089388656,0.004585518770936936,0.5
295,100.69554647925028,3724.6693089249356,-0.0006068943336474675,0.5
296,100.74120466904182,3746.2820510336146,0.00045332532731112707,0.5
297,100.90409962650693,3838.306976460845,0.0016156586781788107,0.5
298,100.70438606894243,3924.430748650717,-0.0019812025491017238,0.5
299,100.111721247397,3716.3801909034423,-0.0059025797301854865,0.5
300,100.07611631393131,3817.769459793293,-0.00035571525498045986,0.5
301,99.86151662019384,3355.3187743472313,-0.002146667168132943,0.5
302,100.04878963821844,3635.947552643468,0.001873570966011151,0.5
303,100.23271786376277,3915.6344575322073,0.0018366975518064876,0.5
304,100.2503737266492,3775.482869309092,0.00017613318701403813,0.5
305,99.88705556958845,4042.0846456728,-0.0036306907452612336,0.5
306,100.29760851943989,3647.728519407157,0.0041017480267662165,0.5
307,100.57170210419943,3433.160115889794,0.0027290754772435477,0.5
308,100.62081226141288,3708.498830743403,0.0004881907097162852,0.5
309,100.10529515916355,3723.7049892637306,-0.005136533979789526,0.5
310,99.22804597848074,3449.6480650846897,-0.008801887725146784,0.5
311,98.80226042889741,4278.975814774608,-0.0043002125627840115,0.5
312,99.31823312939359,3802.1785303176225,0.005208687478767793,0.5
313,100.01543526538734,3548.0614445170486,0.006995355924951596,0.5
314,99.94029318603984,3780.8772287307247,-0.0007515871984926648,0.5
315,99.98125995112112,3524.0579736863892,0.00040982840531000875,0.5
316,99.96156998022622,3612.075804639938,-0.00019695600952829295,0.5
317,100.39497251877674,4226.939765533991,0.0043263195615743655,0.5
318,100.66882769060035,3865.0075468440277,0.002724064111831126,0.5
319,100.70435338082541,3729.6440585580917,0.000352834378486655,0.5
320,101.04712542941478,3445.6269286857428,0.0033979664527814535,0.5
321,100.95331505829756,3514.5875058705765,-0.0009288135969889311,0.5
322,100.51614487632469,3754.132390389541,-0.004339822703205876,0.5
323,100.69775657745505,3623.8455982728956,0.0018051610662581652,0.5
324,100.27818471626746,4106.344870390798,-0.004175350223900587,0.5
325,100.53882599614387,3338.528279403946,0.0025958102384535664,0.5
326,100.87031855134444,3553.4909637175533,0.0032917358868687074,0.5
327,100.88904354885113,3904.012156791912,0.0001856171368261883,0.5
328,100.16106729576475,3640.0905830531424,-0.007241771033884348,0.5
329,100.31520667706765,3808.0499816647684,0.0015377322076250977,0.5
330,100.06136414218506,3381.0540187926877,-0.0025336562018010156,0.5
331,99.80952893388,3984.4413353870914,-0.0025199801501694097,0.5
332,99.95271730072074,3596.7237217821416,0.0014335881185045807,0.5
333,100.1093282823775,3999.090120822405,0.0015656244360631177,0.5
334,100.20371199701243,3857.9080134108713,0.0009423622295194889,0.5
335,100.30158103911302,3587.820148452113,0.00097622410252729,0.5
336,100.46383361225426,4230.035723816694,0.001616340232180491,0.5
337,99.94238697936112,3904.3581288332994,-0.005203908422735104,0.5
338,100.14106082867893,4337.071880839622,0.001985910546715708,0.5
339,99.84627710312837,3784.301887972088,-0.0029480260309746598,0.5
340,100.01683048457849,4240.818593140423,0.0017067024015400278,0.5
341,99.9909747591528,3654.0882920914987,-0.00025854716557915935,0.5
342,99.93545346153425,3935.7115299581296,-0.0005554173056552258,0.5
343,99.40753379856534,4204.258311663556,-0.005296608668460934,0.5
344,99.68966108290292,3922.8286901132115,0.00283406778625217,0.5
345,99.25031272145466,3137.295739398283,-0.0044169009105345935,0.5
346,98.87307586741998,3366.2803718152186,-0.003808104763415976,0.5
347,98.55395003824395,3932.1430321251896,-0.003232851284192151,0.5
348,99.24360504238643,3424.115758355741,0.006973370308494431,0.5
349,99.28980021445972,3788.711287468337,0.000465364232757004,0.5
350,98.8175683617678,3526.3249108931677,-0.004767442528892829,0.5
351,98.99275473121662,3588.496967247311,0.0017712565503282818,0.5
352,99.17810263010885,3880.4404599022923,0.0018705873851088128,0.5
353,99.27018153366201,3521.528825112082,0.0009279889775726247,0.5
354,99.68706182819794,3521.5388322693366,0.004190658229703104,0.5
355,99.75995460457428,4472.319049532222,0.000730948809619214,0.5
356,99.52589536285285,3891.430486154067,-0.002348981118150739,0.5
357,99.88626478949976,3776.986534921927,0.003614321400191578,0.5
358,99.84242805775354,3609.2148995981715,-0.0004389627932290807,0.5
359,99.40835104350606,4079.3155567260296,-0.00435709915842164,0.5
360,100.07488340957104,3325.2166335485863,0.006682615191742514,0.5
361,100.66530333438983,3694.520192064253,0.0058824457317481205,0.5
362,100.40349855338962,3375.639470909269,-0.002604132779374879,0.5
363,100.23879589366292,3678.771604041207,-0.0016417545181592885,0.5
364,100.00301267042889,4529.330334527382,-0.002354986043076046,0.5
365,100.17649585701999,4047.067690794054,0.00173327661057332,0.5
366,100.2846396590001,4128.1700058165425,0.0010789504129355976,0.5
367,100.19143341020262,3711.7998157835664,-0.000929849174379882,0.5
368,99.93193677117684,3822.8924091404815,-0.002593368123162243,0.5
369,100.16097862868551,3932.4563757371175,0.002289355993318587,0.5
370,100.05545070314504,3871.44878460074,-0.0010541386205380476,0.5
371,100.09243879956779,3915.4451809507373,0.0003696076629706724,0.5
372,100.26464245380828,4154.949721745706,0.001718967910355751,0.5
373,99.48225160422183,3400.7561874648327,-0.007833862493934696,0.5
374,98.89659834878347,4020.8310158864765,-0.005904409235145458,0.5
375,99.16590129012964,3938.745948221478,0.0027193750234904,0.5
376,99.30953879568378,3071.338126213749,0.0014474086120541685,0.5
377,99.51209931691565,3867.1385825955326,0.0020376111296371846,0.5
378,99.48721686299419,3803.763647376617,-0.0002500757744172688,0.5
379,98.87091921740883,3795.353472255008,-0.006214009073696403,0.5
380,99.12733346214776,3717.3955488587935,0.002590067181038158,0.5
381,99.21426148261303,3659.367730923004,0.0008765486236539388,0.5
382,98.96093940387357,4048.939745283762,-0.0025565481006815105,0.5
383,98.88794199699466,3386.203340707756,-0.0007379107698195497,0.5
384,98.90079070880081,4011.3201068375442,0.0001299235972487267,0.5
385,99.38921736984487,3681.240721707879,0.004926396983835346,0.5
386,99.43127678333678,4054.8543220729507,0.0004230893228429622,0.5
387,99.52944740235499,3404.2383094856323,0.000986834234614875,0.5
388,99.41803076889447,4135.057543680837,-0.0011200608937862455,0.5
389,99.03072945968438,3799.967285917617,-0.0039032927240016946,0.5
390,98.87946992313739,3558.848471202109,-0.0015285676682701421,0.5
391,98.54490928512148,3611.2876322495054,-0.0033892567839632903,0.5
392,98.49396728372979,3790.0765574859242,-0.0005170756493724227,0.5
393,97.8010163213477,3674.5005079059074,-0.007060331631382866,0.5
394,98.0366361320581,3613.148893220819,0.002406278072154322,0.5
395,98.58304913999385,3443.122590855526,0.005558084520804307,0.5
396,98.48360447377152,3696.46350094734,-0.0010092491331210596,0.5
397,98.3723614677631,4009.0710654356294,-0.0011301970688837315,0.5
398,99.23078009413594,3838.360705475629,0.00868836415841212,0.5
399,99.37643799246268,3856.4615895863285,0.0014667938642416445,0.5
400,99.33598833226016,4017.802176237423,-0.0004071175769864155,0.5
401,99.45003621197667,3840.0566783650834,0.0011474437651362024,0.5
402,99.12977956258156,3607.653154523248,-0.0032254731005751935,0.5
403,99.1398918695146,3861.906788160642,0.00010200558531003878,0.5
404,98.93726765553461,3944.5769844052907,-0.002045912664981664,0.5
405,98.74709705521994,3896.0964369423787,-0.0019239828021397898,0.5
406,98.94992125795171,3727.8208300694587,0.002051869832157216,0.5
407,99.38670889661275,3689.403938485445,0.0044045151362253065,0.5
408,98.93687305422067,3656.160812089508,-0.004536390573344207,0.5
409,99.16720130429714,3600.516308087931,0.002325326771871694,0.5
410,99.0672030423204,3827.263926837068,-0.0010088891561315094,0.5
411,98.93799246886097,3549.454715322291,-0.0013051232465564055,0.5
412,99.021128504842,4377.363267540936,0.0008399314005806957,0.5
413,99.44340128224822,3557.8738648769445,0.004255404379665428,0.5
414,99.21566413216875,3946.3419682249196,-0.0022927446010694297,0.5
415,99.01242272872307,4277.18533553032,-0.0020505820126848207,0.5
416,98.35960059317419,3954.6925643479394,-0.006615167694068447,0.5
417,98.45047109602905,4374.923788933421,0.0009234335268741845,0.5
418,98.93203389392602,3570.4618121933286,0.004879497840012625,0.5
419,98.93075024358141,3550.8384194336973,-1.2975157003047855e-05,0.5
420,99.29210133643272,3546.249149789545,0.0036459115611311432,0.5
421,99.51442432380651,3489.4574578729957,0.002236577288519115,0.5
422,99.43182360769613,4009.2799610473876,-0.0008303822938664496,0.5
423,99.16207673140175,3566.1052835748524,-0.0027165692573882794,0.5
424,99.04408285547255,3597.9981852467718,-0.001190617790222781,0.5
425,98.6375431147406,3967.226843751854,-0.0041130814446797,0.5
426,98.59457098441156,3482.4729380633476,-0.00043575186733857407,0.5
427,98.65711615547937,3546.0058743598365,0.0006341661667974563,0.5
428,98.70137480829563,3880.4167849574123,0.0004485102550395581,0.5
429,98.79586213769366,3453.4076026024036,0.000956847174858666,0.5
430,98.64479441635697,3497.059708210591,-0.0015302598102424625,0.5
431,99.0989599878978,3596.678002540775,0.004593483839596679,0.5
432,98.7008530091946,3316.8116339523826,-0.004025357862897927,0.5
433,98.6534299273494,3714.9207138840625,-0.00048058833132280654,0.5
434,98.35668323770695,4327.255602008628,-0.0030125043764934745,0.5
435,98.4314272272608,4144.124255792832,0.0007596393193827211,0.5
436,98.33527350760536,3668.738659852759,-0.0009773373944890196,0.5
437,98.32887800711907,3755.625978505617,-6.503981980721107e-05,0.5
438,98.57431312572679,3832.3198178541797,0.002492953459076297,0.5
439,98.74095257205715,3440.536645424283,0.0016890683582833077,0.5
440,99.03816842878064,3588.7952634434605,0.0030055354574809456,0.5
441,98.65399464621439,3102.745968107535,-0.003886590749861085,0.5
442,98.56911639774394,3686.8767851228545,-0.0008607333416597029,0.5
443,98.14929683502272,4083.542370871776,-0.004268234916823488,0.5
444,97.7180260078773,3809.54826889543,-0.004403710816518469,0.5
445,97.30845835777879,3863.960952501675,-0.004200129572474509,0.5
446,98.11203049483137,3740.1777074384645,0.008224077945252262,0.5
447,98.55811507264093,3680.407827732595,0.004536380867678602,0.5
448,98.94401535589245,3325.119327329314,0.003907813789195025,0.5
449,98.7137421990982,3854.6660563090386,-0.0023300199680704736,0.5
450,98.67457741450983,3628.2076330625787,-0.00039682981423538877,0.5
451,98.72259890345265,3479.316143823549,0.00048654687757831994,0.5
452,99.42565390579762,3844.869493678029,0.007096282129158027,0.5
453,99.49790777956058,3246.49755309369,0.0007264486552358562,0.5
454,99.90735651015842,3225.203036706225,0.004106705081263762,0.5
455,100.3108397716752,3988.5484194510814,0.004030440940999469,0.5
456,99.8244574382763,3526.0573195556376,-0.004860544818830803,0.5
457,99.83773241578908,3379.5114285314694,0.00013297437578962956,0.5
458,99.66363976565046,3355.6667178147695,-0.001745278164510644,0.5
459,100.28265234612138,3929.511752447983,0.006191808326117432,0.5
460,100.82519043212355,4011.818425321314,0.0053955071535867205,0.5
461,100.53592432458373,3667.858224710135,-0.0028731099038115104,0.5
462,100.33483668730912,4029.7999106134694,-0.002002160030017741,0.5
463,100.56012443773497,3836.3394505478,0.0022428421659128617,0.5
464,101.23912527552652,3764.573262187994,0.006729493803325326,0.5
465,101.34279844810254,4113.886865349286,0.00102351858172689,0.5
466,101.49356849881123,4156.7289582637595,0.001486617816571112,0.5
467,101.74776823266978,3781.0673554945442,0.002501458320407046,0.5
468,102.01931036159661,3536.3010008366246,0.0026652223856737933,0.5
469,101.8887288468244,3695.8894696893976,-0.001280788468466909,0.5
470,101.77265215431372,3891.147215614042,-0.0011398990275814924,0.5
471,101.69247815313025,3516.2409109822697,-0.0007880859507656268,0.5
472,101.39487688432811,3370.1567836028244,-0.0029307731322418817,0.5
473,101.5269562661916,3696.5952168971244,0.0013017761417275509,0.5
474,101.21059644223334,3900.3121454045604,-0.0031208829001654337,0.5
475,101.3331760390507,3298.312037814418,0.0012104011916171942,0.5
476,101.41325919525524,3432.994372707347,0.0007899834123037408,0.5
477,101.26537438031042,3730.8103329591595,-0.0014593037122869745,0.5
478,101.13671758052365,3725.723976807981,-0.0012712992822194735,0.5
479,101.35157926340442,3258.435936895914,0.0021222141414662943,0.5
480,101.19657688628892,3694.6119350419435,-0.0015305240029803713,0.5
481,100.8189967533308,3256.94187152901,-0.00373813331156736,0.5
482,100.69328284095181,4433.215903158307,-0.001247704893627244,0.5
483,100.31329869382884,3769.5501430822756,-0.003780817492287092,0.5
484,99.55190043862831,3244.4021923410587,-0.007619154728910615,0.5
485,99.27278700282011,4225.082879563282,-0.0028076354375299317,0.5
486,98.52801866438044,3843.887262786608,-0.007530524008738659,0.5
487,98.40965960533828,4096.109592196487,-0.0012019952132309442,0.5
488,97.94607864727223,3671.572606225742,-0.0047218566009012974,0.5
489,97.68673361914885,3398.630934020794,-0.0026513464387081243,0.5
490,96.839305220547,3591.499850491297,-0.008712805386372757,0.5
491,97.19510641062129,3427.1693844396773,0.003667407094166464,0.5
492,96.98944038663069,4226.036138052168,-0.002118254045284651,0.5
493,96.55229941518598,4301.481636748133,-0.004517286196204395,0.5
494,96.38736405180187,3618.192521371447,-0.0017097096636051745,0.5
495,95.98268206395282,3753.409033320772,-0.0042073346966651215,0.5
496,95.99273291317685,3872.1568011421077,0.00010470975394838433,0.5
497,95.73549800723939,3671.238825621817,-0.0026833300349053957,0.5
498,95.16420476941524,3248.4794329121933,-0.005985288976350311,0.5
499,94.92409881692069,3893.1589796149315,-0.0025262583300547092,0.5
500,95.06529771215347,4064.7802200120377,0.0014863873859152221,0.5
0,100.0,0.0,,1.0
1,99.76453596295968,5100.927659031228,-0.002357416895375053,1.0
2,99.71982611592536,4799.776366394627,-0.000448254162050965,1.0
3,99.59152119203732,4508.199284691248,-0.0012874825577604554,1.0
4,99.09206149851121,5164.237451867859,-0.005027700214222719,1.0
5,99.06908112073725,5738.456033323572,-0.00023193626735551476,1.0
6,99.02015558485363,4646.328400364549,-0.0004939747125298766,1.0
7,98.52480028032761,4853.944545545125,-0.005015125196179859,1.0
8,98.58021873941428,5096.464049111476,0.0005623241947114721,1.0
9,98.79293562457113,4817.753128699146,0.002155480244523389,1.0
10,98.97769309397756,4912.629140500252,0.0018684020408032964,1.0
11,98.84908146823382,4451.910583471416,-0.0013002450669077348,1.0
12,98.97957915415836,4618.47264476092,0.0013193002919011931,1.0
13,99.14755273461955,4708.010002949016,0.0016956145188702365,1.0
14,99.33119361702785,5395.861880352102,0.001850484630593563,1.0
15,99.1675119014337,3837.865652453692,-0.001649197180059403,1.0
16,98.88083097977201,4488.212878241766,-0.0028950620613432676,1.0
17,98.65188171234408,4435.302415626706,-0.002318090678045337,1.0
18,98.92670642344085,4622.473870020695,0.002781929873392208,1.0
19,98.804977556166,4315.036179148371,-0.0012312531831328855,1.0
20,98.62965803167728,4295.954406701736,-0.001775975831675325,1.0
21,99.0212769228397,4487.206621471202,0.003962737679209738,1.0
22,99.43886939461753,4655.355429298436,0.004208331958080791,1.0
23,99.75232548071361,4352.579379692582,0.0031472911745487053,1.0
24,99.82619986289885,4390.370020315261,0.000740303952360577,1.0
25,99.98690444495261,4648.235620923005,0.0016085493217419256,1.0
26,100.12962310226717,4650.583514139366,0.0014263557664175863,1.0
27,100.1561948463329,4630.456578358288,0.0002653382500446,1.0
28,100.39535137800851,4543.6413187780745,0.0023849892911993464,1.0
29,100.83991000717532,4187.562178643147,0.00441830471764959,1.0
30,100.59024826732166,4702.913636272063,-0.0024788926329408767,1.0
31,100.05132645426204,4732.376284404687,-0.005371998399040123,1.0
32,100.1683216931032,4153.822831153246,0.001168669041621051,1.0
33,100.25436223927923,3736.8088652642673,0.0008585909516174439,1.0
34,100.3274901342872,4446.725208243456,0.0007291576718690962,1.0
35,99.96902819221972,4104.022345802158,-0.003579316582889014,1.0
36,99.89594776404196,4171.023152456881,-0.0007312980284321924,1.0
37,99.81506778485938,4017.799132056981,-0.0008099701799828551,1.0
38,99.59311788286568,4887.908793891209,-0.0022260870877079952,1.0
39,99.11279176283871,3919.342192522395,-0.0048345522932260465,1.0
40,99.35339944331854,4458.963300581637,0.0024246729067156636,1.0
41,99.67860946612386,4474.103067125756,0.0032679197080422995,1.0
42,99.43321475964416,3703.253903805427,-0.0024648946056258225,1.0
43,99.41309043405937,4306.367117769856,-0.0002024108583151829,1.0
44,99.73699817374033,4061.843567690477,0.0032529036523287758,1.0
45,99.88193478494668,4582.195880548705,0.0014521331671994986,1.0
46,99.8924821130913,4057.6167170674153,0.00010559238082841205,1.0
47,99.39410615364469,4393.471772043163,-0.0050016110239345934,1.0
48,99.30406551910797,4177.873349749055,-0.0009063056790292734,1.0
49,99.17748652380658,4533.659877490333,-0.0012754738277571676,1.0
50,98.93411920665811,4254.590478686979,-0.0024568721117503856,1.0
51,99.01478690332597,3743.250690524235,0.0008150355838640877,1.0
52,99.16402132775967,4361.655599122631,0.001506058634358709,1.0
53,98.85942041904298,4248.8614889661385,-0.003076415057395643,1.0
54,98.63652120674026,4077.8049199969337,-0.002257254555316557,1.0
55,98.44076689743812,4210.258625677633,-0.0019865746638147996,1.0
56,98.25509966486065,4372.921296500855,-0.0018878616105757473,1.0
57,98.36835491004865,4166.664547856476,0.0011520015041748266,1.0
58,98.26958922678274,4401.0658454022305,-0.001004543573773553,1.0
59,98.01447183580098,3898.549263155154,-0.0025994727565601394,1.0
60,98.12073821267167,3673.5794900707156,0.0010836033697625425,1.0
61,98.24829556532478,4258.037249786836,0.0012991597314515602,1.0
62,98.61455479648947,4071.8453061048185,0.0037209626202221457,1.0
63,98.69720293899486,3943.906344243895,0.0008377417371123741,1.0
64,99.2445248693528,4270.603361137146,0.005530145980745971,1.0
65,99.44037289899575,4270.290307645641,0.001971444183976878,1.0
66,99.50171547437884,4303.611581817799,0.0006166877791295988,1.0
67,99.5566861784793,4608.371259225807,0.0005523073132449596,1.0
68,99.30283656054449,4211.267020841609,-0.002553056070165205,1.0
69,99.32960764978446,4387.848663963881,0.0002695540449950684,1.0
70,99.1508836101192,4288.269441265032,-0.001800923474501559,1.0
71,98.90464454988417,4519.175159711674,-0.00248656717030471,1.0
72,98.83542240277069,4357.490328062296,-0.000700132765279804,1.0
73,99.27593908252737,4653.9262102776975,0.004447169536098805,1.0
74,99.94838852395057,3779.6785092379837,0.006750701615987786,1.0
75,100.26357252977081,4233.304255545643,0.0031485058588103243,1.0
76,100.73821103806671,4364.576313396211,0.004722738097895807,1.0
77,100.31350402862303,4127.445200113717,-0.004224859668910952,1.0
78,100.72871444797474,4373.458424130447,0.0041305852357647055,1.0
79,100.82824059748455,4394.023325002203,0.0009875735379738515,1.0
80,100.77517884039011,3675.23795230778,-0.0005263974040481401,1.0
81,100.52252008283085,4309.61517962303,-0.0025103008289759643,1.0
82,100.71711747190672,4169.067017794061,0.0019339872809833736,1.0
83,100.75153454601937,4459.857579418849,0.00034166183277406503,1.0
84,100.79354301117988,4335.915210546516,0.00041686421993514244,1.0
85,100.74348793205263,4086.5583129253127,-0.0004967333290775144,1.0
86,100.3525429901835,4331.220156657557,-0.0038881466987819024,1.0
87,100.04779390233425,3916.901101532976,-0.003041405293915389,1.0
88,100.13538556522109,4478.160185931767,0.0008751151691139825,1.0
89,100.26917551354322,4090.6642946392276,0.001335198834579998,1.0
90,100.76083488299984,4340.100871425706,0.004891412468912115,1.0
91,101.1547275491944,4683.994133133202,0.0039015632188927896,1.0
92,101.65009946781322,4383.641291844863,0.00488521807976916,1.0
93,101.21436023504555,3856.6339764177087,-0.0042958722638637425,1.0
94,101.2408029900613,4040.4428026395613,0.00026122085250790406,1.0
95,100.83824827514235,4541.015617762379,-0.003984136355443368,1.0
96,100.95887148960995,4396.017189098771,0.0011954900939556978,1.0
97,100.69279514559383,3974.906222666053,-0.0026389714786159146,1.0
98,100.55702411964462,4652.803677283512,-0.0013492786929507616,1.0
99,100.35769554130742,4682.231206145777,-0.001984211451222073,1.0
100,100.11026797917289,4602.506425762042,-0.002468501035586712,1.0
101,99.31641321533117,4296.144587823511,-0.007961411705076138,1.0
102,99.37298215021255,4288.041199908922,0.000569420791742381,1.0
103,99.28584640824927,4645.191110948501,-0.0008772401225112247,1.0
104,99.14381308988128,4175.2049767694325,-0.0014315737171965992,1.0
105,98.48230461857366,4588.488920006581,-0.006694570025053359,1.0
106,98.42633175682624,4585.243253520652,-0.0005685160822332946,1.0
107,98.50038194060942,4245.972180234637,0.0007520583254860824,1.0
108,98.64713940768283,4416.618468996101,0.0014888089201194887,1.0
109,98.74404790097273,3485.3101200536835,0.0009818928838418728,1.0
110,98.0752246245394,3951.2803031333724,-0.0067963451168022715,1.0
111,98.1689824915648,4332.661077062319,0.000955522463942593,1.0
112,97.75269768132152,4834.507972338009,-0.004249508643722422,1.0
113,97.78774822537673,4763.381725084893,0.0003584991766603096,1.0
114,97.66801947381364,4910.060350542511,-0.0012251239034579697,1.0
115,97.5187007150413,3781.803568864114,-0.0015300097030834792,1.0
116,97.64743440445125,4493.59989603712,0.0013192217799584682,1.0
117,97.59737341291861,4161.210397135681,-0.0005128022935849685,1.0
118,97.91238935995136,4362.988716304842,0.003222511399675554,1.0
119,97.67501850221804,4230.263256804277,-0.002427262336252234,1.0
120,97.72976590660642,4414.962363842772,0.0005603486730025864,1.0
121,97.11660663931355,4031.090608448639,-0.006293792214957961,1.0
122,97.21019260528146,4273.199777275644,0.0009631813374877396,1.0
123,97.0050646141516,4611.606910883777,-0.002112378505607637,1.0
124,96.89437033740808,4107.751428672075,-0.0011417701015652426,1.0
125,96.70503240528215,4861.2391828333,-0.001955977031006917,1.0
126,96.95971825790556,4105.289128481261,0.002630174036045929,1.0
127,97.09612477912086,3671.5770574287462,0.0014058483532037869,1.0
128,97.80866973765352,3954.0873922994133,0.007311755822010824,1.0
129,97.76304135072388,4403.551173191984,-0.0004666154169594705,1.0
130,97.8495304916176,4144.600793707365,0.0008842902653452001,1.0
131,98.33744371000353,4675.2589678728145,0.004973971654352205,1.0
132,98.04388782042022,4253.076823087815,-0.0029896539141125444,1.0
133,97.97583856545185,3641.017849590501,-0.000694310301893708,1.0
134,98.4124178471973,4733.8209181144275,0.004446090707270756,1.0
135,98.82501316142985,4671.343192504832,0.004183748631819029,1.0
136,98.80296147303658,3695.231143758817,-0.00022316363384877747,1.0
137,98.9525607315978,4228.118221984575,0.001512972031633808,1.0
138,99.28517618418118,4379.466258174415,0.0033557260074417172,1.0
139,99.00508391767737,4501.780044441758,-0.0028250752472240848,1.0
140,98.8964102212271,3874.056546719571,-0.0010982606053220323,1.0
141,98.93576613123626,4423.511052738074,0.00039787168350446933,1.0
142,98.76373172133988,4331.379181050163,-0.0017403630781807067,1.0
143,98.46746477671734,4352.563694610832,-0.00300426274053045,1.0
144,98.5649069095145,4650.97792431054,0.0009890977803026502,1.0
145,98.26812518818585,4312.598837761982,-0.0030155705378165365,1.0
146,98.36548174712247,4826.0001267053385,0.0009902332404854164,1.0
147,98.54091530383211,4755.195453049373,0.001781898462988707,1.0
148,98.87829778298243,4638.5314268507755,0.00341793285794445,1.0
149,99.3272254497428,4180.366912893479,0.004529928602532429,1.0
150,98.93805310094167,4561.729461342116,-0.003925779152703868,1.0
151,99.10575880569782,4750.808626143393,0.001693622670945416,1.0
152,99.6033187165404,4258.9659287565755,0.005007933778585105,1.0
153,99.95778846029688,4278.674086202209,0.00355249699264526,1.0
154,99.38287971736827,4470.590955242766,-0.005768118890893348,1.0
155,99.31770424207264,4548.71735177745,-0.0006560169712068742,1.0
156,99.88666694561734,4463.014164960463,0.005712367126383455,1.0
157,99.7487636661991,4417.56223783858,-0.0013815513702155613,1.0
158,99.9361049449337,4489.940155225334,0.0018763698521873096,1.0
159,99.88190367664744,4349.864946586538,-0.0005425063535522412,1.0
160,99.7223107700647,4376.596159897887,-0.0015990938972203494,1.0
161,99.64113600067344,4471.7464690183415,-0.0008143395912547646,1.0
162,100.07101595073851,4782.002501336533,0.004305002072030106,1.0
163,99.99441812829843,3546.1548788980463,-0.0007657277383810168,1.0
164,100.01397445275347,3894.6834191528314,0.00019555503911572458,1.0
165,100.07621689559527,4850.795216049399,0.0006221438885134489,1.0
166,100.19511281832713,4231.318810401327,0.0011873485522864158,1.0
167,100.50774090534294,4466.39026152792,0.003115335273631281,1.0
168,100.71868731009646,4593.666463147946,0.0020966081234643497,1.0
169,100.73159077785581,4414.989023504167,0.00012810573308197348,1.0
170,101.03242127528348,4406.143271003684,0.002982005733239923,1.0
171,101.05709845132856,4728.973248152867,0.0002442202465626764,1.0
172,100.8786111141514,4701.329458698713,-0.0017677644438629514,1.0
173,100.6812031137134,3937.3089212787927,-0.001958803785506724,1.0
174,101.20597736232534,4086.1951417781233,0.005198699880538449,1.0
175,101.48674112851639,4577.098712734982,0.0027703407191763674,1.0
176,101.66790550650587,4466.033804202404,0.0017835125015608355,1.0
177,101.6795061237843,4551.082036338017,0.000114096532609409,1.0
178,102.02604671877924,3895.0845357872304,0.0034023709659258827,1.0
179,102.35406065403403,4793.441081133551,0.003209844843524934,1.0
180,102.49459611384458,4329.305834527499,0.0013720908311141145,1.0
181,102.87574941441065,4713.785593337102,0.003711867331301022,1.0
182,102.81563152452803,4054.726909407809,-0.0005845445863599252,1.0
183,102.5374694233372,4537.612186356443,-0.0027091119640543226,1.0
184,102.45669722395343,4111.282159651126,-0.0007880439222729407,1.0
185,101.8572482803554,4635.071399172522,-0.005867936837794296,1.0
186,101.72450016021327,4279.800155365245,-0.0013041261308854857,1.0
187,101.1475864041559,3955.209302925275,-0.005687478459609707,1.0
188,100.90852117344151,4031.317891325037,-0.002366326315341283,1.0
189,100.81932457685161,4672.454710935718,-0.000884326128314683,1.0
190,100.78095908966223,4187.080637841549,-0.00038060946100682,1.0
191,100.78758628558047,4075.099055258842,6.575625089055848e-05,1.0
192,100.25453891637164,3866.4904793605533,-0.005302854989147399,1.0
193,100.25237053842875,3909.3409974184656,-2.162895980806212e-05,1.0
194,100.15404141011368,4436.9539133895005,-0.0009812973073017872,1.0
195,99.79245944355776,4214.452458626339,-0.0036167910833340144,1.0
196,99.93747916992356,3487.362739823434,0.0014521583780267022,1.0
197,100.34485864991777,4384.445079829778,0.004068057585526752,1.0
198,99.94075907504917,4517.6694136656615,-0.004035238553752762,1.0
199,100.35286474620345,3980.479816900004,0.004115021185607581,1.0
200,100.24628226876621,4700.458257018642,-0.0010626414823065033,1.0
201,100.27654119801247,4350.628157793184,0.0003018003532240243,1.0
202,100.41919754427651,4490.952574136687,0.0014216183281590133,1.0
203,100.63543627471901,4345.297654864693,0.0021510453125408446,1.0
204,100.86971623308239,4169.43802584594,0.0023253009762855825,1.0
205,100.98896861253418,3953.601664661162,0.0011815433496611405,1.0
206,101.10788310965094,3994.208334871852,0.0011768071578242,1.0
207,100.89564125688298,4059.3208127176026,-0.0021013685927915304,1.0
208,100.73589306208308,4412.0811200417675,-0.0015845559948184373,1.0
209,101.15631582317424,4034.4191429317925,0.004164830045961132,1.0
210,100.95767816015731,4338.596462520925,-0.0019656009270470065,1.0
211,100.9252979572519,4128.6773859647,-0.00032078190846807075,1.0
212,100.56671584324073,4242.192713163125,-0.0035592725071662557,1.0
213,100.47282055282581,4176.676367312823,-0.0009340978289689161,1.0
214,100.52825041806463,4660.254279884055,0.0005515380229192957,1.0
215,100.86151001707927,4014.0764741766047,0.003309601267611484,1.0
216,101.17300648729515,4340.937149650816,0.003083599005056392,1.0
217,100.94206066908126,4063.018003336071,-0.002285291462667871,1.0
218,100.63627528411058,4326.130641889851,-0.003033913521293563,1.0
219,100.48260812808263,3975.0337503725814,-0.0015281229024735055,1.0
220,101.16440254014395,3921.8188905482702,0.0067622823459414505,1.0
221,100.66335953613016,4338.7169169596955,-0.004965065540667446,1.0
222,100.49808045491304,4612.702829236092,-0.0016432485114039608,1.0
223,101.0546080093284,3694.782390720254,0.005522416724158319,1.0
224,101.02726346461634,3832.288097181102,-0.00027062838125413435,1.0
225,100.53776075541401,4141.473251888237,-0.004857029868222895,1.0
226,100.95889708128901,4447.481100211838,0.004180088579242458,1.0
227,100.59640977888057,4769.4862038994015,-0.003596905473427725,1.0
228,100.70540839398691,4567.075760977329,0.001082937320169286,1.0
229,100.06400038381244,3498.603949221232,-0.006389521155175437,1.0
230,99.6161201190337,3915.0518743933244,-0.004485985031941198,1.0
231,99.04998388533042,4538.1705717930845,-0.005699389626884432,1.0
232,98.77765450574003,4168.073650020226,-0.0027532002487538065,1.0
233,98.7347482750487,4493.063117289279,-0.0004344661981940945,1.0
234,98.86594916657944,3836.162995083674,0.0013279397543595195,1.0
235,98.83194045645303,4371.808689277047,-0.00034404727867087814,1.0
236,98.49449324184197,3896.350739030669,-0.0034201960399737885,1.0
237,98.42429262291745,4125.720069262173,-0.0007129906025991062,1.0
238,98.21114717039016,4003.725210007121,-0.0021679259469360446,1.0
239,98.13529721146378,4236.751988849386,-0.000772613560060087,1.0
240,98.06628080702052,4309.7787009469685,-0.00070352550664321,1.0
241,97.93579002666445,4775.814698442767,-0.001331524703597431,1.0
242,97.54709407165441,4278.555444560926,-0.003976782612607366,1.0
243,97.26738811205401,3827.3653412444833,-0.0028715129251182248,1.0
244,97.79281652394874,4034.057082322543,0.0053873590842883345,1.0
245,97.56482427159905,4254.216976341558,-0.0023341022642409115,1.0
246,97.34723647644515,4196.593236941817,-0.002232677492666646,1.0
247,97.2673988439071,4289.240719998855,-0.0008204689938695608,1.0
248,97.5624386952519,4274.785034793282,0.0030286949946125574,1.0
249,97.9255337331207,4585.5362076618285,0.0037147600530174074,1.0
250,97.95713211977586,4924.243171346574,0.0003226256574730968,1.0
251,97.92994884338856,5431.2993032660215,-0.0002775402688950379,1.0
252,97.86491166515934,4259.945694111385,-0.000664340018448506,1.0
253,97.65737133124173,4316.829328861069,-0.002122933597982879,1.0
254,97.6469693200349,4043.1753388856573,-0.00010652104486741365,1.0
255,97.4412043004474,4433.505166623014,-0.002109457401441972,1.0
256,98.03020358348743,3891.5626074744227,0.0060264677278061285,1.0
257,97.57106877264515,4056.535073886458,-0.0046946080520227085,1.0
258,97.19504613314191,4357.907068914143,-0.0038612785070606392,1.0
259,97.37844750715846,4467.059857292155,0.0018851635430934266,1.0
260,97.41350945576136,4378.227076850011,0.00035999380598905617,1.0
261,97.33393461556481,4477.95634611671,-0.0008172106700001791,1.0
262,97.01687653196461,4171.50317605654,-0.0032627429028773136,1.0
263,97.22859697956125,3989.3531489030674,0.0021799275690899123,1.0
264,97.14590428328988,4139.51092556799,-0.0008508595594891588,1.0
265,97.5035014054442,4244.106321106437,0.0036742729647087913,1.0
266,97.11929611849,4104.117131483609,-0.003948209469148978,1.0
267,97.00281840582774,4166.363994507776,-0.0012000459290906207,1.0
268,97.02600932710627,4640.111516192786,0.00023904614236869293,1.0
269,96.90531276599555,4642.977624686458,-0.0012447352536106848,1.0
270,96.77554703965143,4421.258624875571,-0.0013399955565196464,1.0
271,96.55591427925505,4269.819462087593,-0.0022720860162497303,1.0
272,96.92423123395332,3932.2839828558485,0.003807288842285317,1.0
273,97.32710295276786,4985.003193346333,0.004147948822431857,1.0
274,96.85112459534446,4590.560976239483,-0.00490249928386266,1.0
275,96.43824042923619,4891.244193422293,-0.004272193599890173,1.0
276,96.66654777403886,5024.094158100298,0.002364596479508485,1.0
277,95.96500468727784,3984.598956889637,-0.007283813886458823,1.0
278,96.27144488254484,4753.33948608068,0.003188161823807434,1.0
279,96.04848894873338,4943.557849262424,-0.002318595158098624,1.0
280,95.70574217039061,3861.265914739043,-0.003574858727827923,1.0
281,95.38776114469275,4302.172074281488,-0.003328018102867425,1.0
282,96.0132769409044,4044.341315053442,0.006536203036351829,1.0
283,96.52240054052746,4211.155548623703,0.005288627987779293,1.0
284,96.31583642718927,3988.4497714065783,-0.0021423571962886356,1.0
285,96.400656224095,4066.7928451659527,0.0008802547329054278,1.0
286,96.46612591996089,4343.274076782945,0.0006789110872569282,1.0
287,96.56318821012732,4012.496026272832,0.0010056741773594169,1.0
288,96.2772313625517,4897.091074689492,-0.0029657377618867997,1.0
289,95.66663857921014,4499.990739885928,-0.006362222905587522,1.0
290,95.51266855699991,4517.934865229274,-0.0016107397584610439,1.0
291,95.80334985835742,4538.276046237776,0.00303875783581109,1.0
292,95.69571971705713,4481.633541080881,-0.0011240801626026808,1.0
293,95.68050239728078,4548.658087607198,-0.00015903041287312902,1.0
294,95.71289410035432,4769.476815832452,0.0003384829777361986,1.0
295,95.33207999087111,4041.53252700604,-0.003986648857556396,1.0
296,95.48272733241281,4685.9433754577,0.0015789903829226404,1.0
297,95.56464130847557,4189.36487458741,0.000857525352640387,1.0
298,95.57128043597085,4126.128099050707,6.947022241909906e-05,1.0
299,95.69231338830284,4102.884026666425,0.0012656142872531362,1.0
300,95.15797386059191,4575.205164205548,-0.005599582076732723,1.0
301,95.51787496266927,4330.525054207958,0.0037750090711723416,1.0
302,96.2182647880149,4374.315041122042,0.007305799955213743,1.0
303,96.20461193562876,3758.1153353572035,-0.0001419046699808746,1.0
304,96.88808093132434,4157.059099098247,0.007079209885105797,1.0
305,97.5259464647218,4201.027595376998,0.006561952661257919,1.0
306,97.62380617966923,4449.126609745075,0.00100291926404239,1.0
307,98.35445818120623,4785.46465306354,0.007456494108962097,1.0
308,98.62583938160469,4209.068320543855,0.0027554164092276068,1.0
309,98.11083315882146,4110.5741536833075,-0.005235499741987226,1.0
310,97.9831635708069,4116.244096743436,-0.0013021266146111543,1.0
311,97.7200956807147,4541.661454478556,-0.0026884380929192986,1.0
312,97.58237495601693,4697.112102557143,-0.0014103328757331113,1.0
313,97.48493462239634,4716.554401054396,-0.000999043273172795,1.0
314,96.98343060421813,5041.31102293005,-0.00515770397247195,1.0
315,96.86833815671164,4114.482405795813,-0.0011874275046892535,1.0
316,97.01792206263278,4200.007496120707,0.001543007074665148,1.0
317,96.43922959777078,4185.24060061008,-0.0059826600976142785,1.0
318,96.42769149923768,4002.1240198792825,-0.00011964828889521328,1.0
319,96.28217578877025,4597.526040974721,-0.0015102053690547734,1.0
320,96.10016981089728,4065.456412983354,-0.0018921282158856911,1.0
321,96.12451533133333,4380.043003747028,0.00025330274879298287,1.0
322,96.08895496320959,4333.461459525383,-0.00037000912032780775,1.0
323,96.26355364947419,4820.29390939061,0.0018154037654696253,1.0
324,96.74273698437449,4379.111911861127,0.004965478771572052,1.0
325,96.64137037217284,4734.431944066163,-0.0010483449014602186,1.0
326,96.60458924578072,4442.215764907924,-0.000380666451283318,1.0
327,96.88058787264845,4465.871746492129,0.002852919465746062,1.0
328,96.54524643724768,4272.209959860002,-0.003467393821267706,1.0
329,96.54452942733002,4387.598748035521,-7.426699983881235e-06,1.0
330,96.31268160420464,4580.378748190255,-0.0024043481037177017,1.0
331,96.42108176050438,3715.280041767671,0.0011248695177998869,1.0
332,96.76075232559856,4054.364185394409,0.003516592714253086,1.0
333,97.01345140350064,4451.1989906476565,0.002608182268746262,1.0
334,97.10141533457286,4187.318766809337,0.0009063080903741749,1.0
335,97.44759089054887,3988.828636916781,0.003558752913153107,1.0
336,97.98345340273126,4096.969216977444,0.005483917430327168,1.0
337,98.13639333601333,4630.193127907567,0.001559658207243686,1.0
338,97.8019781603796,4300.424272021027,-0.0034134763680224722,1.0
339,97.57531503471016,4032.4780130769645,-0.002320261721836303,1.0
340,97.89890450381503,4220.921924808698,0.0033108178199112714,1.0
341,98.28556448878572,4269.303999965694,0.003941805257172248,1.0
342,98.48838454593565,4715.988223859675,0.002061453052804474,1.0
343,98.38112940885489,4123.899207480897,-0.001089606466107007,1.0
344,98.83625636115097,4323.157596117777,0.004615493289038319,1.0
345,98.4901749191114,4311.731035321305,-0.003507708467066273,1.0
346,98.57668238911793,4471.784051924245,0.0008779505264842058,1.0
347,98.36626514550116,4276.5880262218625,-0.002136835325313946,1.0
348,98.67338782137028,3890.9199513289796,0.003117371757034526,1.0
349,99.02913836826954,4386.386530722971,0.003598850634040751,1.0
350,98.84513076648271,4027.6245414244,-0.0018598441892621054,1.0
351,98.77949851311082,3764.6667371822446,-0.0006642112981971593,1.0
352,98.8133951457827,4162.83062163898,0.00034309566884349607,1.0
353,98.70462521346525,4160.207081518066,-0.0011013672890651804,1.0
354,98.80436933859055,4184.079731237739,0.0010100211773229617,1.0
355,98.81932506460087,4175.867184529879,0.00015135559613987937,1.0
356,98.94104424611601,4167.990534796316,0.0012309766340905526,1.0
357,99.40154346529397,3856.8845222995806,0.004643481280831807,1.0
358,99.54335071707374,3684.808174727436,0.001425593518034951,1.0
359,99.90350866221846,4314.0576666332245,0.0036115719018159353,1.0
360,99.87568364235432,4358.730033188292,-0.0002785577389028404,1.0
361,100.1023158345735,4005.105790160289,0.0022665722213046635,1.0
362,99.9763359713154,4318.262741100519,-0.0012593035665693364,1.0
363,100.05229149154756,3493.2382016339798,0.0007594465336904221,1.0
364,100.76092764392448,3982.4743107934655,0.007057693680897259,1.0
365,100.93530173016401,4156.906870748693,0.0017290767430262477,1.0
366,101.4144984612328,4484.894760846877,0.004736329133274708,1.0
367,101.53614575008197,3845.8658956610375,0.0011987870636236408,1.0
368,101.95524518733524,4127.082546817057,0.004119093470163371,1.0
369,102.27564747376492,3853.927572464125,0.003137650187140295,1.0
370,102.72772671759043,4524.922880211973,0.004410463763693251,1.0
371,102.62637487086249,3632.8587873348065,-0.0009870935537525938,1.0
372,103.00324193139213,3921.752332877548,0.0036654980770940426,1.0
373,102.67458574714449,3755.748102350377,-0.003195837564809345,1.0
374,102.03054559169674,4860.193792505799,-0.006292390193190833,1.0
375,102.3620374564276,4668.834845738344,0.003243680865867127,1.0
376,101.1542311094814,4091.875311581961,-0.011869523116082803,1.0
377,100.84803057395101,4045.249425368721,-0.003031656848801134,1.0
378,100.04736254478817,3886.288023009803,-0.007971036628505956,1.0
379,99.88502666868075,4446.399459597652,-0.001623908086332726,1.0
380,100.1090442680047,3956.6437632196557,0.002240243342858328,1.0
381,100.33714598184466,3848.307302983524,0.0022759406104722046,1.0
382,100.37889256014354,4461.153881996817,0.00041597651292946125,1.0
383,100.08877877616254,4456.623534225813,-0.0028943717915215217,1.0
384,99.83327485479525,3982.732057617899,-0.002556036773675885,1.0
385,99.5454463523228,4166.434288271017,-0.002887255978778036,1.0
386,99.34430351659054,4072.6130662043724,-0.002022657320853938,1.0
387,99.15975286256808,3723.7400482408393,-0.00185941497177744,1.0
388,98.80664848235335,4041.9170492647904,-0.0035673200328565358,1.0
389,98.29348775785249,4613.53093011155,-0.005207118511224351,1.0
390,98.30967068461702,4230.67166983279,0.00016462529828409345,1.0
391,97.99817334282329,3900.4564869076257,-0.0031735624704554155,1.0
392,97.76479864780006,5009.910068352461,-0.0023842589148026505,1.0
393,97.49147984015681,4556.167285634077,-0.0027995922925097005,1.0
394,97.5088183752248,4329.121032933311,0.00017783085741207572,1.0
395,97.63908594988814,4857.3193807995785,0.001335065262042967,1.0
396,97.7165089927044,3939.8965796454986,0.000792637107655203,1.0
397,97.14641311980007,4018.3285987188524,-0.005851267067839672,1.0
398,97.19873720287387,4310.126204941177,0.0005384655521503134,1.0
399,97.12026163666522,4208.960016053144,-0.0008076983819762518,1.0
400,97.00171564634044,4141.789102471282,-0.0012213558374005729,1.0
401,97.60552933881618,3968.3367426044397,0.006205479453321061,1.0
402,97.5197669602479,4233.072870450518,-0.0008790493669197375,1.0
403,97.78491804978472,4261.6344236665955,0.0027152574699176313,1.0
404,97.7140334467113,4866.770461527011,-0.0007251661007598997,1.0
405,97.5142969408951,4056.9666840679015,-0.002046184333072354,1.0
406,98.34363212216589,4139.928764767743,0.008468793088170834,1.0
407,98.42477840572839,4242.880124100597,0.0008247897916646707,1.0
408,98.57072515875286,4365.601343403824,0.0014817270149416473,1.0
409,98.18571516931075,3872.808213198356,-0.003913574368423767,1.0
410,98.16666624210677,3620.0146502290727,-0.0001940279728396277,1.0
411,98.15925802831887,3943.943102818166,-7.546852326267839e-05,1.0
412,98.02909690138844,4630.356774395553,-0.0013268998159912115,1.0
413,97.7953674649717,4119.940536184193,-0.002387133274317499,1.0
414,97.77079717851844,4498.258202612097,-0.00025127339002928295,1.0
415,97.65526395808918,4273.536321817401,-0.001182372844409585,1.0
416,97.64310862465715,4124.553986059356,-0.0001244796184112218,1.0
417,96.97358043724,4611.23852421546,-0.006880507853756157,1.0
418,97.43677337189793,4103.454279747157,0.004765114635435275,1.0
419,97.54950282822189,4450.294954709434,0.0011562810581402516,1.0
420,96.8957993771357,4066.6586352644226,-0.006723802596121153,1.0
421,97.18469888491566,4477.475093228366,0.002977112319352493,1.0
422,97.29710392357259,4754.715895298216,0.001155944150559307,1.0
423,97.18434704057164,4522.570322117409,-0.0011595645248050346,1.0
424,97.32913409654125,4242.602140938021,0.0014887100047120683,1.0
425,97.41458388978452,3779.9095002114723,0.0008775615420173466,1.0
426,96.90698370214787,3638.681362864367,-0.005224343838445833,1.0
427,96.94281432364204,4233.843901689206,0.0003696740699981049,1.0
428,96.46765736343696,4254.108128715041,-0.004913466287555401,1.0
429,96.21126660324597,4640.606695003881,-0.002661328039830657,1.0
430,96.16273491713287,4622.380828180735,-0.0005045555715339489,1.0
431,97.05189956574617,4398.054871562393,0.009203970785895521,1.0
432,96.7965499588787,4266.750904055063,-0.0026345297595797845,1.0
433,96.93520090594393,4252.996094777456,0.001431370646462149,1.0
434,96.47453992431275,4213.446100981567,-0.00476358482001249,1.0
435,96.21498013629778,4650.21341945,-0.0026940743318526472,1.0
436,96.04751550467385,4877.664835874895,-0.0017420420286979876,1.0
437,96.066117248047,4365.814207586914,0.0001936535493571867,1.0
438,95.99922211884221,4006.616763801608,-0.0006965872356801128,1.0
439,95.77117775139328,4627.8487055116775,-0.0023783073414325173,1.0
440,95.68938227441913,4488.469517346633,-0.0008544368818244052,1.0
441,95.44409510978267,3734.4977734061076,-0.00256665972545278,1.0
442,94.88510910061603,4085.8575381134333,-0.005873902732865588,1.0
443,94.94352623040753,4895.717193019778,0.0006154722814466496,1.0
444,95.33453654701654,4407.303536718322,0.004109889088496743,1.0
445,95.09751185343855,4175.726411345672,-0.0024893374615082564,1.0
446,95.86544397757532,4684.778654139487,0.008042777305636406,1.0
447,96.07813611279055,5155.505787278367,0.0022161952191215306,1.0
448,96.36883344722037,4595.916545107407,0.003021066595023214,1.0
449,96.82361315936389,4172.733244637716,0.004708057278406841,1.0
450,96.7191066916192,4336.82787316644,-0.0010799318928853552,1.0
451,96.71591738086313,4324.56875900853,-3.297552520997726e-05,1.0
452,96.45452565981108,3780.3755202262455,-0.0027063341210888936,1.0
453,96.86854772479714,3924.682430404812,0.004283220732087756,1.0
454,97.52441752245676,4110.814849301244,0.006747901453438843,1.0
455,97.76011937014572,3819.221293623005,0.0024139336979143167,1.0
456,97.37629238670085,4854.383753065004,-0.003933940108811207,1.0
457,97.62510368332487,4434.639179842831,0.002551893849617848,1.0
458,97.70754052390919,3747.161849123906,0.0008440662421094203,1.0
459,98.01290319745718,4547.442808617364,0.003120398825133819,1.0
460,98.16248195943348,4244.439536289551,0.0015249496346694258,1.0
461,98.67230265019315,4613.832630584422,0.005180200560938708,1.0
462,98.89253001249632,4948.920174461191,0.0022294195839576147,1.0
463,99.17583452686864,4284.03613920747,0.00286067599166806,1.0
464,99.49093373917181,3820.5103289387457,0.003172140758884723,1.0
465,99.58744713931492,4101.684369238829,0.0009696020962044472,1.0
466,99.65655179653572,4089.131916518155,0.0006936686711860318,1.0
467,99.2208449914311,4317.377914251855,-0.004381669402727439,1.0
468,99.26137112669812,4648.6429527554865,0.00040836037225666644,1.0
469,99.2449226795317,4170.833800133724,-0.00016572217322341487,1.0
470,99.18759189108223,4304.323513355794,-0.0005778366531181689,1.0
471,99.12101943670035,4727.2303720182435,-0.0006714025824390291,1.0
472,99.5612239918486,4611.82561980623,0.004431249294067463,1.0
473,100.11833138908537,3777.2322795839536,0.005580028878918064,1.0
474,100.38840003777534,4279.928144474603,0.0026938627954260497,1.0
475,99.93605809880924,4304.736709623855,-0.004516100649642141,1.0
476,100.10763178556618,4424.973188276592,0.001715362568316614,1.0
477,100.36641295131125,4141.560806905006,0.002581693902761195,1.0
478,101.07173021040175,4418.418203381772,0.007002845939755531,1.0
479,101.31152710516608,3784.440226889348,0.002369731668148134,1.0
480,101.11539158070774,4204.323268129212,-0.0019378409463470803,1.0
481,100.66595797871311,3957.8081819038143,-0.004454666857875544,1.0
482,101.011923198349,3769.7798290510764,0.003430872607114388,1.0
483,100.98053314330471,4125.303715581309,-0.00031080423363771814,1.0
484,100.53214754382296,4106.085643718263,-0.004450204701266003,1.0
485,100.64296661570573,4490.365158105284,0.0011017176110970084,1.0
486,100.6091123829505,4396.1395124820765,-0.00033643610782085887,1.0
487,100.12538997612798,4505.959417023347,-0.004819533637305362,1.0
488,99.78301074933873,4289.414868463119,-0.0034253644200186173,1.0
489,99.60397824523496,5031.890921919097,-0.001795829839465135,1.0
490,99.26046915505205,4195.802300977595,-0.0034547093391745776,1.0
491,98.90303754927258,3942.4706355471044,-0.003607445178461788,1.0
492,98.10527019412459,4096.396593263395,-0.008098863696161196,1.0
493,97.9441608405026,4157.987673893565,-0.0016435588620549169,1.0
494,98.28197950401895,4390.779084007986,0.00344315998541056,1.0
495,98.29954121926747,4287.817702052316,0.00017867106969760016,1.0
496,97.54007720129377,4208.224014002471,-0.007756018228350037,1.0
497,97.18778345435408,3860.681492944992,-0.0036183228235922016,1.0
498,97.21043489436799,4123.584665435857,0.00023304164316773068,1.0
499,97.37702543185947,4054.229013954957,0.0017122437171721572,1.0
500,97.75244326096809,3918.6057191776817,0.0038478892484503646,1.0
0,100.0,0.0,,2.0
1,99.7691567465673,5442.248940067828,-0.002311101072261401,2.0
2,100.11860251820428,4846.142186962763,0.003496423482053146,2.0
3,100.41155099473059,4985.227182194573,0.0029217419903435626,2.0
4,99.72104114071286,5002.352351440029,-0.006900551146450162,2.0
5,99.94272274111918,5139.091005004528,0.002220550060624049,2.0
6,100.07061713562703,4592.025344825854,0.0012788588202905515,2.0
7,99.8286722784575,4568.1962766410115,-0.0024206686879288952,2.0
8,99.85569878173749,5294.961291285255,0.0002706922259516631,2.0
9,99.92014065950143,5169.618698904529,0.0006451418768085304,2.0
10,99.73687688034165,4407.839550554501,-0.001835786519164273,2.0
11,99.50338606662531,4526.578428857585,-0.0023438126124917247,2.0
12,99.51884204998333,4757.560168516935,0.00015531916746525098,2.0
13,99.14475784291889,5510.660239105481,-0.0037660109793371532,2.0
14,99.4923335069243,4638.457063100885,0.0034996084203688937,2.0
15,99.62817687519778,5025.264771381827,0.0013644339208207512,2.0
16,99.6566084109109,5133.7595666703555,0.00028533574066091916,2.0
17,99.7172605204868,4571.621071628504,0.0006084258862202319,2.0
18,99.98391037876303,4912.078906264845,0.002670490268471326,2.0
19,99.9883517769327,4887.179922732722,4.442014229955049e-05,2.0
20,100.24199537830826,4277.0601376604245,0.002533519425516495,2.0
21,99.97414064702966,4684.764582333907,-0.0026756573810375883,2.0
22,99.8763396409544,4749.562533046339,-0.000978741844818387,2.0
23,99.94542212352219,5408.142414418499,0.0006914410593727993,2.0
24,99.93306381554319,4853.246563551596,-0.00012365821100424057,2.0
25,99.93173810267868,4490.158965236435,-1.3266096399178195e-05,2.0
26,100.44496948169737,5185.878392537353,0.005122676258621617,2.0
27,100.8108757720749,4759.759091028491,0.003636234198215682,2.0
28,100.98826272483025,5588.5368999173925,0.0017580550617299906,2.0
29,100.96348599390257,4676.103834141333,-0.0002453727804700989,2.0
30,101.0876713993511,5044.079553214507,0.0012292473122963443,2.0
31,100.90350348218081,4996.566726985556,-0.0018235248971825158,2.0
32,101.34647391537418,4779.52036260591,0.004380432049581273,2.0
33,101.03160528224208,4068.0838598516684,-0.0031116896498177837,2.0
34,100.63154153105846,5448.418203532527,-0.003967648847400085,2.0
35,100.71096197857956,4318.056937794833,0.0007889089512236325,2.0
36,100.81722293483855,4662.09200443549,0.0010545519094735667,2.0
37,101.00460702739748,5010.17765633991,0.0018569264428771604,2.0
38,100.92195878070311,5091.97094867521,-0.0008185971071101861,2.0
39,100.82123433631277,5295.8080386670035,-0.0009985412761972512,2.0
40,100.77269659476683,5007.108833948605,-0.0004815397195709892,2.0
41,100.57202755175322,4667.413973702594,-0.001993288975469909,2.0
42,100.56882302215945,4746.587686787677,-3.186353826034605e-05,2.0
43,100.36348250569934,5796.787714679575,-0.002043878284318623,2.0
44,100.25067875579089,4626.173639256485,-0.0011245842375995352,2.0
45,100.06311469422577,4869.948770890062,-0.0018727029542056073,2.0
46,100.1277533546746,4312.377518317486,0.0006457703423254912,2.0
47,100.30767781415786,4483.755053298672,0.0017953363510851972,2.0
48,100.11837061283227,5162.706668201968,-0.0018890484456148826,2.0
49,99.77910809627474,4585.280960821647,-0.003394368398135228,2.0
50,99.6497989669403,5094.079603975448,-0.0012967944252419983,2.0
51,99.12010447811066,4809.628694328842,-0.005329737888163599,2.0
52,98.91974799993744,5049.564464904264,-0.0020233962409417217,2.0
53,98.68589432492766,4783.790759826537,-0.002366873551087778,2.0
54,98.93650546927532,4753.744384046857,0.0025362638946742067,2.0
55,98.88088897668837,5129.796810350346,-0.0005623013507793928,2.0
56,99.35980513611526,4758.893624491712,0.004831672863775616,2.0
57,98.79368620660327,4798.436675174654,-0.005713959072419783,2.0
58,98.47677547480119,4307.110829247406,-0.0032129595249710263,2.0
59,98.89081871082503,4628.653287930729,0.004195661857449018,2.0
60,99.3598937371127,5172.8218347410575,0.004732148458256091,2.0
61,99.25704489024349,4859.666396784076,-0.0010356504009445544,2.0
62,99.0893439731386,4869.850669011548,-0.0016909907765594312,2.0
63,98.89850818451634,4691.771476135399,-0.0019277530984016522,2.0
64,98.8139474287846,5507.492770453824,-0.000855391337136524,2.0
65,98.70859315119638,4422.582851509276,-0.0010667571130840159,2.0
66,98.2607778785903,4527.644433589666,-0.004547062742212837,2.0
67,97.83031377406331,4845.929250379624,-0.004390457438651296,2.0
68,97.48575016988593,4750.807191033691,-0.0035282705852948126,2.0
69,97.7617033614012,4678.621635811101,0.0028267039622695833,2.0
70,97.61244371784217,5264.015514442187,-0.0015279367800573596,2.0
71,97.84223436647554,4635.872717289275,0.0023513456598553972,2.0
72,97.67199722395765,4557.16886661329,-0.0017414301164118129,2.0
73,97.46882654211203,4653.43296201672,-0.002082298837693841,2.0
74,97.74513300555307,4644.308318439008,0.002830808294610243,2.0
75,97.4560170123888,4891.427284556901,-0.002962238742449941,2.0
76,97.62266893749114,3880.2259675814303,0.001708561494881522,2.0
77,97.68242601363839,4050.6801252646806,0.000611935679680542,2.0
78,97.67767248913866,4876.237710633826,-4.866423120297725e-05,2.0
79,97.54203456960745,4537.457492762701,-0.0013895927148013243,2.0
80,96.93960356327477,4792.457504771068,-0.006195267984760555,2.0
81,97.17668849295943,5002.764489272318,0.0024427114804286276,2.0
82,97.11418541835198,4600.41695159097,-0.0006433969388819349,2.0
83,96.88304144280423,4880.768941311938,-0.002382962773922692,2.0
84,96.8402746190779,4281.689766568792,-0.00044152480238857095,2.0
85,96.62061959419746,4844.404503601784,-0.0022707960713352904,2.0
86,96.32612029479012,4540.701187007363,-0.0030526509882689012,2.0
87,96.66759191234469,4855.802791774422,0.003538684965258554,2.0
88,96.52601280829772,4786.983472499784,-0.0014656709739080398,2.0
89,96.33722671650062,4677.259208384345,-0.001957720429859755,2.0
90,95.7445143342991,4420.004772623711,-0.006171479498107146,2.0
91,95.73940091505054,4290.664623367792,-5.340834234690561e-05,2.0
92,95.60725107010336,5049.447933058894,-0.0013812613347212732,2.0
93,95.3348235655908,4624.850350597705,-0.0028535113582099925,2.0
94,95.46986602320167,4944.808569578181,0.0014155048332415987,2.0
95,95.3740098724885,4916.118053842692,-0.0010045505345575023,2.0
96,95.5123565827063,4979.87181363065,0.0014495192821817326,2.0
97,95.56054293436854,5114.841325146647,0.0005043766311763065,2.0
98,95.83360842164203,4728.607415854748,0.00285343800336868,2.0
99,95.85446033243025,4973.859565948787,0.00021756086339674852,2.0
100,95.82151737428933,4974.146174625226,-0.00034373591160896666,2.0
101,95.34315359267418,4732.52308460163,-0.005004740443690814,2.0
102,95.3012563633653,4622.563146099679,-0.00043953274048824653,2.0
103,94.92034319024252,4486.608757291437,-0.004004946684895039,2.0
104,94.87324264595428,4314.32984329018,-0.000496334426135725,2.0
105,95.12308054549014,4788.593026975576,0.002629925035807723,2.0
106,95.48576361820193,4601.091677472651,0.003805526569367501,2.0
107,95.30895239216008,4587.911723208684,-0.001853419008175372,2.0
108,95.11371869806729,4546.866626305777,-0.0020505306577502935,2.0
109,95.06932281092796,4614.60937108721,-0.00046687535958511717,2.0
110,95.15752418581748,4475.980798484378,0.0009273284250106428,2.0
111,95.26011796012861,4897.233655909555,0.0010775659553621253,2.0
112,95.6591553848331,4698.11136601121,0.004180175199429037,2.0
113,95.90998596102473,4707.260071960046,0.0026186964953760494,2.0
114,96.37904337758998,4210.769930805012,0.004878680271411362,2.0
115,96.51374446043576,5028.889992288627,0.0013966422099169762,2.0
116,96.68204877731264,4173.158003305625,0.001742319091246003,2.0
117,96.41765386466719,5010.227625895848,-0.0027384307096571803,2.0
118,96.54687998395467,5398.141825786115,0.0013393770972172092,2.0
119,96.71257040458596,4557.382905100305,0.0017146945300190453,2.0
120,96.57845142359908,4387.077262832623,-0.001387741667900677,2.0
121,96.6365262178973,4551.094145480851,0.000601141761948476,2.0
122,96.61662877134174,4728.629969993186,-0.000205921053417768,2.0
123,96.3925415982879,4809.370428372411,-0.0023220375831041196,2.0
124,96.4558153682414,4598.709652831879,0.0006562023469554035,2.0
125,96.78554414650453,4980.700630407923,0.00341261414317362,2.0
126,97.43168062045304,4568.554490069446,0.006653775004495266,2.0
127,97.23176102890451,4810.688110657175,-0.0020540031568518913,2.0
128,97.76881330193841,4291.1010302180475,0.005508226144955053,2.0
129,97.26344390354552,4548.2052963162205,-0.005182430196080112,2.0
130,97.44345350435827,4529.357938380177,0.0018490321041078062,2.0
131,98.06180507191984,5449.994165288538,0.006325698183057504,2.0
132,98.65872000050351,4740.200966823455,0.006068677992162819,2.0
133,99.46636749200576,4744.9530358831935,0.008152949991877101,2.0
134,99.34190842252157,5475.812148955547,-0.0012520513562179758,2.0
135,99.64953286475628,5180.247460418165,0.003091838375611111,2.0
136,99.37810945166135,5132.066781444593,-0.002727496323637446,2.0
137,99.48289484622526,4357.802876282062,0.0010538557283448213,2.0
138,99.66673425324262,4889.236963234428,0.0018462445555993412,2.0
139,100.38522361049829,4529.788887208116,0.007183058383530394,2.0
140,100.5655283340308,5292.409690250537,0.0017945170164717084,2.0
141,99.96209304627908,4789.885529877375,-0.006018493662665492,2.0
142,100.22960078034383,4649.70694468625,0.0026725174073991553,2.0
143,99.97566026329069,4849.32407293096,-0.0025368029982111295,2.0
144,100.29481192628324,4663.961522873562,0.00318720907453951,2.0
145,100.35088832795545,5081.748864732423,0.0005589594300916545,2.0
146,100.61547866060258,4257.246546089936,0.0026331817556659587,2.0
147,100.70608289106062,4471.342375512988,0.0009000947129242931,2.0
148,100.90706403128955,4454.35146871295,0.0019937311615967346,2.0
149,101.09424184003053,4470.423905459413,0.0018532341808885633,2.0
150,101.45230608077321,4204.786885852484,0.0035356279079712394,2.0
151,100.89564516765063,5255.4612770367185,-0.0055020306751139,2.0
152,101.45148187503749,4723.598383348031,0.005493906571133245,2.0
153,101.6024125882397,4942.003686291267,0.0014866076949431317,2.0
154,101.25786314327613,4726.703237116907,-0.00339691716414503,2.0
155,101.63801894905338,4662.649269792273,0.0037473037570947554,2.0
156,101.30591177357135,5633.541838500498,-0.003272898782996414,2.0
157,100.71716980159229,4754.173068314748,-0.005828478944835069,2.0
158,101.22263724337203,4451.77755898185,0.0050061303396979895,2.0
159,100.65565877505661,4139.470225891099,-0.005617047203542391,2.0
160,100.85271820959392,4389.966221816156,0.001955844221507519,2.0
161,100.76517570221858,4424.035564762627,-0.0008684002315302308,2.0
162,100.798453798342,4405.52317518029,0.00033019941651435403,2.0
163,101.0396464797894,5150.926368561616,0.0023899630042212294,2.0
164,101.09048947615847,4310.688895065935,0.0005030719165244335,2.0
165,101.15040331685489,4567.009999088871,0.0005924997820345723,2.0
166,101.15901696460614,4293.465735457829,8.515320487312295e-05,2.0
167,101.6028857580653,4201.87497034124,0.004378233746473725,2.0
168,101.86119823678916,4279.52807979549,0.0025391470812561323,2.0
169,102.3873694052696,4414.721597630575,0.005152274393202205,2.0
170,101.94462012216052,4368.374531609018,-0.004333633485872568,2.0
171,102.68158085405527,4649.734727635419,0.007203025953891995,2.0
172,102.5670819208759,4769.809020131862,-0.001115709535047138,2.0
173,103.01974699652511,4692.945327266649,0.0044036459878595835,2.0
174,102.87757172303608,4750.143031296207,-0.0013810310592692332,2.0
175,102.72067964487528,4871.472601014409,-0.0015262008073593236,2.0
176,102.3707130596735,4579.821850404931,-0.0034127899787739224,2.0
177,101.98106707751573,4530.947469271824,-0.003813487253248482,2.0
178,101.52957874422539,4464.076420013798,-0.004437006940570143,2.0
179,101.4788809674626,4557.864876564844,-0.0004994646813116788,2.0
180,101.43453804367611,4735.876190874197,-0.0004370625137406492,2.0
181,101.43977861141914,3994.587871424359,5.166319552518672e-05,2.0
182,101.28902451287352,5221.043382401314,-0.0014872492118556124,2.0
183,101.12142005330382,4208.840880290568,-0.0016560854676761494,2.0
184,101.74952693886537,4545.939541742973,0.006192201513821161,2.0
185,101.52485774220787,4299.854606586499,-0.0022105027005130395,2.0
186,101.55454133699823,4223.742638514677,0.0002923348713492757,2.0
187,101.21749878884984,4805.574946334399,-0.003324352394306729,2.0
188,101.4304674065575,4246.2938112466045,0.0021018587071033323,2.0
189,101.52920254914356,4743.763876621779,0.0009729533990316952,2.0
190,101.38181755310693,4357.451160597868,-0.00145270593861202,2.0
191,101.83493890997862,5144.02553811855,0.0044594955228793864,2.0
192,101.45433882033647,4414.642689273465,-0.003744423105650263,2.0
193,101.5662640548004,4308.845049584063,0.0011025998762503875,2.0
194,101.5716794233889,3874.2955582974223,5.331715480672017e-05,2.0
195,101.85257109224042,4823.843389722937,0.0027616358095059468,2.0
196,101.79339208991743,5039.571587160811,-0.0005811949627094748,2.0
197,101.77332466297415,4665.752738193058,-0.0001971582322335408,2.0
198,101.8196664024428,4771.578477589994,0.0004552390534318107,2.0
199,102.37175853607863,4599.457538010049,0.0054076068979656,2.0
200,103.04856547209012,3759.202922519413,0.006589507521043814,2.0
201,103.35254184597288,4757.256822529936,0.0029454938261306296,2.0
202,102.9737656756831,4096.227050035249,-0.0036716267581962114,2.0
203,103.4096393157328,4671.588462622121,0.004223927675999661,2.0
204,103.22172769850246,4554.869660027269,-0.0018188106844343466,2.0
205,102.84496995457167,4323.967018113407,-0.003656662313995085,2.0
206,102.97332118808058,4085.1459669333885,0.0012472288000715537,2.0
207,103.37782663414467,4483.7711043313,0.003920559381070277,2.0
208,103.54551631663925,4377.507326327199,0.00162079074127508,2.0
209,103.35308723319561,4946.27376546598,-0.0018601298957765522,2.0
210,103.22580688795674,5416.229975824194,-0.0012322687841512803,2.0
211,103.26527493452839,4714.467944601989,0.0003822736236740454,2.0
212,102.65377418510965,4967.565085864574,-0.0059392518523644355,2.0
213,102.65248275817625,4564.80963638607,-1.2580492700919876e-05,2.0
214,102.44829810176262,4600.04913623556,-0.0019910672500849103,2.0
215,102.2298514399934,4858.879648267057,-0.002134538984252643,2.0
216,102.23852311166306,4291.578325786168,8.482164240675161e-05,2.0
217,102.37670330184974,4510.568362900846,0.0013506346875011843,2.0
218,102.11267541632994,4973.852785404425,-0.002582315364191956,2.0
219,102.14206015021422,4658.8848616598625,0.00028772634333762426,2.0
220,102.11890112166967,4778.658783303949,-0.00022675922505754897,2.0
221,102.08002777991638,4138.831490476469,-0.00038073992289788805,2.0
222,102.64504591889356,4645.970579905863,0.00551978869370906,2.0
223,102.3911139477041,4316.360084025091,-0.002476949443291687,2.0
224,101.96125897700966,4765.881676607054,-0.004207003799741038,2.0
225,101.5281222483687,4772.564152953613,-0.004257100593395791,2.0
226,102.28167561967348,4506.949636342652,0.007394706368206272,2.0
227,102.2533188359294,5149.966983170866,-0.0002772805113497867,2.0
228,102.00964852529512,5110.0968885562725,-0.002385850253413757,2.0
229,101.82557801161161,5440.064840284885,-0.0018060721578470051,2.0
230,101.7895599658149,5067.008064885473,-0.000353785543945051,2.0
231,101.79015193062045,4972.872438291551,5.815557945432204e-06,2.0
232,101.23391345850945,3719.949289331586,-0.005479546110151112,2.0
233,101.37085989423908,4492.885703547194,0.0013518581454858847,2.0
234,101.32266694098503,4875.557968245329,-0.000475525340297267,2.0
235,101.48882865967701,4658.445419463976,0.0016385832112524312,2.0
236,101.25577535947491,4659.138229167566,-0.002298985010986243,2.0
237,100.82508641484034,4701.262687173157,-0.004262547110723602,2.0
238,100.70241253602298,4572.866646725817,-0.001217440742408371,2.0
239,100.8423930070334,5005.41749510689,0.0013890756761627543,2.0
240,100.71989086043997,4065.3414264926505,-0.0012155266285533983,2.0
241,100.73218095876354,4610.486621892905,0.0001220151098753064,2.0
242,100.85709810171188,4151.85255348683,0.001239323435443751,2.0
243,101.13339248844315,4426.98652584376,0.0027357184810350432,2.0
244,101.26606801734789,4913.457909285389,0.0013110266951956717,2.0
245,101.30097791664797,4787.274278081068,0.00034467501349766394,2.0
246,101.78105242370498,4399.6804403800215,0.004727896412213717,2.0
247,101.77191774309384,4970.259190502112,-8.975236872998948e-05,2.0
248,101.95916529585747,4527.607184665106,0.0018381839697223512,2.0
249,101.1488172283912,5338.618294597715,-0.007979522588430044,2.0
250,101.37794489825157,4614.410765904025,0.002262691263230643,2.0
251,100.82885155744496,4128.028779990614,-0.0054310211140427,2.0
252,100.92786213756654,4765.209070088349,0.000981484940514754,2.0
253,100.49105802504822,4603.207986820398,-0.004337276725816075,2.0
254,100.49571999131703,4952.754412927813,4.6390775708005094e-05,2.0
255,100.93465215695691,4870.800729905298,0.004358159652873006,2.0
256,100.92736334149888,4428.834451747933,-7.221581973482216e-05,2.0
257,101.17338647882752,4585.482124442554,0.0024346595356421474,2.0
258,101.09681053655592,4748.357147863622,-0.000757164891911799,2.0
259,101.36194726728519,4260.02453733611,0.0026191693081223377,2.0
260,101.68483541023406,5752.758939169188,0.003180433699692564,2.0
261,101.77531097437004,4900.154441371801,0.0008893689669191573,2.0
262,101.55605675216378,5006.75501206327,-0.0021566205906866642,2.0
263,101.49424736200919,4492.46482850186,-0.0006088086627924483,2.0
264,101.67678612159011,4478.4875150697335,0.0017968979688376407,2.0
265,101.31046038052817,4562.579840295892,-0.003609351277622075,2.0
266,101.26930231129873,4311.738661206715,-0.00040633940181233896,2.0
267,101.41225418523953,4777.4285048127085,0.0014106058796441445,2.0
268,101.14955704336055,4838.195894026207,-0.002593749409733448,2.0
269,100.98344375346257,4082.7777507357696,-0.001643604227300699,2.0
270,101.21823851076888,4564.5560007077975,0.0023223828823457637,2.0
271,101.70486699679026,4255.406204684376,0.004796195264702874,2.0
272,101.50150542798893,5031.9238818019,-0.0020015281436842614,2.0
273,101.51974751550054,4469.780434396123,0.00017970618638418756,2.0
274,101.63860598835583,4601.301271614341,0.001170106809457394,2.0
275,101.92289073827412,4747.717436214289,0.002793111067757259,2.0
276,101.4284158362292,4587.6998411913355,-0.004863267268434335,2.0
277,102.025733579874,4261.733909031075,0.005871784493402643,2.0
278,102.13288544091891,4774.962944654341,0.001049692355851839,2.0
279,101.66706348472589,4713.406909292425,-0.00457137275898134,2.0
280,101.59045617927816,4441.52675476276,-0.0007537955712715316,2.0
281,101.64418308192874,4728.3071302414855,0.0005287179793516117,2.0
282,101.8136140480901,4403.989856514549,0.0016655149885362874,2.0
283,101.6695638937608,4685.732192040825,-0.001415843607811773,2.0
284,101.47675196507413,4440.760920989884,-0.0018982572809100873,2.0
285,101.38410950069687,4591.140092045744,-0.0009133597298980334,2.0
286,100.67575383604861,4442.81673779005,-0.007011373310931823,2.0
287,101.23373397759333,4815.62069764284,0.005527046480368725,2.0
288,100.68784734126322,4710.029709003185,-0.00540693038035478,2.0
289,100.81038398348578,4514.467600979292,0.0012162554134835801,2.0
290,100.82311265341741,4266.925065067224,0.00012625550973321964,2.0
291,100.94183781705716,4721.205492722003,0.0011768662204794111,2.0
292,100.98785495566078,4060.5662889194045,0.00045577387622763865,2.0
293,101.1924140058588,5249.735099421654,0.0020235319801384932,2.0
294,101.51448424011973,4627.53204294095,0.00317769654672162,2.0
295,100.9596702716628,5059.235383691724,-0.005480357316868911,2.0
296,100.64416706761926,4724.891021570411,-0.0031299350823497107,2.0
297,100.81016701009942,3799.1593735912816,0.001648015971568384,2.0
298,100.41460661633633,4552.460883377057,-0.003931532844066332,2.0
299,99.92206203116477,4196.262443199795,-0.004917178476791406,2.0
300,99.63854905730277,4406.787048582144,-0.002841373987166662,2.0
301,99.56948753495888,4438.645852427618,-0.0006933608331483043,2.0
302,99.8979625699096,4384.270328551643,0.003293523145757149,2.0
303,100.02457637879665,4398.04179693361,0.001266628830151717,2.0
304,100.05239217025648,4606.473463314592,0.00027805091051469333,2.0
305,100.47389309514894,4859.471363024396,0.00420395306388599,2.0
306,100.0090779163686,4736.990441822025,-0.0046369625238869006,2.0
307,100.22092914334364,4782.098200351014,0.002116079494158818,2.0
308,100.5246859562605,4882.076734356652,0.0030262882164953098,2.0
309,99.74595712268653,4679.42843580324,-0.007776803892027395,2.0
310,100.22918697268807,4603.6161281964505,0.0048329085372484926,2.0
311,100.22670360520986,5002.649775151343,-2.4777196331093876e-05,2.0
312,99.94193412458391,4576.04299002814,-0.002845297604793906,2.0
313,99.5167296924573,4296.047952546224,-0.004263590942709783,2.0
314,99.74057983567005,4938.524673649742,0.0022468459291662413,2.0
315,99.59518786017738,4376.232865603215,-0.0014587648062969194,2.0
316,99.70435234964611,4868.685976119705,0.0010954817082966528,2.0
317,99.73037135890084,4869.59904433124,0.00026092757488260787,2.0
318,99.48856053915293,4581.560757310366,-0.002427589950384501,2.0
319,99.25119686442332,4962.5948554400975,-0.002388689517324849,2.0
320,99.2769258754659,4344.50760885128,0.0002591976474821678,2.0
321,99.60350489971134,4865.8256063662775,0.0032841774980854055,2.0
322,99.77453702777306,4640.840414220297,0.0017156570338512367,2.0
323,100.17965332625536,5048.777792612178,0.004052096653555104,2.0
324,99.75633572801075,4865.033311924425,-0.004234537591756293,2.0
325,99.61661576917527,4486.330680120604,-0.0014015941546654531,2.0
326,99.66904482958748,4559.558747870216,0.0005261699358030114,2.0
327,99.61837574922508,4217.19636701685,-0.00050850255683077,2.0
328,99.30349484911066,4444.9313815243495,-0.003165877760608282,2.0
329,99.38992449124967,4504.934373303436,0.0008699799709246392,2.0
330,99.37145499556813,4129.98227495237,-0.00018584592019177393,2.0
331,99.14748975843106,5228.591768862388,-0.0022563623077394013,2.0
332,99.30745076921235,4658.583319981358,0.0016120641289916193,2.0
333,99.44143907664989,4607.829363162617,0.0013483177474880037,2.0
334,99.2406061817612,4425.828750793772,-0.002021651861184637,2.0
335,99.380799588528,4345.29465700302,0.0014116648656727904,2.0
336,99.3175468331394,4707.947498262378,-0.0006366712019936216,2.0
337,99.19878856720408,4509.864809141118,-0.0011964585167545394,2.0
338,99.6423187890147,5133.66533111338,0.004461159599243203,2.0
339,99.2937060392854,5255.405628761756,-0.003504776039206625,2.0
340,99.613225524446,4297.7199091314615,0.0032127564130961517,2.0
341,99.32935335776367,4479.820706053866,-0.002853811998795308,2.0
342,99.5084224979157,4581.130936119207,0.0018011586359021337,2.0
343,99.9301221820972,4206.822926638287,0.004228874747449041,2.0
344,99.9677854269987,4399.852648496397,0.0003768248081996717,2.0
345,99.60188573299607,4745.929784537188,-0.0036668908844621484,2.0
346,99.46388679463362,5073.46779297314,-0.00138646597771519,2.0
347,99.31530770685583,4162.599810403359,-0.0014949161638417863,2.0
348,98.9902264228889,4404.909352866049,-0.003278593071945224,2.0
349,98.85560735444324,4685.241265700804,-0.0013608483600657806,2.0
350,99.10641319923441,5028.487650006945,0.0025338797642318056,2.0
351,99.35642211073052,4426.554396684393,0.002519454520067299,2.0
352,99.53951089604618,4508.263000962339,0.0018410515917786086,2.0
353,99.40796919657798,4768.604011959128,-0.001322376323395602,2.0
354,99.25793110988633,4505.370680470835,-0.001510456650949621,2.0
355,99.31185344529727,4969.133776700609,0.0005431071686681221,2.0
356,99.39430521457052,4532.5604565263575,0.000829886447017536,2.0
357,99.1392675155243,4311.544751018902,-0.0025692162371173666,2.0
358,98.98621671396116,4578.361652123924,-0.0015449888498952902,2.0
359,98.53889539146132,4312.878576097479,-0.004529268025087241,2.0
360,98.54787952103946,4499.053029060158,9.11692789973273e-05,2.0
361,98.29578088667361,4251.782321340637,-0.0025614111389202776,2.0
362,98.42844446713264,4674.657281669263,0.0013487266281586585,2.0
363,98.25088453536932,4474.512620531893,-0.0018055784601527236,2.0
364,98.45781269367052,4449.620440216468,0.002103905292906383,2.0
365,98.2738183370553,4440.744777209237,-0.0018705117148485328,2.0
366,98.41971005534748,4788.547274940928,0.0014834422488503307,2.0
367,98.5337367112406,4653.85251763049,0.0011579047790748476,2.0
368,98.40748800568079,4046.3029966427553,-0.0012820954377117388,2.0
369,98.65036547078748,4127.518864680597,0.0024650384017403937,2.0
370,98.51977719844878,4056.3011121616414,-0.0013246254190963924,2.0
371,99.0644953654934,4308.419051988586,0.005513794595245258,2.0
372,98.83000824282749,4703.469398370791,-0.002369820567335701,2.0
373,98.60922524701091,4512.826643815909,-0.002236466217374833,2.0
374,98.66411828061148,4458.660567406054,0.0005565175105335385,2.0
375,99.14608633481492,4603.395017920156,0.004873044936152482,2.0
376,99.24678148649659,4259.502488447608,0.001015108672345555,2.0
377,99.16249856759755,4486.542549110012,-0.0008495865107285283,2.0
378,98.81125570248545,5009.927210688556,-0.0035483818039319104,2.0
379,99.03299283653388,5316.288274883404,0.0022415332113876474,2.0
380,98.9956545858127,4472.954550235633,-0.0003770994919136683,2.0
381,98.51875114528245,4781.608625900927,-0.00482905908092679,2.0
382,98.20156822226872,4241.9186515420615,-0.003224712107957828,2.0
383,98.15360199424234,4824.66357088357,-0.0004885659891478156,2.0
384,98.41536587421696,4475.843716637911,0.0026633302046050744,2.0
385,98.09487698102109,4620.36973358284,-0.0032618063332421343,2.0
386,98.08244980145953,5357.573064744549,-0.00012669333181403175,2.0
387,97.90728537898161,4194.433769618856,-0.0017874861553917043,2.0
388,97.31741041192592,5557.110656631756,-0.006043054745484611,2.0
389,97.5143922097865,3937.6167352226935,0.0020220709589260366,2.0
390,97.90247972942825,4619.075864245028,0.003971898905100524,2.0
391,98.03819203782578,4534.019682816603,0.0013852389998962877,2.0
392,98.05324329372857,4689.655198990746,0.00015351262952290057,2.0
393,98.27656350911697,4786.51742272071,0.0022749506591930313,2.0
394,98.04163323472005,4730.508077408692,-0.002393363329912468,2.0
395,98.25691342329301,4288.8204710125565,0.0021933965232783237,2.0
396,98.10719078164449,4519.111139133176,-0.0015249494938940344,2.0
397,97.58995853819735,4696.254916929601,-0.005286060115215818,2.0
398,97.8263039125089,5123.065877939016,0.0024188927429733553,2.0
399,97.80628665555128,4501.146320996233,-0.00020464133270792217,2.0
400,97.22428407386838,4698.7192543965675,-0.005968339293013436,2.0
401,96.81840413470722,4163.325419868697,-0.004183414843907052,2.0
402,96.5905764270698,4132.789272369318,-0.002355917624431214,2.0
403,96.22107980777022,4383.127604483237,-0.0038327254568901736,2.0
404,96.55501624360399,5190.678455570686,0.003464503916073447,2.0
405,97.19221653258947,4199.29757381198,0.00657766903056789,2.0
406,97.56581334449996,4795.116771176298,0.003836527514598842,2.0
407,97.32408673589289,4851.524849437362,-0.0024806491507787243,2.0
408,97.43599864168024,4119.807324472728,0.0011492284765379779,2.0
409,96.92065974504601,4573.970549543412,-0.005303035240633136,2.0
410,96.52571106406631,4783.69242318708,-0.004083294280326832,2.0
411,96.33276563368273,4880.445132457944,-0.0020009024032594525,2.0
412,96.41746801997226,5251.607803499026,0.0008788823768064447,2.0
413,96.02382948922562,3840.7387602221006,-0.004091004216312477,2.0
414,96.18870456792303,4899.550063502378,0.0017155501324959133,2.0
415,95.90069716952019,4764.861814661876,-0.002998683025858817,2.0
416,96.26814892902941,4753.236824745602,0.003824264076106587,2.0
417,96.4277823192478,4290.735891383944,0.0016568427335457159,2.0
418,96.26145976120515,4693.107997632807,-0.0017263298931826654,2.0
419,95.73177952517916,4115.352178806143,-0.005517710746928195,2.0
420,95.92605675849376,5080.670742885221,0.002027334792284563,2.0
421,96.19577961326266,4280.884425580173,0.0028078331653382804,2.0
422,96.23988334036089,4595.840310441606,0.00045837374625445904,2.0
423,96.61874183859786,4254.630413329074,0.003928877800784214,2.0
424,96.46059265694666,5116.956170067333,-0.0016381786008556887,2.0
425,96.49617740928156,5145.743287510201,0.0003688365298204488,2.0
426,95.96500195949417,4377.978868332085,-0.005519833144616015,2.0
427,96.13182060137419,5022.455924140106,0.0017368187728532547,2.0
428,96.27853455562018,4526.491612790697,0.001525011297444756,2.0
429,96.15115846449828,4747.2386522514635,-0.0013238716720529453,2.0
430,96.31029521434556,5017.445396343265,0.0016537003443728437,2.0
431,96.28248992886633,4977.443207398708,-0.00028874690868363473,2.0
432,96.3734199400175,4474.129363295092,0.0009439629229657243,2.0
433,96.24830254717688,4661.985356993572,-0.00129909969469022,2.0
434,95.80243959483222,4065.010996600157,-0.004643186987026482,2.0
435,95.57255093177318,3900.462445382135,-0.0024024954671721943,2.0
436,95.96476857328719,5057.753391758254,0.00409547539609445,2.0
437,96.188411335523,4310.532191820788,0.0023277560467640512,2.0
438,96.33564433241325,4856.546621116721,0.0015295026388493227,2.0
439,96.29332925253428,4815.242041056012,-0.00043934284414337554,2.0
440,96.50705645973943,5290.955749568027,0.0022170836843802277,2.0
441,96.42154224809047,4766.476430769573,-0.0008864856513950414,2.0
442,96.93122193712296,4761.5224521010305,0.00527203085713257,2.0
443,97.07669747688186,5501.703943603264,0.0014996868938510488,2.0
444,97.25732114516717,5158.421421575473,0.001858899657180224,2.0
445,97.21509106217965,4700.77040665298,-0.00043430410691147614,2.0
446,97.86916255186793,4333.490029432997,0.006705553404742659,2.0
447,98.23017772934772,4553.314013867601,0.003681966342315768,2.0
448,98.28956031329892,5076.578985868476,0.0006043422034851531,2.0
449,98.82626822470075,4840.117170330856,0.005445622928537119,2.0
450,98.98247822993976,5106.630387763467,0.0015794047584973825,2.0
451,98.9857555907421,4481.048562657707,3.3109966578237504e-05,2.0
452,99.07795170187119,4852.36691931561,0.0009309743723191488,2.0
453,99.12543190006261,5118.767008508951,0.0004791058380222424,2.0
454,98.92838312417688,4972.479402316468,-0.0019898515045486675,2.0
455,98.74979201131661,4816.972187690821,-0.0018068880019477263,2.0
456,98.08417615385628,4186.810164390551,-0.006763247226611924,2.0
457,98.00768336706861,4923.337287000333,-0.0007801730357854808,2.0
458,98.03457225573146,3966.279514503841,0.00027431727661042515,2.0
459,97.88085383970133,4927.1168749817825,-0.0015692327106435755,2.0
460,98.3888145803002,4579.638589193239,0.0051761627644504316,2.0
461,98.11733255877041,4757.244578540807,-0.0027630911114515655,2.0
462,98.53920244115179,4817.190460396474,0.004290429804656881,2.0
463,98.4624577926756,4408.37574224535,-0.000779126960324561,2.0
464,98.35918467564059,4970.886718709004,-0.0010494082380105851,2.0
465,98.70656924383492,4899.588904902971,0.0035255737854802405,2.0
466,98.46621221461348,4651.718987107974,-0.0024380357826343513,2.0
467,98.38104354367916,4783.300094794442,-0.0008653275446555142,2.0
468,97.95322968951606,5006.9385707474785,-0.004358021900273457,2.0
469,97.54989021363669,4614.4750854536505,-0.004126175053653647,2.0
470,97.34001984563955,5167.433222042009,-0.0021537333467707143,2.0
471,96.74860899280546,4366.577478132642,-0.006094253813688333,2.0
472,96.74396146376998,4480.428958855059,-4.803832028699162e-05,2.0
473,97.0821045575285,4497.993264569193,0.003489143062634703,2.0
474,96.60149838823426,4157.466382566561,-0.004962806850000945,2.0
475,96.72723979195753,5047.670593874956,0.0013008042429429878,2.0
476,96.54218336771783,5089.56367396197,-0.0019150104322616102,2.0
477,96.30783832933386,4827.354772162582,-0.002430335777709125,2.0
478,96.10536366704456,4406.728352394464,-0.0021045825850105615,2.0
479,95.89009168078287,4164.433761832797,-0.002242470542677566,2.0
480,95.88769735955687,4796.531922258977,-2.4969744807812333e-05,2.0
481,96.66543817289089,5138.354146831165,0.00807823815133979,2.0
482,96.97053583530624,3980.5384839575822,0.0031512524101602324,2.0
483,96.23756628544808,4094.090267007393,-0.007587394712153639,2.0
484,96.19285468471068,4748.601814915186,-0.0004647040869798502,2.0
485,96.51144100525894,4564.219958877137,0.0033064816709087452,2.0
486,95.72270690793115,5235.470544635205,-0.008206018877659815,2.0
487,95.90289194581788,4831.637588170425,0.0018805952030280793,2.0
488,96.07263226656742,4832.056462759012,0.0017683542282647124,2.0
489,95.89226038235853,5085.466807987611,-0.0018792179632569628,2.0
490,96.09191538996107,4768.309292092089,0.0020799118341452427,2.0
491,95.69047464646079,4870.850117162989,-0.004186425351496936,2.0
492,95.44536549907885,4545.8273562258755,-0.0025647652638705054,2.0
493,95.8320300399967,4669.350528436947,0.004042977127732605,2.0
494,95.70241166786901,4174.283784346171,-0.001353473461578325,2.0
495,95.73723188062618,4463.0771398800935,0.0003637722312452851,2.0
496,96.06051592133957,4746.136140883665,0.003371096382267069,2.0
497,96.0389201721992,4993.341623582418,-0.00022483927772487533,2.0
498,95.83053170299911,4306.577767194412,-0.0021721910299117297,2.0
499,95.683826035312,4899.324969606661,-0.0015320595083867516,2.0
500,95.28186571733904,4528.826397351476,-0.004209770958519599,2.0
0,100.0,0.0,,5.0
1,100.37314960631952,5101.277649095982,0.0037245513026293864,5.0
2,100.39498731077158,5698.731199576267,0.00021754153695408007,5.0
3,100.24515459394351,5460.317430685477,-0.001493547036581333,5.0
4,99.96081290290556,5059.539150460436,-0.0028404935754409166,5.0
5,100.14631372536432,4920.923086921669,0.0018540156837056898,5.0
6,99.7344943544855,5134.595893925334,-0.0041206552800368,5.0
7,99.9207533035624,4699.326197876757,0.0018658062364593775,5.0
8,99.7953632981962,5069.135375376286,-0.0012556825555734008,5.0
9,100.25272218773243,4535.18979761228,0.004572497510150875,5.0
10,99.9759578244696,4860.298567505268,-0.0027644844835146287,5.0
11,99.63959370694023,5248.088422600548,-0.003370122551171306,5.0
12,99.57109350048938,5380.910079619899,-0.0006877162075076271,5.0
13,99.21314193828495,5454.816837562748,-0.0036014118353522306,5.0
14,99.89396358390765,4937.135936517374,0.006838774510547374,5.0
15,99.92920900354105,5095.142782139473,0.0003527660935667143,5.0
16,99.93750556476269,5887.775147486825,8.302093967316182e-05,5.0
17,99.83667292093435,4913.866524302311,-0.0010094663199744502,5.0
18,100.81202962133273,4073.6932624308383,0.009722110041489707,5.0
19,100.52642018143665,5667.562599167674,-0.0028371096703381227,5.0
20,99.66670690972622,4665.380129230852,-0.0085888918287651,5.0
21,99.5083961913367,5121.065977161435,-0.001589664062050744,5.0
22,99.76083922952208,5234.557754329778,0.0025336893846201747,5.0
23,99.4348304475923,4886.360130108303,-0.0032732546197919987,5.0
24,99.68809204704884,5005.495429592542,0.0025437727896946427,5.0
25,99.25423173057142,5698.006896252859,-0.004361676249276414,5.0
26,99.47057949085088,5218.067362233522,0.0021773611903146417,5.0
27,99.72940606609279,4838.844689518981,0.0025986620448179565,5.0
28,99.49269678237725,5398.045867632882,-0.0023763366787328266,5.0
29,99.33380071029967,5272.469773152075,-0.001598339335137311,5.0
30,99.25674102168915,5160.261295193715,-0.0007760660886066972,5.0
31,98.93139302154482,4753.822742825206,-0.0032832267579934182,5.0
32,98.68204410633578,5131.871352652666,-0.002523604175569183,5.0
33,99.12929762769433,4745.273350500039,0.004522028712664827,5.0
34,99.36263159054936,5100.594140949534,0.0023510685926018127,5.0
35,99.48687869057795,5140.662249878042,0.0012496597655395902,5.0
36,98.72102959279695,4843.393540070926,-0.007727773484811351,5.0
37,98.37943397338192,4639.116592626287,-0.0034662116490880024,5.0
38,98.53078970473699,5889.836658065816,0.0015373072899551588,5.0
39,98.17821244585141,5073.159704524679,-0.0035847636112009695,5.0
40,98.3018535752759,4424.85484755457,0.0012585617284104345,5.0
41,98.50782204019248,4677.327101964661,0.002093073315296401,5.0
42,98.6140152970908,4804.213312936417,0.0010774378790889827,5.0
43,99.36680489247715,4363.572086001106,0.00760470860339435,5.0
44,99.35762714295458,5066.589690993327,-9.236659463685015e-05,5.0
45,99.71953903062109,4698.605315810092,0.0036358995189837984,5.0
46,99.69705412557447,5425.061966797482,-0.00022550686265354614,5.0
47,99.75817398585421,4940.412050182499,0.0006128679881847177,5.0
48,100.01370684076772,5128.368332544464,0.0025582478697225852,5.0
49,100.05005284203162,5537.620211864013,0.00036334418308836547,5.0
50,99.93493108277693,5250.797873659704,-0.001151304160058153,5.0
51,99.97630536232502,5742.658596807423,0.0004139265093305866,5.0
52,100.06706597396989,4995.226962821179,0.0009074094009333677,5.0
53,100.3026901437162,4493.744619645597,0.002351894646405839,5.0
54,100.12484390732136,5206.052886451019,-0.001774669173208565,5.0
55,100.36084589288899,5163.67560685596,0.0023543036394366723,5.0
56,100.20813443778923,5079.12885533237,-0.0015227826791335275,5.0
57,100.25349064545075,5238.002230899939,0.0004525176169423162,5.0
58,100.47202897313109,5257.85531723852,0.002177485099498,5.0
59,100.93673276922159,4868.669660800381,0.004614542254140375,5.0
60,100.95793249298798,5276.941440943236,0.00021000776634405582,5.0
61,100.65426996415974,5152.279307769128,-0.003012345034203001,5.0
62,100.54626716226728,4597.837865809461,-0.0010735837369866275,5.0
63,100.6543629358641,4853.6050184806345,0.0010745074102835872,5.0
64,100.40915912934437,5429.3324458057405,-0.002439069260919524,5.0
65,100.98042995865839,4800.613756273477,0.005673305796618067,5.0
66,101.2310389507265,4798.5595061358445,0.002478683545784399,5.0
67,101.06842701426075,4814.286880885849,-0.0016076361913519577,5.0
68,100.90455750938813,4982.188686548442,-0.0016226877195126832,5.0
69,100.72095171201244,5240.634818607783,-0.0018212561380348546,5.0
70,101.0734048840116,5001.415607963034,0.0034931951154897334,5.0
71,101.1727859996127,4909.25972152279,0.0009827737488237176,5.0
72,101.21783259483,5152.4868636912715,0.00044514509885829057,5.0
73,100.73338847411205,4955.920096104973,-0.004797644177374494,5.0
74,101.25908327596184,5125.129686169643,0.005205104766401902,5.0
75,101.19543112813635,4743.566065514556,-0.0006288044513125257,5.0
76,100.66410169118183,5204.086610436344,-0.00526436038581668,5.0
77,101.04828431112381,5449.687537121111,0.0038092165989498383,5.0
78,101.36591846645948,4226.038959972023,0.0031384597691248572,5.0
79,101.6399501140859,5523.729275013238,0.002699742780689185,5.0
80,101.40269402372931,4961.45705906933,-0.002337008556477116,5.0
81,101.78201939004512,4646.888308836087,0.003733802613717252,5.0
82,101.95345935990505,4965.773130172835,0.0016829666720497016,5.0
83,101.91949210376592,4873.796035441925,-0.00033321984313783304,5.0
84,102.12156103701588,4953.405655825591,0.001980670028899567,5.0
85,102.02454949785154,5289.866357276748,-0.0009504128803881073,5.0
86,102.3473140730292,5409.339083847065,0.003158603516980385,5.0
87,102.34421985459451,4330.370494938569,-3.0232988883938106e-05,5.0
88,102.38160643929612,5017.356280580928,0.0003652356499816989,5.0
89,102.7826990944405,4817.978601969479,0.0039099702561653515,5.0
90,103.17840301937831,5077.096378199959,0.0038425159678681098,5.0
91,103.1910397397847,5269.260689698127,0.00012246697237028314,5.0
92,103.06436134664443,4972.908433473233,-0.001228364526713932,5.0
93,103.16081711717923,5226.213016782603,0.0009354413295890041,5.0
94,103.40553550936067,5615.932518434485,0.0023693936941588944,5.0
95,103.01474768941326,4705.284573533471,-0.0037863361173986476,5.0
96,102.69869395963438,4848.255476030783,-0.003072759620596166,5.0
97,102.73479968703629,4900.519174406066,0.00035150770337111226,5.0
98,103.52949953505843,4902.316385426974,0.007705684243897615,5.0
99,103.51190260760237,5396.838420198406,-0.00016998462448913898,5.0
100,103.7551665513137,5093.051857230337,0.002347348822928197,5.0
101,103.87096424695468,4930.430762418967,0.0011154444501002558,5.0
102,103.71280268011284,4888.493028907895,-0.001523833966290411,5.0
103,103.49882506735949,5780.623181010169,-0.002065305804885398,5.0
104,103.02157663439885,5197.765304257718,-0.004621812456063523,5.0
105,102.80164461684257,4572.054937240044,-0.002137097067329563,5.0
106,102.91395768356854,4895.523493834434,0.0010919257132595561,5.0
107,103.38724160476926,4879.569544701156,0.004588288901338444,5.0
108,103.49156057397839,5359.326233800377,0.0010085033067888105,5.0
109,103.67251968431545,4948.640078391768,0.0017470128618448655,5.0
110,103.24239097096425,5238.336639946592,-0.004157547965593089,5.0
111,102.58390556338009,5143.034475619245,-0.006398479351107156,5.0
112,102.40275284929953,4724.964040703348,-0.0017674590399394674,5.0
113,102.7796459516503,4911.603890686892,0.00367374129987752,5.0
114,102.65121641979336,5285.776677093217,-0.0012503432746777676,5.0
115,102.86936311436695,5320.220095421443,0.002122870390816267,5.0
116,103.26037261665748,4528.761557302248,0.003793824019520997,5.0
117,103.34888954141775,4880.282318763478,0.0008568534561472774,5.0
118,103.52407499051363,5486.788176541261,0.0016936528305500076,5.0
119,102.98622336251435,5833.585843714098,-0.005208968738426023,5.0
120,102.86518070525463,5465.458862567265,-0.0011760198747081674,5.0
121,103.05555724177346,5646.45312319029,0.0018490278604934574,5.0
122,103.53731389717618,5289.366822376487,0.00466383497150602,5.0
123,103.19108766074896,5162.493323820521,-0.0033495790373292422,5.0
124,103.68566093913324,5122.75847737087,0.004781341779044546,5.0
125,103.78447892069092,4797.44538578317,0.0009525996280439486,5.0
126,103.65715448882794,5809.933792935537,-0.0012275688901919324,5.0
127,103.69538266337094,4922.7187618124335,0.00036872637780227535,5.0
128,103.18507628075535,5309.898279892456,-0.004933355428597075,5.0
129,102.82403595360549,5202.095885730716,-0.0035050944384904525,5.0
130,102.35660607380913,5423.591640199802,-0.004556284489808604,5.0
131,102.74637410513535,5459.215351016843,0.0038007102596200326,5.0
132,103.07129542530129,5305.504398981279,0.0031573731335665656,5.0
133,103.33287659913194,4734.501422190208,0.002534651420154077,5.0
134,103.09704775110751,4770.917718572194,-0.002284832989802865,5.0
135,102.73419054137881,4736.558609712799,-0.0035257776091901505,5.0
136,102.46696431763331,5478.575080406309,-0.0026045309052147303,5.0
137,102.72524122965676,4541.990041621497,0.0025174157832603683,5.0
138,102.5878211292532,4693.306460695734,-0.001338639824915333,5.0
139,102.07232617185005,5018.433867740763,-0.005037581125129975,5.0
140,102.38655916320093,5461.6856530578,0.003073803696513444,5.0
141,101.94438931240302,5673.106199558947,-0.004327984030839893,5.0
142,101.77176440204508,5364.283552325252,-0.0016947595811949157,5.0
143,101.60980287676986,4407.456243293764,-0.0015926867088191798,5.0
144,101.75323440194558,5155.398838168238,0.0014105960540140572,5.0
145,101.18707021449546,5343.5025634956,-0.005579627539728627,5.0
146,101.07168152636642,4693.396875561221,-0.0011410008185501752,5.0
147,101.11200747221591,5530.465131326587,0.0003989040518943554,5.0
148,101.31493298480986,5426.3781737606705,0.0020049266180803826,5.0
149,101.717630948162,5175.461181210378,0.003966836487856895,5.0
150,101.68826968997769,5173.525574114039,-0.0002886962305037599,5.0
151,101.74769145211488,4757.902535053159,0.0005841815133713624,5.0
152,101.73247127911786,5249.331397632178,-0.00014959859301377776,5.0
153,101.8064498513886,4989.1468614858,0.0007269231370345963,5.0
154,101.9292303224853,4777.065166979927,0.0012052919337035561,5.0
155,101.46249331158995,5271.8796197287675,-0.0045895459444667,5.0
156,101.43052759923063,5022.531134299881,-0.0003150991836022854,5.0
157,101.43660931156572,4529.815235378387,5.995759026777847e-05,5.0
158,101.03361371975126,4922.49309838105,-0.003980793994895926,5.0
159,101.37111220151048,4561.562413421807,0.0033348904578547334,5.0
160,101.21375729273379,5402.965603340467,-0.0015534717949527987,5.0
161,101.02940241325527,5138.642013505417,-0.001823101763324786,5.0
162,101.3164537269712,5099.223995921092,0.0028372363215423135,5.0
163,100.93049130104835,5034.672047768369,-0.003816748820743676,5.0
164,101.16139092205802,5562.78224025505,0.0022850964516045735,5.0
165,101.5795773910728,4805.329579770712,0.004125333577770007,5.0
166,101.81365035607037,5094.14520173071,0.0023016800601300957,5.0
167,101.71914426781672,4879.260278994349,-0.0009286571750779515,5.0
168,101.76314143450168,5185.1664338133605,0.0004324422366179803,5.0
169,102.07281453569746,5162.4293215634,0.0030384564682837123,5.0
170,101.47340690193916,5004.876922647724,-0.00588966341126973,5.0
171,101.43591608394416,4796.893803139454,-0.00036953273383311114,5.0
172,101.85592852380466,5725.383597116103,0.00413211890809162,5.0
173,101.33097293424956,5017.0330227274035,-0.005167230306929227,5.0
174,101.3920740574161,5205.616924658724,0.0006028039329866175,5.0
175,101.37132631602024,5264.216232150108,-0.00020464976845069316,5.0
176,100.85576692391994,5145.006275630409,-0.005098827271864614,5.0
177,100.50311428260945,5235.714808471017,-0.003502731041799656,5.0
178,100.95226800521968,5578.491124144815,0.004459096220112535,5.0
179,100.63971933132457,4930.763999264412,-0.003100807015737672,5.0
180,100.8417739977927,4248.251578562855,0.002005690258344295,5.0
181,100.60132547897007,5294.03599348851,-0.0023872610542676753,5.0
182,100.34856196402941,4509.595463403874,-0.0025156883784518413,5.0
183,100.20883383850915,4853.679469487572,-0.0013933981099887305,5.0
184,100.10959102973577,5125.201594866285,-0.000990850611552574,5.0
185,100.1420865507213,4999.307250008022,0.00032454680693216886,5.0
186,100.26095787480273,4783.618714271379,0.0011863226765189694,5.0
187,100.18912293743617,4784.670865721986,-0.0007167364577824742,5.0
188,100.0593913493144,4923.394141243534,-0.0012957060553873134,5.0
189,99.44923406927728,4729.04795415197,-0.006116619580486038,5.0
190,99.63091929103082,4898.893986998348,0.001825247460660151,5.0
191,99.70754595340873,4906.397301850953,0.0007688096329854233,5.0
192,100.35486874994356,4624.490476504315,0.006471231055355631,5.0
193,100.4426806324852,5108.311513724058,0.0008746310740299634,5.0
194,100.26812316463133,4412.792675465789,-0.001739393281892987,5.0
195,100.02149325858949,5441.699638609245,-0.002462734065781902,5.0
196,100.36359463247999,4918.82500771141,0.003414442759731351,5.0
197,100.25072744507824,4945.0737830647495,-0.0011252157686589825,5.0
198,100.30098165572463,5103.4319661774625,0.0005011596452959566,5.0
199,99.68666753696448,4697.768557469092,-0.006143539897734307,5.0
200,99.58288443555932,4613.967487380816,-0.0010416354105435843,5.0
201,99.60171157300556,4732.54741657041,0.00018904210345116468,5.0
202,99.75948351419302,5018.946491731,0.001582775164000516,5.0
203,99.95036150980636,4911.210419530046,0.0019115537715563846,5.0
204,100.27684802411915,4881.408473155283,0.003261163199811179,5.0
205,100.4435620519615,5387.911112703337,0.0016611570902593797,5.0
206,100.47352705044715,5290.483944368046,0.00029828223016448163,5.0
207,100.11153562519333,4520.259430850208,-0.00360935967425835,5.0
208,99.84873649703883,5404.331859238542,-0.0026285149212279535,5.0
209,100.17795166465798,4731.285085177683,0.0032917153996727677,5.0
210,99.96167474844032,5193.2282733373095,-0.0021612611583270436,5.0
211,100.09954326430572,5146.9646761699205,0.001378263504136612,5.0
212,100.0602328574019,4641.904196546744,-0.0003927902815528128,5.0
213,99.9978253775476,5108.101509169259,-0.0006238937079485751,5.0
214,100.41780877947132,4698.13242416766,0.004191130282433342,5.0
215,101.1198294134486,5062.223430290464,0.006966673616141783,5.0
216,101.85272480073542,4394.36498999315,0.007221651964726128,5.0
217,102.01466598396868,4907.621549856766,0.0015886917144598556,5.0
218,101.92323202688908,5170.710601014076,-0.0008966843739965924,5.0
219,101.6856515535351,5108.000339046601,-0.002333695632536603,5.0
220,102.61178285663988,5076.283025352898,0.009066561701722264,5.0
221,102.59594491022514,5424.337549468658,-0.00015436013661407344,5.0
222,101.98333728151655,5240.996322374822,-0.005988968709007558,5.0
223,102.60904853256565,5519.494945850312,0.006116681218712117,5.0
224,102.75072652875156,4554.980386373913,0.001379803017621306,5.0
225,102.59630866229685,4879.017845295585,-0.0015039700516528143,5.0
226,102.00989183871384,5239.913819474598,-0.005732166746073908,5.0
227,102.01668562117938,5332.036723759432,6.659703409894746e-05,5.0
228,102.07673980085559,4911.960886604214,0.0005884969717682154,5.0
229,101.63920793444153,4949.4772974223515,-0.004295515830117225,5.0
230,101.67933980750851,4898.899906925457,0.0003947684462026757,5.0
231,101.28059288482754,4836.831823828562,-0.003929321718147527,5.0
232,101.33627458405411,5453.654936527385,0.0005496255205592604,5.0
233,101.81758610817035,5226.223114649841,0.0047384029329125,5.0
234,101.34696841035009,5550.334015168122,-0.004632880383066862,5.0
235,101.02645203192615,5451.605135057548,-0.003167576509961023,5.0
236,101.09686610609441,5565.390897602335,0.0006967437272002996,5.0
237,101.3829085444975,4385.145961384683,0.0028253945776350875,5.0
238,100.98789962329958,5444.789085077915,-0.003903818208057963,5.0
239,100.40703687752284,4776.353186293277,-0.005768410730984108,5.0
240,100.24763839017123,4965.138427066079,-0.0015887845191633332,5.0
241,100.27762515667794,4244.459959414432,0.000299082182461774,5.0
242,100.16571000275613,5458.545506633539,-0.0011166763460837004,5.0
243,100.22725229942866,4480.8918192800265,0.000614216167078574,5.0
244,100.2426173559131,4267.773880418003,0.0001532904325314277,5.0
245,100.43172708339064,5157.5250974722285,0.001884743004756828,5.0
246,99.71337191246931,5363.20938191028,-0.0071783746812039695,5.0
247,100.51781762264497,4420.640761981861,0.008035212099247069,5.0
248,100.91052387349656,4089.913212629601,0.0038992203926291324,5.0
249,100.77508189105869,5271.418018659082,-0.0013431003396098262,5.0
250,100.6840727449302,4838.507431821018,-0.0009034997936323563,5.0
251,100.61110033378898,5388.748932161471,-0.0007250289534690424,5.0
252,100.87698382824314,4945.729524965898,0.0026391997312540383,5.0
253,101.11131560775138,4850.280397511345,0.0023202520669860505,5.0
254,100.83295212097663,4338.355817513667,-0.0027568364896488617,5.0
255,101.04878074357816,4556.760356245006,0.002138169727054162,5.0
256,101.24484707032315,5266.538568113486,0.0019384336546579561,5.0
257,101.20508217827276,5093.2394892347,-0.0003928368136199012,5.0
258,101.80116728373773,5175.2899053173205,0.005872595746795994,5.0
259,102.02047006459293,5203.346830441262,0.002151909565006882,5.0
260,102.10403841669542,4725.709647098277,0.0008187978738378732,5.0
261,102.31047176585915,4276.602705327979,0.0020197530904875194,5.0
262,102.19872405327345,5015.634542028074,-0.001092838131407703,5.0
263,102.00380652614749,5074.353748634193,-0.0019090614183010501,5.0
264,101.7075100481555,5208.561433863157,-0.0029089860290332226,5.0
265,101.85829304711919,4883.4624655424395,0.001481418040227389,5.0
266,101.90953308230723,5663.501628664597,0.0005029256800881399,5.0
267,101.77401916279317,5519.428536756778,-0.001330632130236431,5.0
268,101.90362725980276,4930.35926976717,0.0012726788312811266,5.0
269,102.01612593809256,4761.688230637931,0.0011033623564040695,5.0
270,101.92062780895118,5940.014284851593,-0.0009365465946382656,5.0
271,101.92285021431715,5262.761266435095,2.1805018120879538e-05,5.0
272,102.43155656205164,4599.775703176325,0.004978678038257911,5.0
273,102.5953092122887,5542.513313134469,0.0015973778308335795,5.0
274,102.57885965310435,5083.2473707122435,-0.00016034727286218242,5.0
275,102.52682846960735,5128.903053409318,-0.0005073597430600429,5.0
276,102.9574125304475,4973.422971373477,0.004190926651806315,5.0
277,102.38838416705079,4577.612442158071,-0.005542161846499027,5.0
278,102.43975385223733,5224.670720670901,0.0005015881778769327,5.0
279,103.24157989983937,4902.113261896968,0.007796819428523172,5.0
280,103.9390020179197,5485.074634024086,0.0067325301044922625,5.0
281,103.69713061599207,5054.745703534835,-0.002329763208954283,5.0
282,103.40475976984925,4945.475872693177,-0.0028234511990863354,5.0
283,103.32058592352334,4587.3479967766825,-0.0008143544343379716,5.0
284,102.73652090413866,5116.503291494057,-0.005668977814603515,5.0
285,102.6062356967938,5148.634403871401,-0.0012689536946330904,5.0
286,102.04259047212395,5137.555680072193,-0.00550842788042516,5.0
287,102.53633332641375,4819.777570712593,0.004826927464218755,5.0
288,102.3549840982736,4832.3847285382235,-0.0017701997114958345,5.0
289,102.62708848568727,4984.3390148811295,0.002654910683768108,5.0
290,102.67670372910683,4871.918165478898,0.00048333490434071535,5.0
291,102.56598636736277,5509.6736444209,-0.0010788922366167242,5.0
292,102.32470131553792,5019.57408960138,-0.0023552574896621437,5.0
293,101.5824409341258,4305.691650381369,-0.007280408639008584,5.0
294,101.88766743000508,4896.220940535683,0.0030002119454834997,5.0
295,102.30411441072216,5215.769295926663,0.004078984515150985,5.0
296,102.71022778959134,5594.403643182832,0.003961809751499068,5.0
297,102.44796532131703,5378.03142160023,-0.002556686692910759,5.0
298,102.27007017377322,5230.870287888421,-0.0017379532965033917,5.0
299,102.48467983718541,5008.229391017609,0.0020962614248434264,5.0
300,102.56425491902935,5182.927264409993,0.0007761570274267271,5.0
301,102.47110187280373,5118.022201875869,-0.0009086535521722894,5.0
302,102.66165186338591,4740.222584874961,0.001857821746342303,5.0
303,103.0282506167586,5031.881179436719,0.0035645808289714864,5.0
304,103.09966935373893,4823.029567391961,0.0006929555185770653,5.0
305,102.81592663224916,4328.143386961059,-0.0027559146233500087,5.0
306,102.28936370838123,5376.473015480418,-0.005134573368096085,5.0
307,102.78838048047793,4707.870349536117,0.004866620305021385,5.0
308,103.29386642775125,4967.8820222264485,0.004905681771201209,5.0
309,103.3403041158275,4948.276686133788,0.0004494676629320793,5.0
310,103.45081719598983,4896.526912212805,0.0010688378686882771,5.0
311,103.09694581808368,4866.061005398347,-0.003426536496743182,5.0
312,103.01105238929642,5140.223045965757,-0.0008334798698426127,5.0
313,103.26960236056695,4903.060610623746,0.0025067799690363657,5.0
314,103.09662388113034,5378.314800859479,-0.001676422766441199,5.0
315,103.35798309653408,4638.4904397482815,0.0025318820330388903,5.0
316,102.80837769587642,5062.460519015348,-0.005331681662384291,5.0
317,102.38240212987836,4735.35631237119,-0.004152001160218077,5.0
318,102.75218082772241,4713.4236450031485,0.0036052341154348966,5.0
319,102.57249223076438,5708.73453238174,-0.0017502878748523187,5.0
320,102.0462316108077,4400.46299809552,-0.0051438281935833885,5.0
321,101.832692767449,5156.5075856141,-0.002094762095635083,5.0
322,101.67271368800606,4621.745109994648,-0.0015722345188171616,5.0
323,101.29986679275765,5317.259256182509,-0.003673868792862578,5.0
324,101.67460022025392,4876.313088397545,0.003692423571990844,5.0
325,101.38428511601184,5125.713240968529,-0.0028594198335074594,5.0
326,101.19397106257861,4779.8756744569855,-0.0018789194162565082,5.0
327,100.87070401517296,4745.479302716782,-0.0031996421252165064,5.0
328,101.2118303770562,5029.350738452834,0.003376112506964013,5.0
329,100.65912039885322,4727.785839911985,-0.0054758880084335715,5.0
330,100.48065217474365,4971.061176129685,-0.0017745696801840793,5.0
331,100.96472483300258,5048.44087095931,0.00480600346550375,5.0
332,100.77251643476609,4998.984665018287,-0.0019055327136285882,5.0
333,100.80754559164477,4845.85106809748,0.0003475458522945729,5.0
334,101.02793698968576,4863.459965152157,0.002183872556154043,5.0
335,101.10734621775634,5455.991372455786,0.0007857038206848799,5.0
336,101.08505989790244,4813.641056722426,-0.00022044665645193362,5.0
337,101.71337345770696,5650.177360254209,0.006196453885790376,5.0
338,101.57764210561375,5113.471902634006,-0.0013353405893123949,5.0
339,101.89128425131848,4267.285619901206,0.003082951286374147,5.0
340,101.52119226390292,4803.098995363203,-0.0036388367333755056,5.0
341,100.92587841316991,4853.0236513988275,-0.005881197141136774,5.0
342,100.72112577409382,5336.7062114119235,-0.002030803386054103,5.0
343,100.6395967582935,5303.723918516222,-0.0008097807678693059,5.0
344,100.37952472711007,4470.95699559434,-0.0025875366917098575,5.0
345,100.63783287406423,5112.848580549125,0.0025700097962948476,5.0
346,100.44497739794491,5529.532416863047,-0.0019181702801027711,5.0
347,100.82774487198586,4721.3152300338825,0.0038034755148519395,5.0
348,100.64111646104824,4817.076010932987,-0.0018526780077570137,5.0
349,101.26345767520831,5373.0124623989,0.006164725962923612,5.0
350,101.80112899405209,4314.243858006172,0.0052955819048881025,5.0
351,101.57394082016233,4880.8592938220645,-0.002234180114595752,5.0
352,101.16746988064364,4495.033414706073,-0.004009752943129108,5.0
353,101.29018427770133,5375.078923567786,0.0012122476929379289,5.0
354,100.93522874005494,5585.114249567551,-0.0035104974876967177,5.0
355,101.58031506121736,4826.26900311058,0.006370755457780319,5.0
356,101.38900410629996,4660.625473785081,-0.0018851224643903208,5.0
357,101.66133524935482,4823.072263707868,0.0026824018833027097,5.0
358,102.02543454175262,5587.151510949997,0.003575094058158257,5.0
359,102.10206139343332,5329.580967684339,0.0007507744601378263,5.0
360,102.09769761666038,4623.807400613057,-4.2740273492825054e-05,5.0
361,102.159077568208,4802.597052815772,0.0006010077593723295,5.0
362,101.96438900638577,5196.158378904849,-0.0019075574614220159,5.0
363,102.03154163076313,4778.210668684296,0.000658372219418446,5.0
364,102.74080913897575,4835.0020786708465,0.006927403450312397,5.0
365,102.60267370575173,4663.5907868881,-0.0013454086990956071,5.0
366,102.60433679612026,4332.324822393738,1.6208904018988335e-05,5.0
367,102.01456002237363,5051.392489084217,-0.005764652396878844,5.0
368,102.5144949899695,4759.967682112945,0.004888654702141615,5.0
369,102.04214018553618,4406.729825663438,-0.0046183360769518345,5.0
370,102.56556711368685,4682.969848369893,0.005116406189173084,5.0
371,102.78795593608854,4603.5068217181915,0.002165912773617329,5.0
372,102.66643400904371,4433.4801899124,-0.0011829578452777767,5.0
373,102.57248899323532,5034.656130752494,-0.0009154698435880348,5.0
374,103.19797862533926,5590.270916140422,0.0060795075782378305,5.0
375,103.40361030494441,5346.086054280728,0.001990611481467397,5.0
376,103.35453575889446,4515.717249478771,-0.0004747048462734327,5.0
377,103.62622288785428,4023.0616054186203,0.002625241947828094,5.0
378,103.5248192770494,4842.078088070068,-0.0009790307385832975,5.0
379,103.76713959441747,4147.575558265516,0.002337962640380553,5.0
380,103.77721818189391,5266.4452160777955,9.712224983893236e-05,5.0
381,103.59587422391044,4617.794193515392,-0.0017489636876728554,5.0
382,103.00471265954509,4980.900815516823,-0.005722763779733242,5.0
383,103.40545222521945,5140.493909755867,0.0038829489759244495,5.0
384,103.76368785150154,5020.14529887654,0.003458391372430647,5.0
385,103.15145744101594,5270.848040504467,-0.005917712753960025,5.0
386,103.36003126420668,4985.622416629486,0.0020199737595101297,5.0
387,103.30702006220392,4423.356149877047,-0.0005130106886914731,5.0
388,103.1572473780153,5574.355043699613,-0.0014508342031014365,5.0
389,103.53462266656993,5322.972582827907,0.0036515776629295615,5.0
390,103.4945387032427,4930.263540436169,-0.00038723012316577154,5.0
391,103.68660987944543,4940.371972090866,0.0018541381061192297,5.0
392,103.8567870430305,4609.002336431793,0.0016399192096416826,5.0
393,103.5808033788761,4653.9414468779405,-0.0026608853914140695,5.0
394,103.65595940158934,4985.3764298117785,0.0007253155762487751,5.0
395,103.79701012173268,5546.222563256996,0.001359833433117963,5.0
396,104.19767176407234,5210.420237210902,0.0038526190600745025,5.0
397,104.34770887576532,4190.255840862248,0.0014388919775560893,5.0
398,104.86980573858732,4765.031128122203,0.004990958310114202,5.0
399,104.32932908126237,5035.128059822644,-0.005167113719741323,5.0
400,104.21677383211488,5051.022655037422,-0.0010794280833241743,5.0
401,104.65873734999654,4790.819773709929,0.00423184292840606,5.0
402,104.56849715323503,4852.443679156039,-0.0008626047423643257,5.0
403,104.71299403165722,5137.746944419023,0.0013808856250516754,5.0
404,104.24392675801403,4250.158632121209,-0.004489614986399992,5.0
405,103.80441707025851,5315.570970752415,-0.004225078974299912,5.0
406,103.78132137538543,5084.524950025187,-0.0002225171646310642,5.0
407,103.36379878316696,4910.869496960561,-0.004031214033116015,5.0
408,102.84769015633081,4413.141481486282,-0.005005634818322946,5.0
409,102.59638401816011,4915.911734512144,-0.0024464688458287753,5.0
410,103.05028197764284,5466.000130566427,0.004414355023547145,5.0
411,103.34890510181353,5691.859204995203,0.0028936483400494595,5.0
412,103.06469221992378,5510.092059475333,-0.0027538211163307125,5.0
413,103.28066462413807,4478.795399259231,0.0020933108104053133,5.0
414,103.42512260096913,4179.408344428298,0.0013977160706355463,5.0
415,103.60113028463655,4668.005761861241,0.0017003420930414848,5.0
416,103.35843760633968,4546.510218919455,-0.002345315966924666,5.0
417,103.45413160491744,5272.1649852212995,0.0009254176936348557,5.0
418,103.20726610402843,4993.351739961622,-0.002389083022234395,5.0
419,103.59741174253601,4558.627173638307,0.0037730877794350803,5.0
420,103.56383931501088,4962.711352771402,-0.00032411879777427544,5.0
421,103.83532174179669,4370.961508219538,0.002617971841922362,5.0
422,104.29678980916043,5248.250847245623,0.004434383720107071,5.0
423,103.78938670625335,4690.707880154967,-0.004876865124523455,5.0
424,104.01642602839712,4804.689309642606,0.0021851112776225534,5.0
425,104.25384421293258,5027.01792286757,0.0022799056927462757,5.0
426,104.3200564236229,4482.934820211845,0.000634904105570655,5.0
427,104.61941935186172,4593.642236188861,0.0028655488100177706,5.0
428,105.18353102566797,4870.821377586028,0.005377551004008829,5.0
429,105.02107980877551,4814.369135069607,-0.0015456487713505496,5.0
430,104.64799313522168,5376.832254556966,-0.003558818304320255,5.0
431,104.12733561709703,4646.298948869102,-0.004987740655242767,5.0
432,104.0108969630221,4555.352906163884,-0.0011188589888408984,5.0
433,104.04205340206045,4842.996400741522,0.00029950490215657766,5.0
434,103.37869469449171,4829.2595554999925,-0.006396283643658407,5.0
435,103.5965131885698,4574.318807766074,0.0021047793764186196,5.0
436,103.8226677452509,5287.083032106061,0.0021806531612105218,5.0
437,103.95549200859278,4727.070032543379,0.0012785201446803285,5.0
438,104.11243107488329,4167.522942218809,0.0015085371519711899,5.0
439,104.53465850872115,4572.587128335985,0.00404729355239386,5.0
440,104.48647409147333,4561.971988521675,-0.0004610482921219017,5.0
441,104.78799736223763,5078.539840637613,0.0028816078455768945,5.0
442,104.43330298285069,5181.035074443954,-0.0033906176723652592,5.0
443,104.65213774187325,4651.23953949135,0.002093257552226113,5.0
444,105.39121171246204,4501.340764050167,0.007037376072180912,5.0
445,105.32472382373815,5164.850926790155,-0.0006310665660977932,5.0
446,105.10455834565036,4779.686875691914,-0.0020925372757520933,5.0
447,104.77720922937141,5264.982261686811,-0.003119369400204519,5.0
448,104.44989852282711,4975.569254820892,-0.003128762587874867,5.0
449,104.48561766761706,4760.6662132992915,0.0003419154942081448,5.0
450,104.15943613160906,5132.712687234971,-0.003126666995445504,5.0
451,104.13372859923541,4281.800157871283,-0.00024683990506702,5.0
452,103.97425733843616,4648.02188732294,-0.0015325821476253054,5.0
453,103.85589244108124,4873.010104600397,-0.001139054273676443,5.0
454,103.44752389857557,4502.856952638884,-0.003939819979303927,5.0
455,103.73579284162929,5332.150025756876,0.0027827446110126886,5.0
456,103.13662447547256,4928.3774391954885,-0.005792652779352814,5.0
457,103.47495994639796,4424.519377949578,0.0032750900613214284,5.0
458,103.46465260689125,5357.728798109433,-9.961688231729937e-05,5.0
459,103.31875836825502,4621.40504800955,-0.0014110828538553832,5.0
460,103.73108363555468,5051.359480281566,0.003982865269310132,5.0
461,103.99547747452488,4350.889858947985,0.0025455962909246566,5.0
462,104.13773249007664,4015.1607050126568,0.0013669614544191688,5.0
463,103.94525648378855,5387.070799549838,-0.001849993237146741,5.0
464,103.36364274168446,4712.29461778666,-0.005611097934118625,5.0
465,103.62348583269159,4535.698494557478,0.002510718703087278,5.0
466,103.42363925967807,5351.831417153757,-0.0019304458826656656,5.0
467,103.74136493210754,5246.2676965822175,0.00306737059945128,5.0
468,103.9101605507264,4723.311964326486,0.0016257588804595713,5.0
469,103.85947037807931,4916.265575674684,-0.0004879459372979511,5.0
470,103.82366255063323,5167.999854209252,-0.00034483135241636376,5.0
471,104.45410577093216,4287.481816167822,0.006053888044162292,5.0
472,104.0195152313418,5007.916436605305,-0.004169267718706848,5.0
473,104.149411027626,5158.53641308111,0.0012479846582067466,5.0
474,103.92399724679507,4623.026605084867,-0.0021666763752641316,5.0
475,103.51262554622406,4838.971268138658,-0.003966245056532536,5.0
476,102.99594572213668,5112.1375343957825,-0.0050039656856659676,5.0
477,102.6004821065672,5579.948189479883,-0.0038469939138856546,5.0
478,102.65294277888832,4346.4592469347235,0.0005111795186145685,5.0
479,102.73143682497398,4991.912015813369,0.0007643624121635995,5.0
480,103.04052873253133,4875.1672932992005,0.003004220124849688,5.0
481,102.80143644930314,5059.703414220857,-0.002323067509985677,5.0
482,102.89785656524708,5356.337700677284,0.00093748618765499,5.0
483,102.89431482050438,4656.18653278748,-3.442059743363757e-05,5.0
484,103.04735122343192,4967.8568864202225,0.0014862114504223811,5.0
485,103.00464551837872,4935.976832048628,-0.0004145138735847098,5.0
486,103.03352590432031,4493.245625561176,0.0002803401518400861,5.0
487,103.00518301999682,4888.9938534493485,-0.0002751219384968806,5.0
488,102.78035706906292,4901.189084552719,-0.0021850518776806993,5.0
489,103.28827595130036,4812.185335215775,0.00492961886898069,5.0
490,103.18838936109547,5119.630700431203,-0.0009675340101598096,5.0
491,103.4584634465709,4509.264917083084,0.002613872271225226,5.0
492,103.23536678381626,4653.02430505523,-0.0021587170661350186,5.0
493,103.64274016834814,4455.911390263664,0.003938298905284299,5.0
494,103.4852269971887,4380.887819372393,-0.0015209264463740269,5.0
495,103.73590202111184,5071.660277414121,0.002419397552628766,5.0
496,103.29652028832668,4611.476362969795,-0.004244575681021878,5.0
497,103.13508871293783,4873.8932072713615,-0.0015640202493907296,5.0
498,103.23263958645951,5068.196571019085,0.0009454082921926954,5.0
499,102.92261048598176,4488.891169431817,-0.003007726789300058,5.0
500,103.09214912157015,5166.501336078095,0.001645888616756963,5.0
0,100.0,0.0,,10.0
1,99.88521016475406,4945.66718352412,-0.0011485576923924157,10.0
2,99.85109699413817,5570.144029722901,-0.00034158207321244305,10.0
3,99.69465689590058,5114.093309613726,-0.0015679625072309022,10.0
4,100.03466426579944,5432.295106136567,0.0034046848641438032,10.0
5,99.90663816726685,4681.336346398925,-0.0012806370116811294,10.0
6,100.1989763614954,4905.999958964394,0.0029218410777227533,10.0
7,100.0425421501387,4263.227602612349,-0.0015624556220332764,10.0
8,100.18648528058557,5032.170960823658,0.0014377850913103174,10.0
9,99.48140855079674,4571.797658262594,-0.007062524144282101,10.0
10,99.53907351871887,4234.685987804611,0.0005794877887561611,10.0
11,99.65408402588353,4891.624165425413,0.0011547637615940687,10.0
12,99.28854673939685,5368.947920997767,-0.003674805107760193,10.0
13,99.241074932304,5508.8359699870825,-0.0004782340045572653,10.0
14,99.9582951411675,5446.139592927428,0.007201060002348214,10.0
15,99.85685062212742,4221.308176893588,-0.00101538376751531,10.0
16,99.87772488315014,4424.605035894995,0.0002090200061344305,10.0
17,99.88059193566346,5139.325380768064,2.8705212971047445e-05,10.0
18,100.18698677057301,5302.264229232392,0.00306291580501572,10.0
19,100.5064659033418,5015.805573230659,0.003183755108833175,10.0
20,100.7229693575048,4750.895294162732,0.0021518078348883307,10.0
21,100.90334947770486,5277.971070410508,0.0017892522103757358,10.0
22,101.1317535282915,4772.502777739649,0.0022610342905133862,10.0
23,100.92557622492279,4537.782551425144,-0.0020407809523916853,10.0
24,100.51142303296677,4759.344219670588,-0.004111993099980005,10.0
25,100.17225018859403,5155.317439171492,-0.0033801769906398604,10.0
26,100.17165549901537,4648.711317404315,-5.936687483831804e-06,10.0
27,99.83761570774658,4649.644548248888,-0.003340246177925721,10.0
28,100.06926626899372,5177.302439805127,0.0023175856943327133,10.0
29,99.97298152859355,5256.476927347143,-0.0009626441303840494,10.0
30,100.23307069083671,4503.039522265405,0.0025982162444719847,10.0
31,100.13173999432013,5659.678134135626,-0.0010114620906636063,10.0
32,100.34194070087236,5092.427370775432,0.0020970411961762636,10.0
33,100.14120878082937,5270.59884585372,-0.002002482379579007,10.0
34,100.22261911247497,4755.398113823325,0.0008126250828963677,10.0
35,100.3860761313939,4372.060073417379,0.0016296108689974886,10.0
36,100.23151339167303,4491.615807472799,-0.0015408695784815407,10.0
37,99.92701459847446,5536.148968734358,-0.0030425786116508036,10.0
38,99.73704288131782,4632.990255522939,-0.0019029140936011046,10.0
39,99.77701889160467,5193.011144769844,0.00040073376750093814,10.0
40,99.95260757772948,5270.452013817002,0.0017582642541791316,10.0
41,99.88409808194015,5168.748114264218,-0.0006856548024769538,10.0
42,99.63544627125633,5534.539886388063,-0.0024925070896779644,10.0
43,99.74900205025614,5334.205859327552,0.0011390636755646,10.0
44,99.65000184758779,4872.883718671927,-0.0009929860116431044,10.0
45,99.78776643924009,4535.449029072628,0.0013815298350703387,10.0
46,99.36553659612976,5735.100974526839,-0.004240255816074345,10.0
47,99.05807544802967,5026.933734370254,-0.0030990403914668008,10.0
48,99.02113699811841,5100.100189070933,-0.00037296644997031336,10.0
49,99.24327667060119,5362.678618943227,0.0022408435414735806,10.0
50,99.15925709760333,5506.828944845352,-0.0008469607360819253,10.0
51,99.02355087498188,5224.030568498011,-0.001369505712629504,10.0
52,99.22106032759572,5120.976715349274,0.0019925839775902787,10.0
53,99.40335939190777,4395.412508073627,0.001835616343220714,10.0
54,99.6747769592584,4781.289805223791,0.002726745794332963,10.0
55,99.55433067997637,4607.4856120379345,-0.001209123459752881,10.0
56,99.12330440604828,4632.215189803532,-0.004338957930213105,10.0
57,99.04972871438714,5173.814808119015,-0.0007425399297096291,10.0
58,98.60783604914971,4936.423093511802,-0.004471302699485591,10.0
59,99.00463348030124,5157.355125198576,0.0040159203048188985,10.0
60,99.588688473976,5185.310545965779,0.005881936731953807,10.0
61,99.30016073059404,5115.671885288529,-0.002901398916438147,10.0
62,99.81919388721688,5413.7564709507815,0.005213298658615528,10.0
63,99.60090286293453,4751.528640846694,-0.0021892589064602674,10.0
64,99.879100426952,4959.389336006165,0.00278922939431947,10.0
65,99.66537525488569,5288.271641130406,-0.0021421315028966603,10.0
66,98.90150755624781,4711.586816822793,-0.0076938455792037175,10.0
67,98.91742643019677,4707.605207198738,0.00016094388603260512,10.0
68,98.82351682710191,4749.672426562571,-0.0009498246403412125,10.0
69,99.22364848813264,5041.750645590054,0.004040776901153009,10.0
70,99.35265311356392,5159.470743320088,0.0012992954601251938,10.0
71,99.46308085466939,5001.7111704765475,0.0011108552653960047,10.0
72,99.12208601587082,4563.018186503838,-0.003434246165658905,10.0
73,99.21779035045984,4556.22555466129,0.0009650539646397505,10.0
74,98.7303502547109,4804.077920847896,-0.004924937203218072,10.0
75,98.76574890389712,4997.962405440828,0.0003584744176325927,10.0
76,98.39882409606656,5220.110101664387,-0.003722019892770767,10.0
77,98.58473060205495,5300.13212919304,0.0018875338245232243,10.0
78,98.93095759342958,4828.6247048967125,0.003505821225184391,10.0
79,98.90366829168656,5125.59548160138,-0.0002758799355175867,10.0
80,99.13002103499878,5083.361982241586,0.0022860033831104687,10.0
81,99.29088932178752,4643.584503349666,0.0016214855757477054,10.0
82,99.3940014989775,5425.015620547594,0.0010379469321621926,10.0
83,99.70485980124302,5425.160009815821,0.0031226552762086968,10.0
84,99.84160564070625,5265.466633275066,0.0013705666052894472,10.0
85,99.67015352780577,4532.822983142624,-0.0017187172908572634,10.0
86,99.78805402122777,4698.161001463258,0.0011822076273757531,10.0
87,99.30106241881585,5494.444194105985,-0.0048922068911814165,10.0
88,99.22354698981303,4671.202312093964,-0.0007809151034017248,10.0
89,99.27571680462407,4421.065351561255,0.000525642413125027,10.0
90,99.61079154166327,5393.391371276846,0.0033695101477784206,10.0
91,99.3585537994918,5390.781958438771,-0.002535444611976523,10.0
92,98.970729108543,4679.340444464807,-0.003910922074513046,10.0
93,98.65514557385387,4688.340848880964,-0.003193749841140736,10.0
94,99.17521730436071,5285.125117133607,0.005257766512849038,10.0
95,99.45516227874317,5084.207572934992,0.00281875471743831,10.0
96,99.34209693283182,4563.7830833128955,-0.0011374941339834521,10.0
97,99.0157505240496,5213.12212431988,-0.0032904844191454785,10.0
98,98.66083348419203,5035.42699823501,-0.0035908898670120593,10.0
99,98.56555742614817,3966.1979966418508,-0.0009661593969800819,10.0
100,98.61331497438628,4548.75911059289,0.0004844083809851796,10.0
101,99.19236399396019,5252.471546714532,0.0058547426610502384,10.0
102,99.47417593571117,4645.747725119754,0.0028370366833883054,10.0
103,99.56123441384787,4824.660233666793,0.000874803971171012,10.0
104,99.59891262184671,4479.323334370979,0.00037837096436366124,10.0
105,99.75128461223804,5598.766575236213,0.0015286869256048163,10.0
106,99.1561876696329,4688.3901541563455,-0.005983673829499381,10.0
107,99.07668032861989,5272.891619989619,-0.0008021610752972919,10.0
108,98.51996384659292,4891.8722544550355,-0.005634892813311865,10.0
109,98.6813223537925,5982.643736230966,0.0016364857077713069,10.0
110,98.5767853695084,4528.3469505517405,-0.001059900607147668,10.0
111,98.42711354594297,4829.892129562496,-0.00151948111876532,10.0
112,98.59266545507406,4479.0292702886945,0.0016805617074018286,10.0
113,98.12481222001358,4949.003896608819,-0.00475660955702395,10.0
114,97.79988089489507,5388.868027282584,-0.003316903222930101,10.0
115,97.93127259861154,5186.1429751654605,0.0013425734340959394,10.0
116,97.82524704780144,4576.036222694856,-0.001083239131643765,10.0
117,97.65796814022447,4705.216001629079,-0.0017114405269680333,10.0
118,97.33338437359845,4864.955643128886,-0.0033292149855856934,10.0
119,97.39670744756117,5763.3481348879695,0.0006503676509632683,10.0
120,97.44522752833414,4517.37657649645,0.0004980455750649426,10.0
121,96.92936713773773,4889.824813469625,-0.005307911794060871,10.0
122,97.05931480937429,5106.114550611429,0.0013397450796546195,10.0
123,97.52862808041883,5062.48641985256,0.004823671745180391,10.0
124,98.03066414655189,5218.405000379786,0.005134372939235909,10.0
125,97.93829420261484,4688.405285419296,-0.000942699818948789,10.0
126,98.15734539126682,4727.893700078547,0.0022341269823087373,10.0
127,98.6733022508414,5430.943467951996,0.005242659591193188,10.0
128,98.22957168709105,5463.679766125811,-0.004507108566153661,10.0
129,97.66677832323151,5293.612963721837,-0.00574584378117482,10.0
130,97.70732083198855,5432.923260414948,0.0004150244020495464,10.0
131,97.79619546024665,4282.80018154509,0.0009091870679958092,10.0
132,97.65162001403051,5198.649091030265,-0.0014794278691194762,10.0
133,97.73330696151626,5180.661235585707,0.0008361643194243484,10.0
134,97.20637071801475,5109.950255598433,-0.005406159824939749,10.0
135,97.29148094632015,4848.397600292728,0.0008751791653178742,10.0
136,97.15461828899562,5175.708331831664,-0.0014077184419143407,10.0
137,96.93411563035919,5435.761447942863,-0.0022721849852045395,10.0
138,96.99769950166056,4989.152760491962,0.0006557343212243438,10.0
139,97.0466514198672,5377.717238460034,0.0005045436160617811,10.0
140,96.94431484193659,5390.609205952363,-0.0010550654950156613,10.0
141,97.06111324748228,4833.3667823424,0.0012040737293492754,10.0
142,97.07436078643296,4920.40897142918,0.00013647726194498944,10.0
143,96.49233050622864,4437.75452848543,-0.006013762289642344,10.0
144,97.04366482298,4675.73077604681,0.00569750146211323,10.0
145,97.3272329387786,5280.225421054323,0.0029178063202452975,10.0
146,97.27135715232045,5071.444981518167,-0.0005742671410677858,10.0
147,96.86378413059934,5069.08122481027,-0.004198864953929515,10.0
148,96.80963660463341,4742.955106508655,-0.0005591632261277013,10.0
149,96.80954479603416,4831.179458361481,-9.483419836087137e-07,10.0
150,96.32826225050212,5251.932633346202,-0.004983835625875344,10.0
151,95.54107710620558,4862.383994629265,-0.00820547528525406,10.0
152,95.98887824499181,5345.43400382714,0.004676051366615752,10.0
153,96.13395671628035,5269.879647021663,0.0015102681458323275,10.0
154,96.15018075427699,4428.643419930863,0.000168750665015871,10.0
155,95.93665503656052,4983.256482978435,-0.0022232216464708188,10.0
156,96.29926069522989,5246.050693094381,0.0037725113679663025,10.0
157,96.51452061176454,4712.675240077399,0.002232828011643484,10.0
158,97.00982313314593,4686.466472483864,0.005118773104019425,10.0
159,96.68577640674266,5023.144034675923,-0.003345941048637613,10.0
160,96.64866221237068,5238.360105447129,-0.0003839377515246767,10.0
161,97.08160018391894,5012.218275385941,0.004469499879943939,10.0
162,96.77674809887225,5207.38820005781,-0.003145104031253787,10.0
163,96.34026004005008,5751.934120252177,-0.004520459449065761,10.0
164,96.26244493068225,5210.5903755307145,-0.0008080375985750621,10.0
165,96.33133530727113,5135.842231141353,0.0007153956835148634,10.0
166,96.16899857843498,5171.533271074333,-0.00168661283897098,10.0
167,96.1184559030825,5077.078034079898,-0.0005256991586142234,10.0
168,96.17086878968824,5456.244969226047,0.0005451461019747583,10.0
169,96.22234305938836,5185.275071865052,0.0005350944602833252,10.0
170,96.34801398762312,4888.261557052533,0.0013051951297411435,10.0
171,96.51745055312492,5007.795436448944,0.0017570445750436647,10.0
172,96.39021532635681,5012.410161709524,-0.001319131042701649,10.0
173,96.74258141587953,5212.455375454857,0.0036489553969314414,10.0
174,96.2689460767273,5384.326581396093,-0.004907854945359169,10.0
175,96.22126046847819,5817.9906391655495,-0.0004954601076123666,10.0
176,95.98177068931108,5133.161085648677,-0.0024920512612816026,10.0
177,95.77057474481418,4907.437226397355,-0.002202799964902802,10.0
178,95.81246536906292,4828.027357306749,0.00043731036830241266,10.0
179,96.01950560780304,5235.19851529966,0.0021585590564034973,10.0
180,96.2406920619426,5059.072228090359,0.002300908398138013,10.0
181,95.96487285576539,5817.155180204014,-0.0028700458868184953,10.0
182,95.82403111923773,4678.441174851154,-0.0014687164786533202,10.0
183,95.6568864240315,5228.819268708876,-0.0017458109121628596,10.0
184,95.68450914411734,4910.118865684973,0.00028872707022653543,10.0
185,95.7463895497991,5056.092810147361,0.0006465038638934217,10.0
186,95.52718363122239,5370.528773064412,-0.0022920679621236673,10.0
187,95.13335774091296,5144.175734552932,-0.004131179399598395,10.0
188,94.78210814388828,4818.474455708891,-0.0036990141470774063,10.0
189,94.50446228151606,5287.670368434161,-0.0029336054942250556,10.0
190,94.61754203550129,5335.13490533709,0.0011958393511024568,10.0
191,94.34566140278898,4810.440027422114,-0.002877605961127294,10.0
192,94.75541959639226,5315.621347740515,0.004333754548184743,10.0
193,94.8197741661908,5303.231707502859,0.0006789345271744907,10.0
194,94.9243548268243,5277.37492822742,0.001102333671966882,10.0
195,94.95650309376617,5652.390061927264,0.0003386151463722342,10.0
196,95.10973274962986,5486.206148761366,0.0016123820033646652,10.0
197,94.88263442873007,5321.726521483331,-0.0023906058167284527,10.0
198,94.92097697151821,5189.883531755917,0.00040402332734146285,10.0
199,94.74348391210015,5239.400938155006,-0.0018716538713219322,10.0
200,94.79757477439077,4800.413364835785,0.0005707561636922875,10.0
201,94.54283333612722,4638.136322606606,-0.002690831761818835,10.0
202,94.20919916992587,4720.971376714843,-0.003535162077294096,10.0
203,94.08641658530846,5146.266774159787,-0.001304147221137697,10.0
204,94.02412167474637,5566.07125912336,-0.0006623224133592842,10.0
205,93.67899213430542,4718.98089213696,-0.003677402280416686,10.0
206,93.55271633305735,5729.369839255113,-0.0013488721694399075,10.0
207,93.95530418282694,4659.712596241285,0.0042940933116302205,10.0
208,94.75781847924428,4958.368930534342,0.008505175716258861,10.0
209,95.23130022599925,5246.3887420881465,0.004984314156748937,10.0
210,95.61760945255736,5010.35595399104,0.004048330742993045,10.0
211,95.92110714746649,4886.427041594333,0.003169050668144102,10.0
212,96.11954560905514,5292.940517153982,0.0020666304698222504,10.0
213,96.2734539245635,5298.493005942217,0.001599937094516335,10.0
214,96.6265944893744,5197.720614450689,0.00366138798019211,10.0
215,96.74006784531353,4773.181776426794,0.0011736601086731469,10.0
216,96.78724287233075,5264.931939881792,0.00048752837805388083,10.0
217,96.64442514119914,5222.922163911736,-0.0014766739960450082,10.0
218,96.82212742088579,5134.722018497231,0.001837034126132231,10.0
219,96.906074932081,5452.757993479979,0.0008666525103722122,10.0
220,96.29013942478332,5207.527579364222,-0.006376290510574201,10.0
221,96.09032366519946,4876.660403403304,-0.002077298580402953,10.0
222,96.2781575024221,4619.80921820947,0.001952855226353023,10.0
223,95.7972257550305,5591.747764454104,-0.005007750022771873,10.0
224,95.93273054927803,4235.9663123643295,0.001413496559647065,10.0
225,96.24062705806757,5351.478029806621,0.0032043648097594968,10.0
226,96.71892018062542,4642.931468017043,0.004957454647468218,10.0
227,97.1044578056396,4801.912026781379,0.0039782418147140675,10.0
228,97.26527987909608,4923.609214429526,0.001654806062625802,10.0
229,97.11334623163826,5325.182546034151,-0.0015632755662435827,10.0
230,97.00885583413583,5484.176731444419,-0.001076542574543815,10.0
231,97.01728716393092,5136.468927525326,8.690921408938124e-05,10.0
232,97.10634201156242,4503.376523801591,0.0009175065833781915,10.0
233,97.21245012007701,4865.468286060002,0.0010921035263420364,10.0
234,97.35872344246943,5615.095946567333,0.001503545949486984,10.0
235,97.70230172829649,5095.583546511992,0.0035227810460138897,10.0
236,97.30157807008366,5099.3315210697665,-0.004109910250924109,10.0
237,97.19984427581403,4422.442308462445,-0.0010460982991293832,10.0
238,97.03141581439999,4450.383124163193,-0.0017343089217742857,10.0
239,96.85811423978396,4545.922019429379,-0.001787632583546639,10.0
240,96.97618536647201,4792.8885198735115,0.001218268815489587,10.0
241,96.86128053246037,4794.473223170602,-0.0011855793402784087,10.0
242,96.9116989743967,5332.201680565869,0.0005203867247383087,10.0
243,96.66188876330247,4662.649999050992,-0.002581037554709731,10.0
244,96.55526538181182,5220.022599586289,-0.0011036638313539626,10.0
245,96.84762665432734,5718.434807567516,0.0030233415036748923,10.0
246,96.74958185107778,4588.258823604104,-0.001012874228803362,10.0
247,96.43737169147039,4903.719029763978,-0.0032322103091537713,10.0
248,96.84293637209765,5507.111077951204,0.004196653864233291,10.0
249,96.68641177667239,5297.342466916137,-0.0016175802900413316,10.0
250,96.71067983972466,4687.17123541341,0.0002509661647636108,10.0
251,96.96458132498012,5138.664756975512,0.002621931465927929,10.0
252,96.8608476182589,5034.745416033181,-0.0010703829439817625,10.0
253,96.77836790297044,5194.781555975076,-0.0008518906674410687,10.0
254,96.88335276601322,5007.046221437218,0.0010842088252065452,10.0
255,96.81111105027732,4552.797939407012,-0.0007459347847351694,10.0
256,97.12704364587317,5592.655477296417,0.003258078592750735,10.0
257,97.38240597492788,4594.200701047372,0.002625707658578058,10.0
258,97.74388958391346,4767.7181829317,0.003705128737126806,10.0
259,97.74180790575386,5035.641916109281,-2.1297498348005206e-05,10.0
260,98.19209633368177,5055.892191427977,0.004596337958154173,10.0
261,97.98960704624295,4852.241844649624,-0.002064304222633595,10.0
262,97.83752345542369,4320.286648770412,-0.0015532436287619689,10.0
263,97.83223128223439,5199.264991239359,-5.4092909736347394e-05,10.0
264,97.7301836685716,4725.286375072956,-0.0010436322639062467,10.0
265,98.17812245950708,5250.974954327312,0.004572951299430805,10.0
266,98.04493406716833,5406.362457176,-0.001357520519253086,10.0
267,98.33521902354212,5354.765476352707,0.0029563595223942585,10.0
268,98.57167166125245,5135.379025846321,0.0024016706631577733,10.0
269,98.5382024858118,4928.724808225349,-0.00033959917946457807,10.0
270,97.98756469413256,4760.413604335312,-0.005603735739089011,10.0
271,98.07636117386677,5259.1511766253925,0.0009057911638992167,10.0
272,98.53492706197945,5329.467310030792,0.004664703880832732,10.0
273,98.36757330718629,5417.805137948137,-0.0016998646007779783,10.0
274,98.1721309684213,4536.341084337064,-0.0019888337972959746,10.0
275,98.37088651708346,4980.507548018183,0.002022515161890226,10.0
276,98.16070245816564,4565.604263415258,-0.002138934917762292,10.0
277,97.97360680903495,5335.319760370656,-0.0019078325110921668,10.0
278,98.58139793988637,5330.223425139333,0.006184457819683686,10.0
279,98.26576462170648,5298.420926132254,-0.003206889899493248,10.0
280,98.8065560566596,5368.050384880963,0.005488267358155774,10.0
281,98.77533796926501,5295.053877768985,-0.0003160015021448359,10.0
282,98.73319909657796,4769.693982138239,-0.00042670432329039443,10.0
283,98.77158701492098,5277.416894987236,0.0003887289982404951,10.0
284,99.07509377603867,5343.779505486854,0.003068103017816348,10.0
285,99.30783648124599,4898.74809851361,0.002346399578710745,10.0
286,99.25074647219185,4592.923105350415,-0.0005750445010050953,10.0
287,99.50994218916017,4973.087881096159,0.002608120002411063,10.0
288,99.27672718906219,4786.257417296653,-0.00234638577954005,10.0
289,98.85944955889035,5162.149988064927,-0.004212034913956053,10.0
290,98.96531811837698,5091.574072340173,0.0010703267425666851,10.0
291,99.43112810760428,4884.065444984262,0.004695757953524726,10.0
292,99.53030483092266,5105.916582123091,0.0009969442827983954,10.0
293,99.47283997062641,5652.998111310407,-0.0005775271737622489,10.0
294,99.92292237760678,5532.8248172751555,0.004514470779983348,10.0
295,99.98743730336487,5357.283400799176,0.0006454385665737306,10.0
296,99.89761379484847,5160.831526955778,-0.0008987516982310595,10.0
297,99.7385246461026,4634.5173629098235,-0.0015937914213761672,10.0
298,99.95087372833697,5393.412227612289,0.0021267945519927167,10.0
299,99.92504035959875,5544.479167270481,-0.0002584940661805035,10.0
300,100.21890747441543,5075.787170841239,0.002936559702897412,10.0
301,100.95349169135453,4306.228361359584,0.007303064286032779,10.0
302,100.94481424655967,5436.84952826611,-8.59585696861842e-05,10.0
303,100.62198868754265,4732.133095242571,-0.0032031647110608574,10.0
304,100.78236305121843,5519.653802985037,0.0015925613939034022,10.0
305,100.78613119906905,4944.570544875246,3.738826213961488e-05,10.0
306,100.51548890841808,5604.47680478866,-0.002688924744625787,10.0
307,100.55948699544322,5076.2518447158645,0.00043762867586671916,10.0
308,100.44055025585892,4448.489986344704,-0.0011834500639125167,10.0
309,100.36570107581215,5165.174513654357,-0.0007454865873635086,10.0
310,100.10619926097786,5016.2586589751445,-0.002588911057759269,10.0
311,99.91289922056202,4874.799327424667,-0.0019328164366347877,10.0
312,99.93043167166306,5259.479881580325,0.0001754619588023587,10.0
313,100.00538081641548,5077.061873532878,0.000749732099822431,10.0
314,100.3257921894301,4494.810703210902,0.0031988196487144904,10.0
315,100.47208689680053,4939.936453220215,0.0014571342478424398,10.0
316,100.61224999299722,4937.302157810874,0.0013940729652492934,10.0
317,100.86237976131612,5027.3119314645155,0.002482991502535725,10.0
318,101.16436388463795,4968.600642893208,0.002989548242817719,10.0
319,102.03038976987112,5539.860415707982,0.008524148517791375,10.0
320,101.77177699007166,5224.293381466043,-0.0025378819344066272,10.0
321,101.99196946621191,4913.139018151484,0.0021612535662489663,10.0
322,101.20323692897905,5094.7531182777475,-0.007763337655370961,10.0
323,101.26752163846972,5166.012057410856,0.0006350024280603606,10.0
324,101.63308377524035,5374.5531637112645,0.0036033656141221115,10.0
325,102.324722797861,4674.050974896323,0.006782203490256933,10.0
326,102.28279005306615,4562.089412877229,-0.0004098847085094448,10.0
327,101.97225475539008,4528.370397337121,-0.003040664549807559,10.0
328,102.00407250868363,4670.023704010149,0.0003119749627655821,10.0
329,102.06999486920485,5344.553667966816,0.0006460631050400067,10.0
330,101.62414872193857,4919.435046113256,-0.0043776109749904535,10.0
331,101.75716659695532,4610.167298502879,0.0013080640547009637,10.0
332,102.0539032409947,4719.959098239879,0.0029118816161046723,10.0
333,101.98686353640528,5067.778622495411,-0.0006571207123027278,10.0
334,101.83120563627396,4990.891326891151,-0.0015274203217190419,10.0
335,101.28550721935616,4995.632095708022,-0.005373262713770366,10.0
336,101.44263166513464,5372.57916462595,0.0015501003275097958,10.0
337,101.363826623145,4847.36144595315,-0.0007771453297982234,10.0
338,100.97608889244036,4418.274812987558,-0.0038325429198682315,10.0
339,100.71345759627727,5339.422758078632,-0.002604313899015942,10.0
340,100.95150671552321,4918.667511815542,0.002360838736896298,10.0
341,101.9560025696182,5064.32296730115,0.009901102858818511,10.0
342,101.73310084691002,4806.023016468504,-0.0021886473841519205,10.0
343,101.34933333804622,5068.850032283831,-0.0037794304290095226,10.0
344,101.30986956947724,5484.77391275151,-0.0003894594324025391,10.0
345,101.63415988014762,5367.585616564962,0.0031958623031416167,10.0
346,101.22420147501816,5182.901875167799,-0.004041824655316439,10.0
347,101.31045761089415,5208.003958344642,0.0008517667196343837,10.0
348,101.37577529874397,5094.838125558601,0.0006445202436626829,10.0
349,101.34555658648586,4945.555282352706,-0.000298130563773924,10.0
350,100.88400561766647,4651.753614512152,-0.0045646320467662704,10.0
351,101.61163054239326,5811.301108382986,0.007186604809631625,10.0
352,101.22144256005573,5307.545188899021,-0.0038473850213698313,10.0
353,100.51508215359867,4626.682359011842,-0.0070028299941711225,10.0
354,101.02336192414728,5069.280627161549,0.005044008854122595,10.0
355,101.17438941689915,4587.298365591681,0.0014938595492424156,10.0
356,100.88362244752207,5599.325853946621,-0.0028780563304664497,10.0
357,100.91685119107116,4966.259797005966,0.000329322753809258,10.0
358,100.87273380359949,5279.514145260934,-0.00043726130043530986,10.0
359,101.16897321847055,4623.6260632436,0.002932460149199123,10.0
360,101.21243045807933,5398.265136839673,0.0004294588286004597,10.0
361,101.63635456084938,5065.2210667008785,0.004179711698966138,10.0
362,101.78783212969633,4758.973547482537,0.0014892781365754004,10.0
363,102.06926174907298,5023.994982785831,0.002761049839466345,10.0
364,102.22354126308622,5203.194520603062,0.001510376685497583,10.0
365,102.0101303234448,4964.629981900254,-0.0020898710350483185,10.0
366,101.79551128299592,4616.399627570827,-0.0021061155921868746,10.0
367,101.88624858042843,5280.571720009809,0.0008909713220850435,10.0
368,102.05432869076509,5113.551510728079,0.0016483247291088077,10.0
369,101.92955409037988,4696.690360131924,-0.001223377202610898,10.0
370,101.47383902848767,4350.23612911979,-0.004480906807025065,10.0
371,101.72575194264913,5371.311697589652,0.0024794640778109667,10.0
372,101.98516405521049,4585.004139541789,0.002546866489842259,10.0
373,101.93833862656777,4936.734828256423,-0.0004592450487548305,10.0
374,101.3632553838365,4769.377659976982,-0.005657454673787754,10.0
375,101.09818979647972,4877.842808950887,-0.0026184317568764826,10.0
376,101.15750996435553,4621.873541400885,0.0005865858875360175,10.0
377,101.51046431697131,4846.421240905342,0.0034830832123358135,10.0
378,101.48293177626203,5320.687235281596,-0.00027126538506205833,10.0
379,101.57918374218245,5049.612784863651,0.0009480052237540448,10.0
380,101.71047958532004,4853.907654363073,0.001291712123915545,10.0
381,101.86449629360352,5506.3882650727555,0.0015131205297125305,10.0
382,101.68857234405284,4787.848600183866,-0.0017285319698752133,10.0
383,101.56629548143644,4744.234406806592,-0.0012031876891889226,10.0
384,101.80402716844377,4763.411681031743,0.002337920225468082,10.0
385,101.64039688461159,5356.1122741941,-0.0016085996937773572,10.0
386,101.66157876125334,4932.44072373567,0.0002083784641158104,10.0
387,101.74391220333476,5286.024170699388,0.0008095498915743349,10.0
388,101.38336718786286,4950.6142535990175,-0.003549945582771663,10.0
389,101.36283770319409,4439.715169228733,-0.00020251412104066446,10.0
390,101.39817557554944,4838.952888728223,0.0003485667401408321,10.0
391,101.25404469732732,5483.315263211585,-0.001422445826947616,10.0
392,101.49425846957611,4985.772126184744,0.0023695772629865886,10.0
393,101.15136013604955,5250.610947356423,-0.003384219833146851,10.0
394,101.11083388524017,5446.529066136039,-0.00040072986993777704,10.0
395,100.91559178899699,4951.320754603151,-0.0019328378094565224,10.0
396,100.60827779084883,4526.079945415462,-0.0030499040833849023,10.0
397,100.11488818704645,4719.513332338188,-0.004916130084922088,10.0
398,100.4476181289845,5085.547992484892,0.003317970574856055,10.0
399,100.88761797988357,5123.2085839564215,0.004370825096356334,10.0
400,100.91109566525105,5697.727077202601,0.00023268419356448078,10.0
401,101.30371530390606,4499.0667700864415,0.0038831985663163593,10.0
402,101.5864716156942,5088.207834122156,0.002787286059926508,10.0
403,102.4799102869986,5240.595511383525,0.008756409278642074,10.0
404,102.86127303462435,4943.010732586708,0.0037144344834221243,10.0
405,102.44336714286307,4759.938492144351,-0.004071086445865291,10.0
406,102.44023580537987,4841.378585319104,-3.056698963099791e-05,10.0
407,102.1497865710007,4746.027072736685,-0.002839331323533756,10.0
408,102.19955784836505,4854.9471330774295,0.0004871195304287923,10.0
409,102.4789378314994,4866.7259680922525,0.002729941469569397,10.0
410,102.97323229718484,4774.48761537241,0.0048117809520844546,10.0
411,102.41913107049035,5337.94956523214,-0.005395551829262324,10.0
412,101.90408948049941,5239.115238452112,-0.005041450300843131,10.0
413,102.11433231002518,5739.3763774799245,0.00206101882470211,10.0
414,102.4112893504957,4530.42966131318,0.0029038635524667455,10.0
415,102.44641494075529,5169.964729092741,0.0003429267229693167,10.0
416,102.07951202802593,4485.12623198772,-0.0035878415196552993,10.0
417,102.39280539310036,5383.919326992797,0.003064411008725898,10.0
418,102.6418282020231,4833.101534663791,0.00242908163368849,10.0
419,102.94893092220285,5146.163589443643,0.0029875170450477384,10.0
420,102.81412133687861,4798.527332396036,-0.0013103383054726692,10.0
421,103.22613956216544,5460.314840484018,0.003999400628613259,10.0
422,103.60260330248974,4161.5130524565475,0.0036403466061374345,10.0
423,103.22958046887268,5195.227032799396,-0.0036070134855332725,10.0
424,103.69660119087835,5017.087906889955,0.004513894870443735,10.0
425,103.581853636504,4619.378358555643,-0.001107182762355663,10.0
426,103.95446732462665,4794.5185251674475,0.00359083255184256,10.0
427,103.33404900327832,4990.796657860369,-0.005986054461200929,10.0
428,103.5623133701877,4734.697359597952,0.002206558461512742,10.0
429,103.56710723490977,4998.509229691202,4.628859298616561e-05,10.0
430,103.62232115818044,4786.000753367675,0.0005329801332623063,10.0
431,103.93703415126066,4929.202440696558,0.003032513121748792,10.0
432,103.96702658747454,4748.602487559323,0.0002885218914467913,10.0
433,103.76968316810911,5425.8258642522605,-0.0018999384264937191,10.0
434,103.88632425164306,5015.689805209649,0.0011234069001941904,10.0
435,103.82766463692903,4679.285854070867,-0.000564811417731903,10.0
436,103.64039564654844,5400.830683471903,-0.0018052806873924965,10.0
437,103.7543546352896,4840.593133453101,0.0010989574235162891,10.0
438,103.71641667803775,4816.548906081729,-0.0003657185774610383,10.0
439,102.88547594020686,5104.900396960198,-0.00804392648857366,10.0
440,102.46349440281354,5206.240981267247,-0.004109902578746549,10.0
441,102.5873980975701,5207.016548836976,0.0012085166597026742,10.0
442,102.16736374153027,5288.14589706959,-0.00410281002963675,10.0
443,102.3489921565716,5685.229217276332,0.0017761754261060858,10.0
444,102.80208720371611,4717.5715246199925,0.004417191323328851,10.0
445,103.12648046313751,4537.65646807866,0.003150544204935102,10.0
446,103.19169228670889,5276.0261351449635,0.0006321481513129612,10.0
447,103.29905307171792,4374.14627345998,0.0010398605951742468,10.0
448,102.95956889066473,5283.368589270736,-0.0032918331789684174,10.0
449,103.71619189292171,4737.0247629291725,0.007321868607943927,10.0
450,103.56628057929206,5257.3564607240305,-0.001446444921066714,10.0
451,103.8572483746088,5300.139194333419,0.0028055446519186233,10.0
452,103.92644960621759,5299.331087195928,0.0006660891575211991,10.0
453,103.8085975062772,5481.529304675647,-0.0011346387065849228,10.0
454,103.5446363683191,5273.924385419975,-0.00254600592054377,10.0
455,103.63802862436515,5360.611430108388,0.0009015451401301888,10.0
456,103.75252094748298,4544.371193678355,0.001104122969784349,10.0
457,104.66723333913137,5197.9721671360285,0.008777654189019657,10.0
458,104.65574518041943,5090.525538750399,-0.00010976490784475601,10.0
459,105.00649594572074,4950.007626955078,0.00334586800783665,10.0
460,104.73180180936511,5286.168363398391,-0.0026194004276574034,10.0
461,105.18827974334384,5238.064679583901,0.00434907084737457,10.0
462,105.5179469263652,4205.104258227976,0.0031291666813224595,10.0
463,104.71185696226897,5144.14522567814,-0.007668693017045314,10.0
464,104.8569134275487,5431.110162281589,0.0013843330585485702,10.0
465,104.5049897442193,5058.519101458429,-0.003361872522715359,10.0
466,104.42669522904562,5065.326739672876,-0.0007494748233005666,10.0
467,104.7002167504268,4817.117864939156,0.00261584388885705,10.0
468,104.94135128157951,4815.021119003842,0.0023004468031588843,10.0
469,105.04715119568564,5127.003859359367,0.0010076734850761326,10.0
470,105.0335055223707,4616.640320761487,-0.00012990889829911367,10.0
471,104.25477886766798,4713.792512582512,-0.007441699383416989,10.0
472,104.20452519189757,5197.778702701965,-0.0004821437639410675,10.0
473,103.83132042439387,4894.384251193113,-0.003587892910981161,10.0
474,103.52454051196985,4915.751838113339,-0.0029589724146052987,10.0
475,103.69831371324543,4466.304659358656,0.001677162904244689,10.0
476,103.73222873472176,5102.05250977259,0.0003270012349991802,10.0
477,104.36511799503083,4503.317949318782,0.006082645661631858,10.0
478,104.2260201740323,4819.530216471094,-0.0013336888885842058,10.0
479,104.22700780900033,5057.916144242433,9.475851491913545e-06,10.0
480,103.57888831222124,4881.219891265687,-0.006237759470577586,10.0
481,103.59944414652439,5852.533145881987,0.0001984361407556534,10.0
482,103.10401237265188,4915.576022966278,-0.004793656873781416,10.0
483,103.02936739039801,4544.201612930892,-0.0007242396704736365,10.0
484,103.3877053300872,5212.156879795699,0.003471983154656577,10.0
485,103.08467700339652,4834.975602061325,-0.0029352937263471546,10.0
486,103.55786605127001,5515.172501055357,0.004579791440360914,10.0
487,103.73771963635966,4612.8691864044185,0.001735238400008221,10.0
488,103.78452717300496,4484.267919951449,0.00045110862241237726,10.0
489,103.69781991102894,5345.935246555821,-0.0008358037996210044,10.0
490,103.58914447915934,5033.664645503389,-0.0010485506616042528,10.0
491,103.4308161458105,4801.527489031038,-0.0015295951534373131,10.0
492,103.56936510751292,4890.808684618648,0.0013386363388949718,10.0
493,103.92311501250273,4716.8436335022825,0.0034097645131465626,10.0
494,103.82079514864529,5153.654894683843,-0.000985057728544625,10.0
495,104.07816088803509,5230.084606262741,0.002475874586060023,10.0
496,104.16789283674605,4503.710687499069,0.00086178780014734,10.0
497,104.27538028143444,4439.686719151965,0.0010313353135167347,10.0
498,104.16280057070873,4785.822900864416,-0.0010802216869549852,10.0
499,104.33221081844326,4714.78483114664,0.001625077587116941,10.0
500,104.1526389463672,4753.409089503002,-0.001722637560329865,10.0
